nohup: 忽略输入
[Info] 使用 NCCL stub 库
[Info] 使用设备: cuda
[Info] 发现缓存文件，直接加载...
[Info] 从缓存加载 3466 个样本，num_items=1482
[Info] Loaded KuaiLive dataset with 3466 samples, num_items=1482
[Info] 数据划分: 训练集2426样本, 验证集519样本, 测试集521样本
[Info] 加载文本嵌入: torch.Size([745576, 128])
[Info] HEM3BSR模型参数数量: 99370574

Epoch 1/100:   0%|          | 0/76 [00:00<?, ?it/s]
Epoch 1/100:   0%|          | 0/76 [00:00<?, ?it/s, loss=5.4404]
Epoch 1/100:   1%|▏         | 1/76 [00:00<00:42,  1.75it/s, loss=5.4404]
Epoch 1/100:   1%|▏         | 1/76 [00:00<00:42,  1.75it/s, loss=4.8465]
Epoch 1/100:   1%|▏         | 1/76 [00:00<00:42,  1.75it/s, loss=5.0572]
Epoch 1/100:   1%|▏         | 1/76 [00:00<00:42,  1.75it/s, loss=5.2056]
Epoch 1/100:   1%|▏         | 1/76 [00:00<00:42,  1.75it/s, loss=4.7494]
Epoch 1/100:   1%|▏         | 1/76 [00:00<00:42,  1.75it/s, loss=4.5999]
Epoch 1/100:   1%|▏         | 1/76 [00:00<00:42,  1.75it/s, loss=5.3412]
Epoch 1/100:   9%|▉         | 7/76 [00:00<00:05, 13.16it/s, loss=5.3412]
Epoch 1/100:   9%|▉         | 7/76 [00:00<00:05, 13.16it/s, loss=5.1138]
Epoch 1/100:   9%|▉         | 7/76 [00:00<00:05, 13.16it/s, loss=4.8989]
Epoch 1/100:   9%|▉         | 7/76 [00:00<00:05, 13.16it/s, loss=5.2417]
Epoch 1/100:   9%|▉         | 7/76 [00:00<00:05, 13.16it/s, loss=4.6413]
Epoch 1/100:   9%|▉         | 7/76 [00:00<00:05, 13.16it/s, loss=5.0326]
Epoch 1/100:   9%|▉         | 7/76 [00:00<00:05, 13.16it/s, loss=5.0760]
Epoch 1/100:  17%|█▋        | 13/76 [00:00<00:02, 22.98it/s, loss=5.0760]
Epoch 1/100:  17%|█▋        | 13/76 [00:00<00:02, 22.98it/s, loss=4.8628]
Epoch 1/100:  17%|█▋        | 13/76 [00:00<00:02, 22.98it/s, loss=4.9189]
Epoch 1/100:  17%|█▋        | 13/76 [00:00<00:02, 22.98it/s, loss=5.0000]
Epoch 1/100:  17%|█▋        | 13/76 [00:00<00:02, 22.98it/s, loss=4.9668]
Epoch 1/100:  17%|█▋        | 13/76 [00:00<00:02, 22.98it/s, loss=4.9377]
Epoch 1/100:  17%|█▋        | 13/76 [00:00<00:02, 22.98it/s, loss=4.8779]
Epoch 1/100:  25%|██▌       | 19/76 [00:00<00:01, 31.13it/s, loss=4.8779]
Epoch 1/100:  25%|██▌       | 19/76 [00:00<00:01, 31.13it/s, loss=4.8836]
Epoch 1/100:  25%|██▌       | 19/76 [00:00<00:01, 31.13it/s, loss=4.8785]
Epoch 1/100:  25%|██▌       | 19/76 [00:00<00:01, 31.13it/s, loss=5.0482]
Epoch 1/100:  25%|██▌       | 19/76 [00:00<00:01, 31.13it/s, loss=4.8111]
Epoch 1/100:  25%|██▌       | 19/76 [00:00<00:01, 31.13it/s, loss=5.0163]
Epoch 1/100:  25%|██▌       | 19/76 [00:01<00:01, 31.13it/s, loss=5.2456]
Epoch 1/100:  33%|███▎      | 25/76 [00:01<00:01, 37.57it/s, loss=5.2456]
Epoch 1/100:  33%|███▎      | 25/76 [00:01<00:01, 37.57it/s, loss=4.9825]
Epoch 1/100:  33%|███▎      | 25/76 [00:01<00:01, 37.57it/s, loss=4.9093]
Epoch 1/100:  33%|███▎      | 25/76 [00:01<00:01, 37.57it/s, loss=4.7502]
Epoch 1/100:  33%|███▎      | 25/76 [00:01<00:01, 37.57it/s, loss=5.0151]
Epoch 1/100:  33%|███▎      | 25/76 [00:01<00:01, 37.57it/s, loss=4.8636]
Epoch 1/100:  33%|███▎      | 25/76 [00:01<00:01, 37.57it/s, loss=4.9634]
Epoch 1/100:  41%|████      | 31/76 [00:01<00:01, 42.54it/s, loss=4.9634]
Epoch 1/100:  41%|████      | 31/76 [00:01<00:01, 42.54it/s, loss=4.9793]
Epoch 1/100:  41%|████      | 31/76 [00:01<00:01, 42.54it/s, loss=5.1371]
Epoch 1/100:  41%|████      | 31/76 [00:01<00:01, 42.54it/s, loss=4.6673]
Epoch 1/100:  41%|████      | 31/76 [00:01<00:01, 42.54it/s, loss=4.6845]
Epoch 1/100:  41%|████      | 31/76 [00:01<00:01, 42.54it/s, loss=4.7868]
Epoch 1/100:  41%|████      | 31/76 [00:01<00:01, 42.54it/s, loss=4.4665]
Epoch 1/100:  49%|████▊     | 37/76 [00:01<00:00, 46.22it/s, loss=4.4665]
Epoch 1/100:  49%|████▊     | 37/76 [00:01<00:00, 46.22it/s, loss=4.6563]
Epoch 1/100:  49%|████▊     | 37/76 [00:01<00:00, 46.22it/s, loss=4.8713]
Epoch 1/100:  49%|████▊     | 37/76 [00:01<00:00, 46.22it/s, loss=4.8063]
Epoch 1/100:  49%|████▊     | 37/76 [00:01<00:00, 46.22it/s, loss=4.7546]
Epoch 1/100:  49%|████▊     | 37/76 [00:01<00:00, 46.22it/s, loss=4.8469]
Epoch 1/100:  49%|████▊     | 37/76 [00:01<00:00, 46.22it/s, loss=4.5706]
Epoch 1/100:  57%|█████▋    | 43/76 [00:01<00:00, 49.07it/s, loss=4.5706]
Epoch 1/100:  57%|█████▋    | 43/76 [00:01<00:00, 49.07it/s, loss=4.5445]
Epoch 1/100:  57%|█████▋    | 43/76 [00:01<00:00, 49.07it/s, loss=4.7317]
Epoch 1/100:  57%|█████▋    | 43/76 [00:01<00:00, 49.07it/s, loss=4.9376]
Epoch 1/100:  57%|█████▋    | 43/76 [00:01<00:00, 49.07it/s, loss=4.8769]
Epoch 1/100:  57%|█████▋    | 43/76 [00:01<00:00, 49.07it/s, loss=4.7279]
Epoch 1/100:  57%|█████▋    | 43/76 [00:01<00:00, 49.07it/s, loss=4.9883]
Epoch 1/100:  64%|██████▍   | 49/76 [00:01<00:00, 51.21it/s, loss=4.9883]
Epoch 1/100:  64%|██████▍   | 49/76 [00:01<00:00, 51.21it/s, loss=4.6312]
Epoch 1/100:  64%|██████▍   | 49/76 [00:01<00:00, 51.21it/s, loss=4.7668]
Epoch 1/100:  64%|██████▍   | 49/76 [00:01<00:00, 51.21it/s, loss=4.7847]
Epoch 1/100:  64%|██████▍   | 49/76 [00:01<00:00, 51.21it/s, loss=4.8529]
Epoch 1/100:  64%|██████▍   | 49/76 [00:01<00:00, 51.21it/s, loss=5.2926]
Epoch 1/100:  64%|██████▍   | 49/76 [00:01<00:00, 51.21it/s, loss=4.7239]
Epoch 1/100:  72%|███████▏  | 55/76 [00:01<00:00, 52.68it/s, loss=4.7239]
Epoch 1/100:  72%|███████▏  | 55/76 [00:01<00:00, 52.68it/s, loss=4.7352]
Epoch 1/100:  72%|███████▏  | 55/76 [00:01<00:00, 52.68it/s, loss=4.6729]
Epoch 1/100:  72%|███████▏  | 55/76 [00:01<00:00, 52.68it/s, loss=4.7978]
Epoch 1/100:  72%|███████▏  | 55/76 [00:01<00:00, 52.68it/s, loss=4.5972]
Epoch 1/100:  72%|███████▏  | 55/76 [00:01<00:00, 52.68it/s, loss=4.6252]
Epoch 1/100:  72%|███████▏  | 55/76 [00:01<00:00, 52.68it/s, loss=4.9786]
Epoch 1/100:  80%|████████  | 61/76 [00:01<00:00, 53.94it/s, loss=4.9786]
Epoch 1/100:  80%|████████  | 61/76 [00:01<00:00, 53.94it/s, loss=4.7865]
Epoch 1/100:  80%|████████  | 61/76 [00:01<00:00, 53.94it/s, loss=4.9342]
Epoch 1/100:  80%|████████  | 61/76 [00:01<00:00, 53.94it/s, loss=4.9693]
Epoch 1/100:  80%|████████  | 61/76 [00:01<00:00, 53.94it/s, loss=4.4627]
Epoch 1/100:  80%|████████  | 61/76 [00:01<00:00, 53.94it/s, loss=4.7320]
Epoch 1/100:  80%|████████  | 61/76 [00:01<00:00, 53.94it/s, loss=4.7570]
Epoch 1/100:  88%|████████▊ | 67/76 [00:01<00:00, 54.73it/s, loss=4.7570]
Epoch 1/100:  88%|████████▊ | 67/76 [00:01<00:00, 54.73it/s, loss=4.8145]
Epoch 1/100:  88%|████████▊ | 67/76 [00:01<00:00, 54.73it/s, loss=4.5358]
Epoch 1/100:  88%|████████▊ | 67/76 [00:01<00:00, 54.73it/s, loss=4.6486]
Epoch 1/100:  88%|████████▊ | 67/76 [00:01<00:00, 54.73it/s, loss=4.7637]
Epoch 1/100:  88%|████████▊ | 67/76 [00:01<00:00, 54.73it/s, loss=4.6801]
Epoch 1/100:  88%|████████▊ | 67/76 [00:01<00:00, 54.73it/s, loss=4.5485]
Epoch 1/100:  96%|█████████▌| 73/76 [00:01<00:00, 55.44it/s, loss=4.5485]
Epoch 1/100:  96%|█████████▌| 73/76 [00:01<00:00, 55.44it/s, loss=4.7711]
Epoch 1/100:  96%|█████████▌| 73/76 [00:01<00:00, 55.44it/s, loss=4.7736]
Epoch 1/100:  96%|█████████▌| 73/76 [00:01<00:00, 55.44it/s, loss=4.7526]
Epoch 1/100: 100%|██████████| 76/76 [00:01<00:00, 39.84it/s, loss=4.7526]
Epoch 1/100 - avg_loss: 4.8500

Epoch 2/100:   0%|          | 0/76 [00:00<?, ?it/s]
Epoch 2/100:   0%|          | 0/76 [00:00<?, ?it/s, loss=4.4970]
Epoch 2/100:   0%|          | 0/76 [00:00<?, ?it/s, loss=4.7257]
Epoch 2/100:   0%|          | 0/76 [00:00<?, ?it/s, loss=4.1603]
Epoch 2/100:   0%|          | 0/76 [00:00<?, ?it/s, loss=4.6698]
Epoch 2/100:   0%|          | 0/76 [00:00<?, ?it/s, loss=4.4861]
Epoch 2/100:   0%|          | 0/76 [00:00<?, ?it/s, loss=4.5535]
Epoch 2/100:   8%|▊         | 6/76 [00:00<00:01, 57.64it/s, loss=4.5535]
Epoch 2/100:   8%|▊         | 6/76 [00:00<00:01, 57.64it/s, loss=4.2871]
Epoch 2/100:   8%|▊         | 6/76 [00:00<00:01, 57.64it/s, loss=4.3668]
Epoch 2/100:   8%|▊         | 6/76 [00:00<00:01, 57.64it/s, loss=4.5334]
Epoch 2/100:   8%|▊         | 6/76 [00:00<00:01, 57.64it/s, loss=4.1414]
Epoch 2/100:   8%|▊         | 6/76 [00:00<00:01, 57.64it/s, loss=4.5442]
Epoch 2/100:   8%|▊         | 6/76 [00:00<00:01, 57.64it/s, loss=4.6354]
Epoch 2/100:  16%|█▌        | 12/76 [00:00<00:01, 57.65it/s, loss=4.6354]
Epoch 2/100:  16%|█▌        | 12/76 [00:00<00:01, 57.65it/s, loss=4.3052]
Epoch 2/100:  16%|█▌        | 12/76 [00:00<00:01, 57.65it/s, loss=4.2138]
Epoch 2/100:  16%|█▌        | 12/76 [00:00<00:01, 57.65it/s, loss=4.2741]
Epoch 2/100:  16%|█▌        | 12/76 [00:00<00:01, 57.65it/s, loss=4.4875]
Epoch 2/100:  16%|█▌        | 12/76 [00:00<00:01, 57.65it/s, loss=4.4934]
Epoch 2/100:  16%|█▌        | 12/76 [00:00<00:01, 57.65it/s, loss=4.3607]
Epoch 2/100:  24%|██▎       | 18/76 [00:00<00:01, 57.69it/s, loss=4.3607]
Epoch 2/100:  24%|██▎       | 18/76 [00:00<00:01, 57.69it/s, loss=4.4427]
Epoch 2/100:  24%|██▎       | 18/76 [00:00<00:01, 57.69it/s, loss=4.4633]
Epoch 2/100:  24%|██▎       | 18/76 [00:00<00:01, 57.69it/s, loss=4.4878]
Epoch 2/100:  24%|██▎       | 18/76 [00:00<00:01, 57.69it/s, loss=4.4901]
Epoch 2/100:  24%|██▎       | 18/76 [00:00<00:01, 57.69it/s, loss=4.0513]
Epoch 2/100:  24%|██▎       | 18/76 [00:00<00:01, 57.69it/s, loss=4.4925]
Epoch 2/100:  32%|███▏      | 24/76 [00:00<00:00, 57.83it/s, loss=4.4925]
Epoch 2/100:  32%|███▏      | 24/76 [00:00<00:00, 57.83it/s, loss=4.1383]
Epoch 2/100:  32%|███▏      | 24/76 [00:00<00:00, 57.83it/s, loss=4.6531]
Epoch 2/100:  32%|███▏      | 24/76 [00:00<00:00, 57.83it/s, loss=4.1644]
Epoch 2/100:  32%|███▏      | 24/76 [00:00<00:00, 57.83it/s, loss=4.6397]
Epoch 2/100:  32%|███▏      | 24/76 [00:00<00:00, 57.83it/s, loss=4.3796]
Epoch 2/100:  32%|███▏      | 24/76 [00:00<00:00, 57.83it/s, loss=4.4332]
Epoch 2/100:  39%|███▉      | 30/76 [00:00<00:00, 57.93it/s, loss=4.4332]
Epoch 2/100:  39%|███▉      | 30/76 [00:00<00:00, 57.93it/s, loss=4.3567]
Epoch 2/100:  39%|███▉      | 30/76 [00:00<00:00, 57.93it/s, loss=4.5211]
Epoch 2/100:  39%|███▉      | 30/76 [00:00<00:00, 57.93it/s, loss=4.4937]
Epoch 2/100:  39%|███▉      | 30/76 [00:00<00:00, 57.93it/s, loss=4.1515]
Epoch 2/100:  39%|███▉      | 30/76 [00:00<00:00, 57.93it/s, loss=4.1400]
Epoch 2/100:  39%|███▉      | 30/76 [00:00<00:00, 57.93it/s, loss=4.4336]
Epoch 2/100:  47%|████▋     | 36/76 [00:00<00:00, 58.00it/s, loss=4.4336]
Epoch 2/100:  47%|████▋     | 36/76 [00:00<00:00, 58.00it/s, loss=4.3236]
Epoch 2/100:  47%|████▋     | 36/76 [00:00<00:00, 58.00it/s, loss=4.3444]
Epoch 2/100:  47%|████▋     | 36/76 [00:00<00:00, 58.00it/s, loss=4.2231]
Epoch 2/100:  47%|████▋     | 36/76 [00:00<00:00, 58.00it/s, loss=4.1470]
Epoch 2/100:  47%|████▋     | 36/76 [00:00<00:00, 58.00it/s, loss=4.3245]
Epoch 2/100:  47%|████▋     | 36/76 [00:00<00:00, 58.00it/s, loss=4.4190]
Epoch 2/100:  55%|█████▌    | 42/76 [00:00<00:00, 58.11it/s, loss=4.4190]
Epoch 2/100:  55%|█████▌    | 42/76 [00:00<00:00, 58.11it/s, loss=4.6240]
Epoch 2/100:  55%|█████▌    | 42/76 [00:00<00:00, 58.11it/s, loss=4.1838]
Epoch 2/100:  55%|█████▌    | 42/76 [00:00<00:00, 58.11it/s, loss=4.7425]
Epoch 2/100:  55%|█████▌    | 42/76 [00:00<00:00, 58.11it/s, loss=4.3395]
Epoch 2/100:  55%|█████▌    | 42/76 [00:00<00:00, 58.11it/s, loss=4.1588]
Epoch 2/100:  55%|█████▌    | 42/76 [00:00<00:00, 58.11it/s, loss=3.8596]
Epoch 2/100:  63%|██████▎   | 48/76 [00:00<00:00, 58.23it/s, loss=3.8596]
Epoch 2/100:  63%|██████▎   | 48/76 [00:00<00:00, 58.23it/s, loss=4.4434]
Epoch 2/100:  63%|██████▎   | 48/76 [00:00<00:00, 58.23it/s, loss=4.0586]
Epoch 2/100:  63%|██████▎   | 48/76 [00:00<00:00, 58.23it/s, loss=4.2113]
Epoch 2/100:  63%|██████▎   | 48/76 [00:00<00:00, 58.23it/s, loss=4.0859]
Epoch 2/100:  63%|██████▎   | 48/76 [00:00<00:00, 58.23it/s, loss=4.1702]
Epoch 2/100:  63%|██████▎   | 48/76 [00:00<00:00, 58.23it/s, loss=4.0835]
Epoch 2/100:  71%|███████   | 54/76 [00:00<00:00, 58.43it/s, loss=4.0835]
Epoch 2/100:  71%|███████   | 54/76 [00:00<00:00, 58.43it/s, loss=4.0054]
Epoch 2/100:  71%|███████   | 54/76 [00:00<00:00, 58.43it/s, loss=4.0220]
Epoch 2/100:  71%|███████   | 54/76 [00:00<00:00, 58.43it/s, loss=4.2007]
Epoch 2/100:  71%|███████   | 54/76 [00:00<00:00, 58.43it/s, loss=4.5124]
Epoch 2/100:  71%|███████   | 54/76 [00:01<00:00, 58.43it/s, loss=4.0865]
Epoch 2/100:  71%|███████   | 54/76 [00:01<00:00, 58.43it/s, loss=4.2190]
Epoch 2/100:  79%|███████▉  | 60/76 [00:01<00:00, 58.62it/s, loss=4.2190]
Epoch 2/100:  79%|███████▉  | 60/76 [00:01<00:00, 58.62it/s, loss=4.2070]
Epoch 2/100:  79%|███████▉  | 60/76 [00:01<00:00, 58.62it/s, loss=4.1637]
Epoch 2/100:  79%|███████▉  | 60/76 [00:01<00:00, 58.62it/s, loss=4.3814]
Epoch 2/100:  79%|███████▉  | 60/76 [00:01<00:00, 58.62it/s, loss=3.8820]
Epoch 2/100:  79%|███████▉  | 60/76 [00:01<00:00, 58.62it/s, loss=3.9704]
Epoch 2/100:  79%|███████▉  | 60/76 [00:01<00:00, 58.62it/s, loss=4.1791]
Epoch 2/100:  87%|████████▋ | 66/76 [00:01<00:00, 58.85it/s, loss=4.1791]
Epoch 2/100:  87%|████████▋ | 66/76 [00:01<00:00, 58.85it/s, loss=3.8145]
Epoch 2/100:  87%|████████▋ | 66/76 [00:01<00:00, 58.85it/s, loss=4.2836]
Epoch 2/100:  87%|████████▋ | 66/76 [00:01<00:00, 58.85it/s, loss=4.2513]
Epoch 2/100:  87%|████████▋ | 66/76 [00:01<00:00, 58.85it/s, loss=4.2360]
Epoch 2/100:  87%|████████▋ | 66/76 [00:01<00:00, 58.85it/s, loss=4.2223]
Epoch 2/100:  87%|████████▋ | 66/76 [00:01<00:00, 58.85it/s, loss=4.0399]
Epoch 2/100:  95%|█████████▍| 72/76 [00:01<00:00, 59.06it/s, loss=4.0399]
Epoch 2/100:  95%|█████████▍| 72/76 [00:01<00:00, 59.06it/s, loss=4.3311]
Epoch 2/100:  95%|█████████▍| 72/76 [00:01<00:00, 59.06it/s, loss=3.8192]
Epoch 2/100:  95%|█████████▍| 72/76 [00:01<00:00, 59.06it/s, loss=4.2035]
Epoch 2/100:  95%|█████████▍| 72/76 [00:01<00:00, 59.06it/s, loss=4.4268]
Epoch 2/100: 100%|██████████| 76/76 [00:01<00:00, 58.46it/s, loss=4.4268]
Epoch 2/100 - avg_loss: 4.3009

Epoch 3/100:   0%|          | 0/76 [00:00<?, ?it/s]
Epoch 3/100:   0%|          | 0/76 [00:00<?, ?it/s, loss=3.5147]
Epoch 3/100:   0%|          | 0/76 [00:00<?, ?it/s, loss=4.1080]
Epoch 3/100:   0%|          | 0/76 [00:00<?, ?it/s, loss=3.7547]
Epoch 3/100:   0%|          | 0/76 [00:00<?, ?it/s, loss=3.6264]
Epoch 3/100:   0%|          | 0/76 [00:00<?, ?it/s, loss=3.8389]
Epoch 3/100:   0%|          | 0/76 [00:00<?, ?it/s, loss=3.7154]
Epoch 3/100:   8%|▊         | 6/76 [00:00<00:01, 59.67it/s, loss=3.7154]
Epoch 3/100:   8%|▊         | 6/76 [00:00<00:01, 59.67it/s, loss=3.8326]
Epoch 3/100:   8%|▊         | 6/76 [00:00<00:01, 59.67it/s, loss=3.4914]
Epoch 3/100:   8%|▊         | 6/76 [00:00<00:01, 59.67it/s, loss=3.6950]
Epoch 3/100:   8%|▊         | 6/76 [00:00<00:01, 59.67it/s, loss=3.6821]
Epoch 3/100:   8%|▊         | 6/76 [00:00<00:01, 59.67it/s, loss=3.6546]
Epoch 3/100:   8%|▊         | 6/76 [00:00<00:01, 59.67it/s, loss=3.7945]
Epoch 3/100:   8%|▊         | 6/76 [00:00<00:01, 59.67it/s, loss=3.5139]
Epoch 3/100:  17%|█▋        | 13/76 [00:00<00:01, 59.89it/s, loss=3.5139]
Epoch 3/100:  17%|█▋        | 13/76 [00:00<00:01, 59.89it/s, loss=3.7773]
Epoch 3/100:  17%|█▋        | 13/76 [00:00<00:01, 59.89it/s, loss=3.8993]
Epoch 3/100:  17%|█▋        | 13/76 [00:00<00:01, 59.89it/s, loss=3.7233]
Epoch 3/100:  17%|█▋        | 13/76 [00:00<00:01, 59.89it/s, loss=3.5172]
Epoch 3/100:  17%|█▋        | 13/76 [00:00<00:01, 59.89it/s, loss=3.3041]
Epoch 3/100:  17%|█▋        | 13/76 [00:00<00:01, 59.89it/s, loss=3.3315]
Epoch 3/100:  17%|█▋        | 13/76 [00:00<00:01, 59.89it/s, loss=3.5837]
Epoch 3/100:  26%|██▋       | 20/76 [00:00<00:00, 60.00it/s, loss=3.5837]
Epoch 3/100:  26%|██▋       | 20/76 [00:00<00:00, 60.00it/s, loss=3.8361]
Epoch 3/100:  26%|██▋       | 20/76 [00:00<00:00, 60.00it/s, loss=3.7090]
Epoch 3/100:  26%|██▋       | 20/76 [00:00<00:00, 60.00it/s, loss=3.3479]
Epoch 3/100:  26%|██▋       | 20/76 [00:00<00:00, 60.00it/s, loss=3.3745]
Epoch 3/100:  26%|██▋       | 20/76 [00:00<00:00, 60.00it/s, loss=3.8420]
Epoch 3/100:  26%|██▋       | 20/76 [00:00<00:00, 60.00it/s, loss=3.6596]
Epoch 3/100:  26%|██▋       | 20/76 [00:00<00:00, 60.00it/s, loss=3.2190]
Epoch 3/100:  36%|███▌      | 27/76 [00:00<00:00, 60.22it/s, loss=3.2190]
Epoch 3/100:  36%|███▌      | 27/76 [00:00<00:00, 60.22it/s, loss=3.2531]
Epoch 3/100:  36%|███▌      | 27/76 [00:00<00:00, 60.22it/s, loss=3.3989]
Epoch 3/100:  36%|███▌      | 27/76 [00:00<00:00, 60.22it/s, loss=3.4010]
Epoch 3/100:  36%|███▌      | 27/76 [00:00<00:00, 60.22it/s, loss=3.6043]
Epoch 3/100:  36%|███▌      | 27/76 [00:00<00:00, 60.22it/s, loss=3.5475]
Epoch 3/100:  36%|███▌      | 27/76 [00:00<00:00, 60.22it/s, loss=3.8051]
Epoch 3/100:  36%|███▌      | 27/76 [00:00<00:00, 60.22it/s, loss=3.6307]
Epoch 3/100:  45%|████▍     | 34/76 [00:00<00:00, 60.20it/s, loss=3.6307]
Epoch 3/100:  45%|████▍     | 34/76 [00:00<00:00, 60.20it/s, loss=3.6403]
Epoch 3/100:  45%|████▍     | 34/76 [00:00<00:00, 60.20it/s, loss=3.9087]
Epoch 3/100:  45%|████▍     | 34/76 [00:00<00:00, 60.20it/s, loss=3.4520]
Epoch 3/100:  45%|████▍     | 34/76 [00:00<00:00, 60.20it/s, loss=3.6362]
Epoch 3/100:  45%|████▍     | 34/76 [00:00<00:00, 60.20it/s, loss=3.5083]
Epoch 3/100:  45%|████▍     | 34/76 [00:00<00:00, 60.20it/s, loss=3.4072]
Epoch 3/100:  45%|████▍     | 34/76 [00:00<00:00, 60.20it/s, loss=3.3144]
Epoch 3/100:  54%|█████▍    | 41/76 [00:00<00:00, 60.38it/s, loss=3.3144]
Epoch 3/100:  54%|█████▍    | 41/76 [00:00<00:00, 60.38it/s, loss=3.4061]
Epoch 3/100:  54%|█████▍    | 41/76 [00:00<00:00, 60.38it/s, loss=3.4955]
Epoch 3/100:  54%|█████▍    | 41/76 [00:00<00:00, 60.38it/s, loss=3.7857]
Epoch 3/100:  54%|█████▍    | 41/76 [00:00<00:00, 60.38it/s, loss=3.5920]
Epoch 3/100:  54%|█████▍    | 41/76 [00:00<00:00, 60.38it/s, loss=3.4296]
Epoch 3/100:  54%|█████▍    | 41/76 [00:00<00:00, 60.38it/s, loss=3.4712]
Epoch 3/100:  54%|█████▍    | 41/76 [00:00<00:00, 60.38it/s, loss=3.2817]
Epoch 3/100:  63%|██████▎   | 48/76 [00:00<00:00, 60.54it/s, loss=3.2817]
Epoch 3/100:  63%|██████▎   | 48/76 [00:00<00:00, 60.54it/s, loss=3.6813]
Epoch 3/100:  63%|██████▎   | 48/76 [00:00<00:00, 60.54it/s, loss=3.2335]
Epoch 3/100:  63%|██████▎   | 48/76 [00:00<00:00, 60.54it/s, loss=3.2896]
Epoch 3/100:  63%|██████▎   | 48/76 [00:00<00:00, 60.54it/s, loss=3.2929]
Epoch 3/100:  63%|██████▎   | 48/76 [00:00<00:00, 60.54it/s, loss=3.4854]
Epoch 3/100:  63%|██████▎   | 48/76 [00:00<00:00, 60.54it/s, loss=3.5422]
Epoch 3/100:  63%|██████▎   | 48/76 [00:00<00:00, 60.54it/s, loss=3.4760]
Epoch 3/100:  72%|███████▏  | 55/76 [00:00<00:00, 60.79it/s, loss=3.4760]
Epoch 3/100:  72%|███████▏  | 55/76 [00:00<00:00, 60.79it/s, loss=3.7574]
Epoch 3/100:  72%|███████▏  | 55/76 [00:00<00:00, 60.79it/s, loss=3.7932]
Epoch 3/100:  72%|███████▏  | 55/76 [00:00<00:00, 60.79it/s, loss=3.7245]
Epoch 3/100:  72%|███████▏  | 55/76 [00:00<00:00, 60.79it/s, loss=3.9553]
Epoch 3/100:  72%|███████▏  | 55/76 [00:00<00:00, 60.79it/s, loss=3.7183]
Epoch 3/100:  72%|███████▏  | 55/76 [00:01<00:00, 60.79it/s, loss=3.5146]
Epoch 3/100:  72%|███████▏  | 55/76 [00:01<00:00, 60.79it/s, loss=3.7011]
Epoch 3/100:  82%|████████▏ | 62/76 [00:01<00:00, 60.84it/s, loss=3.7011]
Epoch 3/100:  82%|████████▏ | 62/76 [00:01<00:00, 60.84it/s, loss=3.1074]
Epoch 3/100:  82%|████████▏ | 62/76 [00:01<00:00, 60.84it/s, loss=3.7511]
Epoch 3/100:  82%|████████▏ | 62/76 [00:01<00:00, 60.84it/s, loss=3.2630]
Epoch 3/100:  82%|████████▏ | 62/76 [00:01<00:00, 60.84it/s, loss=3.4568]
Epoch 3/100:  82%|████████▏ | 62/76 [00:01<00:00, 60.84it/s, loss=3.2942]
Epoch 3/100:  82%|████████▏ | 62/76 [00:01<00:00, 60.84it/s, loss=2.9864]
Epoch 3/100:  82%|████████▏ | 62/76 [00:01<00:00, 60.84it/s, loss=3.5075]
Epoch 3/100:  91%|█████████ | 69/76 [00:01<00:00, 60.97it/s, loss=3.5075]
Epoch 3/100:  91%|█████████ | 69/76 [00:01<00:00, 60.97it/s, loss=3.3304]
Epoch 3/100:  91%|█████████ | 69/76 [00:01<00:00, 60.97it/s, loss=3.4347]
Epoch 3/100:  91%|█████████ | 69/76 [00:01<00:00, 60.97it/s, loss=3.5057]
Epoch 3/100:  91%|█████████ | 69/76 [00:01<00:00, 60.97it/s, loss=3.8474]
Epoch 3/100:  91%|█████████ | 69/76 [00:01<00:00, 60.97it/s, loss=3.2798]
Epoch 3/100:  91%|█████████ | 69/76 [00:01<00:00, 60.97it/s, loss=3.3108]
Epoch 3/100:  91%|█████████ | 69/76 [00:01<00:00, 60.97it/s, loss=3.6480]
Epoch 3/100: 100%|██████████| 76/76 [00:01<00:00, 61.11it/s, loss=3.6480]
Epoch 3/100: 100%|██████████| 76/76 [00:01<00:00, 60.65it/s, loss=3.6480]
Epoch 3/100 - avg_loss: 3.5553

Epoch 4/100:   0%|          | 0/76 [00:00<?, ?it/s]
Epoch 4/100:   0%|          | 0/76 [00:00<?, ?it/s, loss=3.1650]
Epoch 4/100:   0%|          | 0/76 [00:00<?, ?it/s, loss=2.9016]
Epoch 4/100:   0%|          | 0/76 [00:00<?, ?it/s, loss=2.9597]
Epoch 4/100:   0%|          | 0/76 [00:00<?, ?it/s, loss=3.2907]
Epoch 4/100:   0%|          | 0/76 [00:00<?, ?it/s, loss=2.9675]
Epoch 4/100:   0%|          | 0/76 [00:00<?, ?it/s, loss=2.2795]
Epoch 4/100:   0%|          | 0/76 [00:00<?, ?it/s, loss=3.0436]
Epoch 4/100:   9%|▉         | 7/76 [00:00<00:01, 61.12it/s, loss=3.0436]
Epoch 4/100:   9%|▉         | 7/76 [00:00<00:01, 61.12it/s, loss=3.0051]
Epoch 4/100:   9%|▉         | 7/76 [00:00<00:01, 61.12it/s, loss=3.0622]
Epoch 4/100:   9%|▉         | 7/76 [00:00<00:01, 61.12it/s, loss=3.0119]
Epoch 4/100:   9%|▉         | 7/76 [00:00<00:01, 61.12it/s, loss=3.4524]
Epoch 4/100:   9%|▉         | 7/76 [00:00<00:01, 61.12it/s, loss=2.8574]
Epoch 4/100:   9%|▉         | 7/76 [00:00<00:01, 61.12it/s, loss=3.3650]
Epoch 4/100:   9%|▉         | 7/76 [00:00<00:01, 61.12it/s, loss=2.5445]
Epoch 4/100:  18%|█▊        | 14/76 [00:00<00:01, 60.98it/s, loss=2.5445]
Epoch 4/100:  18%|█▊        | 14/76 [00:00<00:01, 60.98it/s, loss=2.7554]
Epoch 4/100:  18%|█▊        | 14/76 [00:00<00:01, 60.98it/s, loss=2.9843]
Epoch 4/100:  18%|█▊        | 14/76 [00:00<00:01, 60.98it/s, loss=2.6332]
Epoch 4/100:  18%|█▊        | 14/76 [00:00<00:01, 60.98it/s, loss=2.5380]
Epoch 4/100:  18%|█▊        | 14/76 [00:00<00:01, 60.98it/s, loss=3.1765]
Epoch 4/100:  18%|█▊        | 14/76 [00:00<00:01, 60.98it/s, loss=2.9560]
Epoch 4/100:  18%|█▊        | 14/76 [00:00<00:01, 60.98it/s, loss=2.7002]
Epoch 4/100:  28%|██▊       | 21/76 [00:00<00:00, 61.16it/s, loss=2.7002]
Epoch 4/100:  28%|██▊       | 21/76 [00:00<00:00, 61.16it/s, loss=3.2204]
Epoch 4/100:  28%|██▊       | 21/76 [00:00<00:00, 61.16it/s, loss=2.7548]
Epoch 4/100:  28%|██▊       | 21/76 [00:00<00:00, 61.16it/s, loss=3.0662]
Epoch 4/100:  28%|██▊       | 21/76 [00:00<00:00, 61.16it/s, loss=2.8789]
Epoch 4/100:  28%|██▊       | 21/76 [00:00<00:00, 61.16it/s, loss=3.2493]
Epoch 4/100:  28%|██▊       | 21/76 [00:00<00:00, 61.16it/s, loss=2.9279]
Epoch 4/100:  28%|██▊       | 21/76 [00:00<00:00, 61.16it/s, loss=2.7771]
Epoch 4/100:  37%|███▋      | 28/76 [00:00<00:00, 61.20it/s, loss=2.7771]
Epoch 4/100:  37%|███▋      | 28/76 [00:00<00:00, 61.20it/s, loss=3.0110]
Epoch 4/100:  37%|███▋      | 28/76 [00:00<00:00, 61.20it/s, loss=3.0237]
Epoch 4/100:  37%|███▋      | 28/76 [00:00<00:00, 61.20it/s, loss=2.8279]
Epoch 4/100:  37%|███▋      | 28/76 [00:00<00:00, 61.20it/s, loss=3.0465]
Epoch 4/100:  37%|███▋      | 28/76 [00:00<00:00, 61.20it/s, loss=3.0528]
Epoch 4/100:  37%|███▋      | 28/76 [00:00<00:00, 61.20it/s, loss=2.8607]
Epoch 4/100:  37%|███▋      | 28/76 [00:00<00:00, 61.20it/s, loss=2.6129]
Epoch 4/100:  46%|████▌     | 35/76 [00:00<00:00, 61.23it/s, loss=2.6129]
Epoch 4/100:  46%|████▌     | 35/76 [00:00<00:00, 61.23it/s, loss=2.9991]
Epoch 4/100:  46%|████▌     | 35/76 [00:00<00:00, 61.23it/s, loss=3.1463]
Epoch 4/100:  46%|████▌     | 35/76 [00:00<00:00, 61.23it/s, loss=2.4466]
Epoch 4/100:  46%|████▌     | 35/76 [00:00<00:00, 61.23it/s, loss=3.1229]
Epoch 4/100:  46%|████▌     | 35/76 [00:00<00:00, 61.23it/s, loss=3.0352]
Epoch 4/100:  46%|████▌     | 35/76 [00:00<00:00, 61.23it/s, loss=3.1548]
Epoch 4/100:  46%|████▌     | 35/76 [00:00<00:00, 61.23it/s, loss=2.8494]
Epoch 4/100:  55%|█████▌    | 42/76 [00:00<00:00, 61.23it/s, loss=2.8494]
Epoch 4/100:  55%|█████▌    | 42/76 [00:00<00:00, 61.23it/s, loss=2.8947]
Epoch 4/100:  55%|█████▌    | 42/76 [00:00<00:00, 61.23it/s, loss=2.7862]
Epoch 4/100:  55%|█████▌    | 42/76 [00:00<00:00, 61.23it/s, loss=2.8534]
Epoch 4/100:  55%|█████▌    | 42/76 [00:00<00:00, 61.23it/s, loss=3.2130]
Epoch 4/100:  55%|█████▌    | 42/76 [00:00<00:00, 61.23it/s, loss=2.8315]
Epoch 4/100:  55%|█████▌    | 42/76 [00:00<00:00, 61.23it/s, loss=3.0954]
Epoch 4/100:  55%|█████▌    | 42/76 [00:00<00:00, 61.23it/s, loss=2.7590]
Epoch 4/100:  64%|██████▍   | 49/76 [00:00<00:00, 61.19it/s, loss=2.7590]
Epoch 4/100:  64%|██████▍   | 49/76 [00:00<00:00, 61.19it/s, loss=3.3535]
Epoch 4/100:  64%|██████▍   | 49/76 [00:00<00:00, 61.19it/s, loss=3.2204]
Epoch 4/100:  64%|██████▍   | 49/76 [00:00<00:00, 61.19it/s, loss=3.0745]
Epoch 4/100:  64%|██████▍   | 49/76 [00:00<00:00, 61.19it/s, loss=3.0043]
Epoch 4/100:  64%|██████▍   | 49/76 [00:00<00:00, 61.19it/s, loss=2.9742]
Epoch 4/100:  64%|██████▍   | 49/76 [00:00<00:00, 61.19it/s, loss=2.9408]
Epoch 4/100:  64%|██████▍   | 49/76 [00:00<00:00, 61.19it/s, loss=2.6517]
Epoch 4/100:  74%|███████▎  | 56/76 [00:00<00:00, 61.16it/s, loss=2.6517]
Epoch 4/100:  74%|███████▎  | 56/76 [00:00<00:00, 61.16it/s, loss=2.8140]
Epoch 4/100:  74%|███████▎  | 56/76 [00:00<00:00, 61.16it/s, loss=3.0359]
Epoch 4/100:  74%|███████▎  | 56/76 [00:00<00:00, 61.16it/s, loss=2.8357]
Epoch 4/100:  74%|███████▎  | 56/76 [00:00<00:00, 61.16it/s, loss=3.1960]
Epoch 4/100:  74%|███████▎  | 56/76 [00:00<00:00, 61.16it/s, loss=3.1028]
Epoch 4/100:  74%|███████▎  | 56/76 [00:01<00:00, 61.16it/s, loss=2.9853]
Epoch 4/100:  74%|███████▎  | 56/76 [00:01<00:00, 61.16it/s, loss=2.9560]
Epoch 4/100:  83%|████████▎ | 63/76 [00:01<00:00, 61.12it/s, loss=2.9560]
Epoch 4/100:  83%|████████▎ | 63/76 [00:01<00:00, 61.12it/s, loss=2.8250]
Epoch 4/100:  83%|████████▎ | 63/76 [00:01<00:00, 61.12it/s, loss=3.2930]
Epoch 4/100:  83%|████████▎ | 63/76 [00:01<00:00, 61.12it/s, loss=2.9508]
Epoch 4/100:  83%|████████▎ | 63/76 [00:01<00:00, 61.12it/s, loss=2.7784]
Epoch 4/100:  83%|████████▎ | 63/76 [00:01<00:00, 61.12it/s, loss=2.5960]
Epoch 4/100:  83%|████████▎ | 63/76 [00:01<00:00, 61.12it/s, loss=2.7462]
Epoch 4/100:  83%|████████▎ | 63/76 [00:01<00:00, 61.12it/s, loss=2.8750]
Epoch 4/100:  92%|█████████▏| 70/76 [00:01<00:00, 61.05it/s, loss=2.8750]
Epoch 4/100:  92%|█████████▏| 70/76 [00:01<00:00, 61.05it/s, loss=3.1343]
Epoch 4/100:  92%|█████████▏| 70/76 [00:01<00:00, 61.05it/s, loss=3.1569]
Epoch 4/100:  92%|█████████▏| 70/76 [00:01<00:00, 61.05it/s, loss=3.1085]
Epoch 4/100:  92%|█████████▏| 70/76 [00:01<00:00, 61.05it/s, loss=2.7510]
Epoch 4/100:  92%|█████████▏| 70/76 [00:01<00:00, 61.05it/s, loss=3.1615]
Epoch 4/100:  92%|█████████▏| 70/76 [00:01<00:00, 61.05it/s, loss=2.8018]
Epoch 4/100: 100%|██████████| 76/76 [00:01<00:00, 61.14it/s, loss=2.8018]
Epoch 4/100 - avg_loss: 2.9536

Epoch 5/100:   0%|          | 0/76 [00:00<?, ?it/s]
Epoch 5/100:   0%|          | 0/76 [00:00<?, ?it/s, loss=2.6213]
Epoch 5/100:   0%|          | 0/76 [00:00<?, ?it/s, loss=2.3037]
Epoch 5/100:   0%|          | 0/76 [00:00<?, ?it/s, loss=2.6202]
Epoch 5/100:   0%|          | 0/76 [00:00<?, ?it/s, loss=2.3078]
Epoch 5/100:   0%|          | 0/76 [00:00<?, ?it/s, loss=2.3290]
Epoch 5/100:   0%|          | 0/76 [00:00<?, ?it/s, loss=2.6336]
Epoch 5/100:   0%|          | 0/76 [00:00<?, ?it/s, loss=2.3955]
Epoch 5/100:   9%|▉         | 7/76 [00:00<00:01, 61.09it/s, loss=2.3955]
Epoch 5/100:   9%|▉         | 7/76 [00:00<00:01, 61.09it/s, loss=2.5869]
Epoch 5/100:   9%|▉         | 7/76 [00:00<00:01, 61.09it/s, loss=2.6820]
Epoch 5/100:   9%|▉         | 7/76 [00:00<00:01, 61.09it/s, loss=2.2877]
Epoch 5/100:   9%|▉         | 7/76 [00:00<00:01, 61.09it/s, loss=2.2403]
Epoch 5/100:   9%|▉         | 7/76 [00:00<00:01, 61.09it/s, loss=2.4218]
Epoch 5/100:   9%|▉         | 7/76 [00:00<00:01, 61.09it/s, loss=2.6850]
Epoch 5/100:   9%|▉         | 7/76 [00:00<00:01, 61.09it/s, loss=2.5335]
Epoch 5/100:  18%|█▊        | 14/76 [00:00<00:01, 61.08it/s, loss=2.5335]
Epoch 5/100:  18%|█▊        | 14/76 [00:00<00:01, 61.08it/s, loss=2.5724]
Epoch 5/100:  18%|█▊        | 14/76 [00:00<00:01, 61.08it/s, loss=2.2013]
Epoch 5/100:  18%|█▊        | 14/76 [00:00<00:01, 61.08it/s, loss=2.3474]
Epoch 5/100:  18%|█▊        | 14/76 [00:00<00:01, 61.08it/s, loss=2.5578]
Epoch 5/100:  18%|█▊        | 14/76 [00:00<00:01, 61.08it/s, loss=2.5233]
Epoch 5/100:  18%|█▊        | 14/76 [00:00<00:01, 61.08it/s, loss=2.1502]
Epoch 5/100:  18%|█▊        | 14/76 [00:00<00:01, 61.08it/s, loss=2.4062]
Epoch 5/100:  28%|██▊       | 21/76 [00:00<00:00, 61.23it/s, loss=2.4062]
Epoch 5/100:  28%|██▊       | 21/76 [00:00<00:00, 61.23it/s, loss=2.7265]
Epoch 5/100:  28%|██▊       | 21/76 [00:00<00:00, 61.23it/s, loss=2.6881]
Epoch 5/100:  28%|██▊       | 21/76 [00:00<00:00, 61.23it/s, loss=2.2336]
Epoch 5/100:  28%|██▊       | 21/76 [00:00<00:00, 61.23it/s, loss=2.7840]
Epoch 5/100:  28%|██▊       | 21/76 [00:00<00:00, 61.23it/s, loss=2.5721]
Epoch 5/100:  28%|██▊       | 21/76 [00:00<00:00, 61.23it/s, loss=2.5734]
Epoch 5/100:  28%|██▊       | 21/76 [00:00<00:00, 61.23it/s, loss=2.2103]
Epoch 5/100:  37%|███▋      | 28/76 [00:00<00:00, 61.31it/s, loss=2.2103]
Epoch 5/100:  37%|███▋      | 28/76 [00:00<00:00, 61.31it/s, loss=2.7065]
Epoch 5/100:  37%|███▋      | 28/76 [00:00<00:00, 61.31it/s, loss=2.7955]
Epoch 5/100:  37%|███▋      | 28/76 [00:00<00:00, 61.31it/s, loss=2.5394]
Epoch 5/100:  37%|███▋      | 28/76 [00:00<00:00, 61.31it/s, loss=2.7068]
Epoch 5/100:  37%|███▋      | 28/76 [00:00<00:00, 61.31it/s, loss=2.4660]
Epoch 5/100:  37%|███▋      | 28/76 [00:00<00:00, 61.31it/s, loss=2.6555]
Epoch 5/100:  37%|███▋      | 28/76 [00:00<00:00, 61.31it/s, loss=2.6104]
Epoch 5/100:  46%|████▌     | 35/76 [00:00<00:00, 61.35it/s, loss=2.6104]
Epoch 5/100:  46%|████▌     | 35/76 [00:00<00:00, 61.35it/s, loss=2.5306]
Epoch 5/100:  46%|████▌     | 35/76 [00:00<00:00, 61.35it/s, loss=2.8018]
Epoch 5/100:  46%|████▌     | 35/76 [00:00<00:00, 61.35it/s, loss=2.8810]
Epoch 5/100:  46%|████▌     | 35/76 [00:00<00:00, 61.35it/s, loss=2.4894]
Epoch 5/100:  46%|████▌     | 35/76 [00:00<00:00, 61.35it/s, loss=2.4702]
Epoch 5/100:  46%|████▌     | 35/76 [00:00<00:00, 61.35it/s, loss=2.7360]
Epoch 5/100:  46%|████▌     | 35/76 [00:00<00:00, 61.35it/s, loss=2.6988]
Epoch 5/100:  55%|█████▌    | 42/76 [00:00<00:00, 61.40it/s, loss=2.6988]
Epoch 5/100:  55%|█████▌    | 42/76 [00:00<00:00, 61.40it/s, loss=2.2684]
Epoch 5/100:  55%|█████▌    | 42/76 [00:00<00:00, 61.40it/s, loss=2.4525]
Epoch 5/100:  55%|█████▌    | 42/76 [00:00<00:00, 61.40it/s, loss=2.5867]
Epoch 5/100:  55%|█████▌    | 42/76 [00:00<00:00, 61.40it/s, loss=2.8877]
Epoch 5/100:  55%|█████▌    | 42/76 [00:00<00:00, 61.40it/s, loss=2.7152]
Epoch 5/100:  55%|█████▌    | 42/76 [00:00<00:00, 61.40it/s, loss=2.7153]
Epoch 5/100:  55%|█████▌    | 42/76 [00:00<00:00, 61.40it/s, loss=2.7838]
Epoch 5/100:  64%|██████▍   | 49/76 [00:00<00:00, 61.30it/s, loss=2.7838]
Epoch 5/100:  64%|██████▍   | 49/76 [00:00<00:00, 61.30it/s, loss=2.3484]
Epoch 5/100:  64%|██████▍   | 49/76 [00:00<00:00, 61.30it/s, loss=2.6890]
Epoch 5/100:  64%|██████▍   | 49/76 [00:00<00:00, 61.30it/s, loss=2.6816]
Epoch 5/100:  64%|██████▍   | 49/76 [00:00<00:00, 61.30it/s, loss=2.8872]
Epoch 5/100:  64%|██████▍   | 49/76 [00:00<00:00, 61.30it/s, loss=2.9668]
Epoch 5/100:  64%|██████▍   | 49/76 [00:00<00:00, 61.30it/s, loss=2.4187]
Epoch 5/100:  64%|██████▍   | 49/76 [00:00<00:00, 61.30it/s, loss=2.5633]
Epoch 5/100:  74%|███████▎  | 56/76 [00:00<00:00, 61.27it/s, loss=2.5633]
Epoch 5/100:  74%|███████▎  | 56/76 [00:00<00:00, 61.27it/s, loss=2.1724]
Epoch 5/100:  74%|███████▎  | 56/76 [00:00<00:00, 61.27it/s, loss=2.6262]
Epoch 5/100:  74%|███████▎  | 56/76 [00:00<00:00, 61.27it/s, loss=3.0581]
Epoch 5/100:  74%|███████▎  | 56/76 [00:00<00:00, 61.27it/s, loss=2.6067]
Epoch 5/100:  74%|███████▎  | 56/76 [00:00<00:00, 61.27it/s, loss=2.7241]
Epoch 5/100:  74%|███████▎  | 56/76 [00:01<00:00, 61.27it/s, loss=2.4252]
Epoch 5/100:  74%|███████▎  | 56/76 [00:01<00:00, 61.27it/s, loss=2.7243]
Epoch 5/100:  83%|████████▎ | 63/76 [00:01<00:00, 61.23it/s, loss=2.7243]
Epoch 5/100:  83%|████████▎ | 63/76 [00:01<00:00, 61.23it/s, loss=2.8957]
Epoch 5/100:  83%|████████▎ | 63/76 [00:01<00:00, 61.23it/s, loss=2.3019]
Epoch 5/100:  83%|████████▎ | 63/76 [00:01<00:00, 61.23it/s, loss=2.6683]
Epoch 5/100:  83%|████████▎ | 63/76 [00:01<00:00, 61.23it/s, loss=2.9796]
Epoch 5/100:  83%|████████▎ | 63/76 [00:01<00:00, 61.23it/s, loss=2.9977]
Epoch 5/100:  83%|████████▎ | 63/76 [00:01<00:00, 61.23it/s, loss=3.1267]
Epoch 5/100:  83%|████████▎ | 63/76 [00:01<00:00, 61.23it/s, loss=2.8545]
Epoch 5/100:  92%|█████████▏| 70/76 [00:01<00:00, 61.10it/s, loss=2.8545]
Epoch 5/100:  92%|█████████▏| 70/76 [00:01<00:00, 61.10it/s, loss=2.7078]
Epoch 5/100:  92%|█████████▏| 70/76 [00:01<00:00, 61.10it/s, loss=3.0163]
Epoch 5/100:  92%|█████████▏| 70/76 [00:01<00:00, 61.10it/s, loss=3.0498]
Epoch 5/100:  92%|█████████▏| 70/76 [00:01<00:00, 61.10it/s, loss=2.5710]
Epoch 5/100:  92%|█████████▏| 70/76 [00:01<00:00, 61.10it/s, loss=2.5003]
Epoch 5/100:  92%|█████████▏| 70/76 [00:01<00:00, 61.10it/s, loss=2.6959]
Epoch 5/100: 100%|██████████| 76/76 [00:01<00:00, 61.24it/s, loss=2.6959]
Epoch 5/100 - avg_loss: 2.6046

Epoch 6/100:   0%|          | 0/76 [00:00<?, ?it/s]
Epoch 6/100:   0%|          | 0/76 [00:00<?, ?it/s, loss=1.9574]
Epoch 6/100:   0%|          | 0/76 [00:00<?, ?it/s, loss=2.1281]
Epoch 6/100:   0%|          | 0/76 [00:00<?, ?it/s, loss=2.1455]
Epoch 6/100:   0%|          | 0/76 [00:00<?, ?it/s, loss=2.1462]
Epoch 6/100:   0%|          | 0/76 [00:00<?, ?it/s, loss=2.3566]
Epoch 6/100:   0%|          | 0/76 [00:00<?, ?it/s, loss=2.3531]
Epoch 6/100:   0%|          | 0/76 [00:00<?, ?it/s, loss=2.4005]
Epoch 6/100:   9%|▉         | 7/76 [00:00<00:01, 61.37it/s, loss=2.4005]
Epoch 6/100:   9%|▉         | 7/76 [00:00<00:01, 61.37it/s, loss=2.4811]
Epoch 6/100:   9%|▉         | 7/76 [00:00<00:01, 61.37it/s, loss=2.3049]
Epoch 6/100:   9%|▉         | 7/76 [00:00<00:01, 61.37it/s, loss=2.0657]
Epoch 6/100:   9%|▉         | 7/76 [00:00<00:01, 61.37it/s, loss=2.1331]
Epoch 6/100:   9%|▉         | 7/76 [00:00<00:01, 61.37it/s, loss=2.2545]
Epoch 6/100:   9%|▉         | 7/76 [00:00<00:01, 61.37it/s, loss=2.4846]
Epoch 6/100:   9%|▉         | 7/76 [00:00<00:01, 61.37it/s, loss=2.0272]
Epoch 6/100:  18%|█▊        | 14/76 [00:00<00:01, 61.42it/s, loss=2.0272]
Epoch 6/100:  18%|█▊        | 14/76 [00:00<00:01, 61.42it/s, loss=2.2091]
Epoch 6/100:  18%|█▊        | 14/76 [00:00<00:01, 61.42it/s, loss=2.2617]
Epoch 6/100:  18%|█▊        | 14/76 [00:00<00:01, 61.42it/s, loss=2.0609]
Epoch 6/100:  18%|█▊        | 14/76 [00:00<00:01, 61.42it/s, loss=2.2767]
Epoch 6/100:  18%|█▊        | 14/76 [00:00<00:01, 61.42it/s, loss=2.2895]
Epoch 6/100:  18%|█▊        | 14/76 [00:00<00:01, 61.42it/s, loss=2.4544]
Epoch 6/100:  18%|█▊        | 14/76 [00:00<00:01, 61.42it/s, loss=2.4336]
Epoch 6/100:  28%|██▊       | 21/76 [00:00<00:00, 61.48it/s, loss=2.4336]
Epoch 6/100:  28%|██▊       | 21/76 [00:00<00:00, 61.48it/s, loss=2.2466]
Epoch 6/100:  28%|██▊       | 21/76 [00:00<00:00, 61.48it/s, loss=2.0345]
Epoch 6/100:  28%|██▊       | 21/76 [00:00<00:00, 61.48it/s, loss=1.9624]
Epoch 6/100:  28%|██▊       | 21/76 [00:00<00:00, 61.48it/s, loss=2.1413]
Epoch 6/100:  28%|██▊       | 21/76 [00:00<00:00, 61.48it/s, loss=2.5123]
Epoch 6/100:  28%|██▊       | 21/76 [00:00<00:00, 61.48it/s, loss=2.0379]
Epoch 6/100:  28%|██▊       | 21/76 [00:00<00:00, 61.48it/s, loss=2.4401]
Epoch 6/100:  37%|███▋      | 28/76 [00:00<00:00, 61.41it/s, loss=2.4401]
Epoch 6/100:  37%|███▋      | 28/76 [00:00<00:00, 61.41it/s, loss=2.5132]
Epoch 6/100:  37%|███▋      | 28/76 [00:00<00:00, 61.41it/s, loss=2.2535]
Epoch 6/100:  37%|███▋      | 28/76 [00:00<00:00, 61.41it/s, loss=2.0536]
Epoch 6/100:  37%|███▋      | 28/76 [00:00<00:00, 61.41it/s, loss=2.3213]
Epoch 6/100:  37%|███▋      | 28/76 [00:00<00:00, 61.41it/s, loss=2.2338]
Epoch 6/100:  37%|███▋      | 28/76 [00:00<00:00, 61.41it/s, loss=2.4140]
Epoch 6/100:  37%|███▋      | 28/76 [00:00<00:00, 61.41it/s, loss=2.5774]
Epoch 6/100:  46%|████▌     | 35/76 [00:00<00:00, 61.40it/s, loss=2.5774]
Epoch 6/100:  46%|████▌     | 35/76 [00:00<00:00, 61.40it/s, loss=2.5615]
Epoch 6/100:  46%|████▌     | 35/76 [00:00<00:00, 61.40it/s, loss=2.3694]
Epoch 6/100:  46%|████▌     | 35/76 [00:00<00:00, 61.40it/s, loss=2.1682]
Epoch 6/100:  46%|████▌     | 35/76 [00:00<00:00, 61.40it/s, loss=2.3608]
Epoch 6/100:  46%|████▌     | 35/76 [00:00<00:00, 61.40it/s, loss=2.0883]
Epoch 6/100:  46%|████▌     | 35/76 [00:00<00:00, 61.40it/s, loss=2.9728]
Epoch 6/100:  46%|████▌     | 35/76 [00:00<00:00, 61.40it/s, loss=2.3003]
Epoch 6/100:  55%|█████▌    | 42/76 [00:00<00:00, 61.40it/s, loss=2.3003]
Epoch 6/100:  55%|█████▌    | 42/76 [00:00<00:00, 61.40it/s, loss=2.3943]
Epoch 6/100:  55%|█████▌    | 42/76 [00:00<00:00, 61.40it/s, loss=2.6958]
Epoch 6/100:  55%|█████▌    | 42/76 [00:00<00:00, 61.40it/s, loss=2.1387]
Epoch 6/100:  55%|█████▌    | 42/76 [00:00<00:00, 61.40it/s, loss=2.5846]
Epoch 6/100:  55%|█████▌    | 42/76 [00:00<00:00, 61.40it/s, loss=2.2761]
Epoch 6/100:  55%|█████▌    | 42/76 [00:00<00:00, 61.40it/s, loss=2.5243]
Epoch 6/100:  55%|█████▌    | 42/76 [00:00<00:00, 61.40it/s, loss=2.2113]
Epoch 6/100:  64%|██████▍   | 49/76 [00:00<00:00, 61.42it/s, loss=2.2113]
Epoch 6/100:  64%|██████▍   | 49/76 [00:00<00:00, 61.42it/s, loss=2.6913]
Epoch 6/100:  64%|██████▍   | 49/76 [00:00<00:00, 61.42it/s, loss=2.5782]
Epoch 6/100:  64%|██████▍   | 49/76 [00:00<00:00, 61.42it/s, loss=2.6491]
Epoch 6/100:  64%|██████▍   | 49/76 [00:00<00:00, 61.42it/s, loss=2.4806]
Epoch 6/100:  64%|██████▍   | 49/76 [00:00<00:00, 61.42it/s, loss=2.2860]
Epoch 6/100:  64%|██████▍   | 49/76 [00:00<00:00, 61.42it/s, loss=2.4492]
Epoch 6/100:  64%|██████▍   | 49/76 [00:00<00:00, 61.42it/s, loss=2.2602]
Epoch 6/100:  74%|███████▎  | 56/76 [00:00<00:00, 61.44it/s, loss=2.2602]
Epoch 6/100:  74%|███████▎  | 56/76 [00:00<00:00, 61.44it/s, loss=2.4277]
Epoch 6/100:  74%|███████▎  | 56/76 [00:00<00:00, 61.44it/s, loss=2.5362]
Epoch 6/100:  74%|███████▎  | 56/76 [00:00<00:00, 61.44it/s, loss=2.1744]
Epoch 6/100:  74%|███████▎  | 56/76 [00:00<00:00, 61.44it/s, loss=2.6273]
Epoch 6/100:  74%|███████▎  | 56/76 [00:01<00:00, 61.44it/s, loss=2.5354]
Epoch 6/100:  74%|███████▎  | 56/76 [00:01<00:00, 61.44it/s, loss=2.8501]
Epoch 6/100:  74%|███████▎  | 56/76 [00:01<00:00, 61.44it/s, loss=2.3298]
Epoch 6/100:  83%|████████▎ | 63/76 [00:01<00:00, 60.04it/s, loss=2.3298]
Epoch 6/100:  83%|████████▎ | 63/76 [00:01<00:00, 60.04it/s, loss=2.3747]
Epoch 6/100:  83%|████████▎ | 63/76 [00:01<00:00, 60.04it/s, loss=2.5856]
Epoch 6/100:  83%|████████▎ | 63/76 [00:01<00:00, 60.04it/s, loss=2.5980]
Epoch 6/100:  83%|████████▎ | 63/76 [00:01<00:00, 60.04it/s, loss=2.3507]
Epoch 6/100:  83%|████████▎ | 63/76 [00:01<00:00, 60.04it/s, loss=2.6293]
Epoch 6/100:  83%|████████▎ | 63/76 [00:01<00:00, 60.04it/s, loss=2.5433]
Epoch 6/100:  83%|████████▎ | 63/76 [00:01<00:00, 60.04it/s, loss=2.3565]
Epoch 6/100:  92%|█████████▏| 70/76 [00:01<00:00, 60.21it/s, loss=2.3565]
Epoch 6/100:  92%|█████████▏| 70/76 [00:01<00:00, 60.21it/s, loss=2.4668]
Epoch 6/100:  92%|█████████▏| 70/76 [00:01<00:00, 60.21it/s, loss=2.8537]
Epoch 6/100:  92%|█████████▏| 70/76 [00:01<00:00, 60.21it/s, loss=2.3962]
Epoch 6/100:  92%|█████████▏| 70/76 [00:01<00:00, 60.21it/s, loss=2.6126]
Epoch 6/100:  92%|█████████▏| 70/76 [00:01<00:00, 60.21it/s, loss=2.3895]
Epoch 6/100:  92%|█████████▏| 70/76 [00:01<00:00, 60.21it/s, loss=2.1446]
Epoch 6/100: 100%|██████████| 76/76 [00:01<00:00, 60.90it/s, loss=2.1446]
Epoch 6/100 - avg_loss: 2.3657

Epoch 7/100:   0%|          | 0/76 [00:00<?, ?it/s]
Epoch 7/100:   0%|          | 0/76 [00:00<?, ?it/s, loss=2.0021]
Epoch 7/100:   0%|          | 0/76 [00:00<?, ?it/s, loss=1.9719]
Epoch 7/100:   0%|          | 0/76 [00:00<?, ?it/s, loss=2.0537]
Epoch 7/100:   0%|          | 0/76 [00:00<?, ?it/s, loss=1.9104]
Epoch 7/100:   0%|          | 0/76 [00:00<?, ?it/s, loss=2.0386]
Epoch 7/100:   0%|          | 0/76 [00:00<?, ?it/s, loss=1.7012]
Epoch 7/100:   0%|          | 0/76 [00:00<?, ?it/s, loss=2.0100]
Epoch 7/100:   9%|▉         | 7/76 [00:00<00:01, 60.03it/s, loss=2.0100]
Epoch 7/100:   9%|▉         | 7/76 [00:00<00:01, 60.03it/s, loss=1.9217]
Epoch 7/100:   9%|▉         | 7/76 [00:00<00:01, 60.03it/s, loss=1.7081]
Epoch 7/100:   9%|▉         | 7/76 [00:00<00:01, 60.03it/s, loss=2.0345]
Epoch 7/100:   9%|▉         | 7/76 [00:00<00:01, 60.03it/s, loss=1.9223]
Epoch 7/100:   9%|▉         | 7/76 [00:00<00:01, 60.03it/s, loss=2.1090]
Epoch 7/100:   9%|▉         | 7/76 [00:00<00:01, 60.03it/s, loss=2.0794]
Epoch 7/100:   9%|▉         | 7/76 [00:00<00:01, 60.03it/s, loss=2.1036]
Epoch 7/100:  18%|█▊        | 14/76 [00:00<00:01, 60.73it/s, loss=2.1036]
Epoch 7/100:  18%|█▊        | 14/76 [00:00<00:01, 60.73it/s, loss=1.9540]
Epoch 7/100:  18%|█▊        | 14/76 [00:00<00:01, 60.73it/s, loss=2.0581]
Epoch 7/100:  18%|█▊        | 14/76 [00:00<00:01, 60.73it/s, loss=2.0517]
Epoch 7/100:  18%|█▊        | 14/76 [00:00<00:01, 60.73it/s, loss=1.9747]
Epoch 7/100:  18%|█▊        | 14/76 [00:00<00:01, 60.73it/s, loss=1.7548]
Epoch 7/100:  18%|█▊        | 14/76 [00:00<00:01, 60.73it/s, loss=2.1267]
Epoch 7/100:  18%|█▊        | 14/76 [00:00<00:01, 60.73it/s, loss=2.0087]
Epoch 7/100:  28%|██▊       | 21/76 [00:00<00:00, 60.80it/s, loss=2.0087]
Epoch 7/100:  28%|██▊       | 21/76 [00:00<00:00, 60.80it/s, loss=2.4548]
Epoch 7/100:  28%|██▊       | 21/76 [00:00<00:00, 60.80it/s, loss=2.1902]
Epoch 7/100:  28%|██▊       | 21/76 [00:00<00:00, 60.80it/s, loss=1.9388]
Epoch 7/100:  28%|██▊       | 21/76 [00:00<00:00, 60.80it/s, loss=2.1561]
Epoch 7/100:  28%|██▊       | 21/76 [00:00<00:00, 60.80it/s, loss=1.6939]
Epoch 7/100:  28%|██▊       | 21/76 [00:00<00:00, 60.80it/s, loss=2.0042]
Epoch 7/100:  28%|██▊       | 21/76 [00:00<00:00, 60.80it/s, loss=2.1241]
Epoch 7/100:  37%|███▋      | 28/76 [00:00<00:00, 60.81it/s, loss=2.1241]
Epoch 7/100:  37%|███▋      | 28/76 [00:00<00:00, 60.81it/s, loss=2.2107]
Epoch 7/100:  37%|███▋      | 28/76 [00:00<00:00, 60.81it/s, loss=2.0884]
Epoch 7/100:  37%|███▋      | 28/76 [00:00<00:00, 60.81it/s, loss=1.9566]
Epoch 7/100:  37%|███▋      | 28/76 [00:00<00:00, 60.81it/s, loss=2.3153]
Epoch 7/100:  37%|███▋      | 28/76 [00:00<00:00, 60.81it/s, loss=2.0514]
Epoch 7/100:  37%|███▋      | 28/76 [00:00<00:00, 60.81it/s, loss=2.2359]
Epoch 7/100:  37%|███▋      | 28/76 [00:00<00:00, 60.81it/s, loss=2.1491]
Epoch 7/100:  46%|████▌     | 35/76 [00:00<00:00, 60.72it/s, loss=2.1491]
Epoch 7/100:  46%|████▌     | 35/76 [00:00<00:00, 60.72it/s, loss=2.1525]
Epoch 7/100:  46%|████▌     | 35/76 [00:00<00:00, 60.72it/s, loss=2.3016]
Epoch 7/100:  46%|████▌     | 35/76 [00:00<00:00, 60.72it/s, loss=2.0143]
Epoch 7/100:  46%|████▌     | 35/76 [00:00<00:00, 60.72it/s, loss=2.1924]
Epoch 7/100:  46%|████▌     | 35/76 [00:00<00:00, 60.72it/s, loss=2.1037]
Epoch 7/100:  46%|████▌     | 35/76 [00:00<00:00, 60.72it/s, loss=2.2768]
Epoch 7/100:  46%|████▌     | 35/76 [00:00<00:00, 60.72it/s, loss=2.1359]
Epoch 7/100:  55%|█████▌    | 42/76 [00:00<00:00, 60.61it/s, loss=2.1359]
Epoch 7/100:  55%|█████▌    | 42/76 [00:00<00:00, 60.61it/s, loss=1.9602]
Epoch 7/100:  55%|█████▌    | 42/76 [00:00<00:00, 60.61it/s, loss=2.7222]
Epoch 7/100:  55%|█████▌    | 42/76 [00:00<00:00, 60.61it/s, loss=2.4287]
Epoch 7/100:  55%|█████▌    | 42/76 [00:00<00:00, 60.61it/s, loss=2.4060]
Epoch 7/100:  55%|█████▌    | 42/76 [00:00<00:00, 60.61it/s, loss=2.2837]
Epoch 7/100:  55%|█████▌    | 42/76 [00:00<00:00, 60.61it/s, loss=2.3473]
Epoch 7/100:  55%|█████▌    | 42/76 [00:00<00:00, 60.61it/s, loss=2.0412]
Epoch 7/100:  64%|██████▍   | 49/76 [00:00<00:00, 60.66it/s, loss=2.0412]
Epoch 7/100:  64%|██████▍   | 49/76 [00:00<00:00, 60.66it/s, loss=2.0088]
Epoch 7/100:  64%|██████▍   | 49/76 [00:00<00:00, 60.66it/s, loss=2.0236]
Epoch 7/100:  64%|██████▍   | 49/76 [00:00<00:00, 60.66it/s, loss=2.3110]
Epoch 7/100:  64%|██████▍   | 49/76 [00:00<00:00, 60.66it/s, loss=2.3180]
Epoch 7/100:  64%|██████▍   | 49/76 [00:00<00:00, 60.66it/s, loss=1.9815]
Epoch 7/100:  64%|██████▍   | 49/76 [00:00<00:00, 60.66it/s, loss=2.7295]
Epoch 7/100:  64%|██████▍   | 49/76 [00:00<00:00, 60.66it/s, loss=2.2000]
Epoch 7/100:  74%|███████▎  | 56/76 [00:00<00:00, 60.65it/s, loss=2.2000]
Epoch 7/100:  74%|███████▎  | 56/76 [00:00<00:00, 60.65it/s, loss=2.0345]
Epoch 7/100:  74%|███████▎  | 56/76 [00:00<00:00, 60.65it/s, loss=2.5212]
Epoch 7/100:  74%|███████▎  | 56/76 [00:00<00:00, 60.65it/s, loss=2.2633]
Epoch 7/100:  74%|███████▎  | 56/76 [00:00<00:00, 60.65it/s, loss=2.1920]
Epoch 7/100:  74%|███████▎  | 56/76 [00:01<00:00, 60.65it/s, loss=2.4500]
Epoch 7/100:  74%|███████▎  | 56/76 [00:01<00:00, 60.65it/s, loss=2.3213]
Epoch 7/100:  74%|███████▎  | 56/76 [00:01<00:00, 60.65it/s, loss=2.4443]
Epoch 7/100:  83%|████████▎ | 63/76 [00:01<00:00, 60.63it/s, loss=2.4443]
Epoch 7/100:  83%|████████▎ | 63/76 [00:01<00:00, 60.63it/s, loss=2.3686]
Epoch 7/100:  83%|████████▎ | 63/76 [00:01<00:00, 60.63it/s, loss=2.1441]
Epoch 7/100:  83%|████████▎ | 63/76 [00:01<00:00, 60.63it/s, loss=2.3864]
Epoch 7/100:  83%|████████▎ | 63/76 [00:01<00:00, 60.63it/s, loss=2.3458]
Epoch 7/100:  83%|████████▎ | 63/76 [00:01<00:00, 60.63it/s, loss=2.2737]
Epoch 7/100:  83%|████████▎ | 63/76 [00:01<00:00, 60.63it/s, loss=2.4838]
Epoch 7/100:  83%|████████▎ | 63/76 [00:01<00:00, 60.63it/s, loss=2.4542]
Epoch 7/100:  92%|█████████▏| 70/76 [00:01<00:00, 60.54it/s, loss=2.4542]
Epoch 7/100:  92%|█████████▏| 70/76 [00:01<00:00, 60.54it/s, loss=2.2358]
Epoch 7/100:  92%|█████████▏| 70/76 [00:01<00:00, 60.54it/s, loss=2.2680]
Epoch 7/100:  92%|█████████▏| 70/76 [00:01<00:00, 60.54it/s, loss=2.2574]
Epoch 7/100:  92%|█████████▏| 70/76 [00:01<00:00, 60.54it/s, loss=2.5696]
Epoch 7/100:  92%|█████████▏| 70/76 [00:01<00:00, 60.54it/s, loss=1.8104]
Epoch 7/100:  92%|█████████▏| 70/76 [00:01<00:00, 60.54it/s, loss=2.1423]
Epoch 7/100: 100%|██████████| 76/76 [00:01<00:00, 60.63it/s, loss=2.1423]
Epoch 7/100 - avg_loss: 2.1575

Epoch 8/100:   0%|          | 0/76 [00:00<?, ?it/s]
Epoch 8/100:   0%|          | 0/76 [00:00<?, ?it/s, loss=2.0483]
Epoch 8/100:   0%|          | 0/76 [00:00<?, ?it/s, loss=1.8392]
Epoch 8/100:   0%|          | 0/76 [00:00<?, ?it/s, loss=1.8154]
Epoch 8/100:   0%|          | 0/76 [00:00<?, ?it/s, loss=1.8658]
Epoch 8/100:   0%|          | 0/76 [00:00<?, ?it/s, loss=2.0356]
Epoch 8/100:   0%|          | 0/76 [00:00<?, ?it/s, loss=1.6638]
Epoch 8/100:   0%|          | 0/76 [00:00<?, ?it/s, loss=1.9427]
Epoch 8/100:   9%|▉         | 7/76 [00:00<00:01, 60.67it/s, loss=1.9427]
Epoch 8/100:   9%|▉         | 7/76 [00:00<00:01, 60.67it/s, loss=1.7543]
Epoch 8/100:   9%|▉         | 7/76 [00:00<00:01, 60.67it/s, loss=2.0295]
Epoch 8/100:   9%|▉         | 7/76 [00:00<00:01, 60.67it/s, loss=1.9487]
Epoch 8/100:   9%|▉         | 7/76 [00:00<00:01, 60.67it/s, loss=1.8107]
Epoch 8/100:   9%|▉         | 7/76 [00:00<00:01, 60.67it/s, loss=1.8583]
Epoch 8/100:   9%|▉         | 7/76 [00:00<00:01, 60.67it/s, loss=2.2066]
Epoch 8/100:   9%|▉         | 7/76 [00:00<00:01, 60.67it/s, loss=1.9889]
Epoch 8/100:  18%|█▊        | 14/76 [00:00<00:01, 60.63it/s, loss=1.9889]
Epoch 8/100:  18%|█▊        | 14/76 [00:00<00:01, 60.63it/s, loss=2.1604]
Epoch 8/100:  18%|█▊        | 14/76 [00:00<00:01, 60.63it/s, loss=1.7001]
Epoch 8/100:  18%|█▊        | 14/76 [00:00<00:01, 60.63it/s, loss=1.8124]
Epoch 8/100:  18%|█▊        | 14/76 [00:00<00:01, 60.63it/s, loss=1.9347]
Epoch 8/100:  18%|█▊        | 14/76 [00:00<00:01, 60.63it/s, loss=1.4763]
Epoch 8/100:  18%|█▊        | 14/76 [00:00<00:01, 60.63it/s, loss=1.4452]
Epoch 8/100:  18%|█▊        | 14/76 [00:00<00:01, 60.63it/s, loss=1.6782]
Epoch 8/100:  28%|██▊       | 21/76 [00:00<00:00, 60.56it/s, loss=1.6782]
Epoch 8/100:  28%|██▊       | 21/76 [00:00<00:00, 60.56it/s, loss=1.7902]
Epoch 8/100:  28%|██▊       | 21/76 [00:00<00:00, 60.56it/s, loss=2.0798]
Epoch 8/100:  28%|██▊       | 21/76 [00:00<00:00, 60.56it/s, loss=2.1410]
Epoch 8/100:  28%|██▊       | 21/76 [00:00<00:00, 60.56it/s, loss=1.7288]
Epoch 8/100:  28%|██▊       | 21/76 [00:00<00:00, 60.56it/s, loss=1.7522]
Epoch 8/100:  28%|██▊       | 21/76 [00:00<00:00, 60.56it/s, loss=2.4212]
Epoch 8/100:  28%|██▊       | 21/76 [00:00<00:00, 60.56it/s, loss=1.8536]
Epoch 8/100:  37%|███▋      | 28/76 [00:00<00:00, 60.62it/s, loss=1.8536]
Epoch 8/100:  37%|███▋      | 28/76 [00:00<00:00, 60.62it/s, loss=1.8781]
Epoch 8/100:  37%|███▋      | 28/76 [00:00<00:00, 60.62it/s, loss=1.8890]
Epoch 8/100:  37%|███▋      | 28/76 [00:00<00:00, 60.62it/s, loss=2.1203]
Epoch 8/100:  37%|███▋      | 28/76 [00:00<00:00, 60.62it/s, loss=1.8963]
Epoch 8/100:  37%|███▋      | 28/76 [00:00<00:00, 60.62it/s, loss=1.7919]
Epoch 8/100:  37%|███▋      | 28/76 [00:00<00:00, 60.62it/s, loss=2.0618]
Epoch 8/100:  37%|███▋      | 28/76 [00:00<00:00, 60.62it/s, loss=2.1838]
Epoch 8/100:  46%|████▌     | 35/76 [00:00<00:00, 60.68it/s, loss=2.1838]
Epoch 8/100:  46%|████▌     | 35/76 [00:00<00:00, 60.68it/s, loss=1.9152]
Epoch 8/100:  46%|████▌     | 35/76 [00:00<00:00, 60.68it/s, loss=1.9385]
Epoch 8/100:  46%|████▌     | 35/76 [00:00<00:00, 60.68it/s, loss=1.7789]
Epoch 8/100:  46%|████▌     | 35/76 [00:00<00:00, 60.68it/s, loss=1.9851]
Epoch 8/100:  46%|████▌     | 35/76 [00:00<00:00, 60.68it/s, loss=2.1432]
Epoch 8/100:  46%|████▌     | 35/76 [00:00<00:00, 60.68it/s, loss=1.9216]
Epoch 8/100:  46%|████▌     | 35/76 [00:00<00:00, 60.68it/s, loss=2.0723]
Epoch 8/100:  55%|█████▌    | 42/76 [00:00<00:00, 60.72it/s, loss=2.0723]
Epoch 8/100:  55%|█████▌    | 42/76 [00:00<00:00, 60.72it/s, loss=1.8929]
Epoch 8/100:  55%|█████▌    | 42/76 [00:00<00:00, 60.72it/s, loss=2.2492]
Epoch 8/100:  55%|█████▌    | 42/76 [00:00<00:00, 60.72it/s, loss=2.1438]
Epoch 8/100:  55%|█████▌    | 42/76 [00:00<00:00, 60.72it/s, loss=2.1864]
Epoch 8/100:  55%|█████▌    | 42/76 [00:00<00:00, 60.72it/s, loss=1.9131]
Epoch 8/100:  55%|█████▌    | 42/76 [00:00<00:00, 60.72it/s, loss=2.0646]
Epoch 8/100:  55%|█████▌    | 42/76 [00:00<00:00, 60.72it/s, loss=1.7898]
Epoch 8/100:  64%|██████▍   | 49/76 [00:00<00:00, 60.78it/s, loss=1.7898]
Epoch 8/100:  64%|██████▍   | 49/76 [00:00<00:00, 60.78it/s, loss=2.4551]
Epoch 8/100:  64%|██████▍   | 49/76 [00:00<00:00, 60.78it/s, loss=2.4362]
Epoch 8/100:  64%|██████▍   | 49/76 [00:00<00:00, 60.78it/s, loss=2.1272]
Epoch 8/100:  64%|██████▍   | 49/76 [00:00<00:00, 60.78it/s, loss=2.1364]
Epoch 8/100:  64%|██████▍   | 49/76 [00:00<00:00, 60.78it/s, loss=1.9361]
Epoch 8/100:  64%|██████▍   | 49/76 [00:00<00:00, 60.78it/s, loss=2.2430]
Epoch 8/100:  64%|██████▍   | 49/76 [00:00<00:00, 60.78it/s, loss=2.0165]
Epoch 8/100:  74%|███████▎  | 56/76 [00:00<00:00, 60.72it/s, loss=2.0165]
Epoch 8/100:  74%|███████▎  | 56/76 [00:00<00:00, 60.72it/s, loss=2.1967]
Epoch 8/100:  74%|███████▎  | 56/76 [00:00<00:00, 60.72it/s, loss=2.0424]
Epoch 8/100:  74%|███████▎  | 56/76 [00:00<00:00, 60.72it/s, loss=1.9275]
Epoch 8/100:  74%|███████▎  | 56/76 [00:00<00:00, 60.72it/s, loss=1.9608]
Epoch 8/100:  74%|███████▎  | 56/76 [00:01<00:00, 60.72it/s, loss=2.3084]
Epoch 8/100:  74%|███████▎  | 56/76 [00:01<00:00, 60.72it/s, loss=2.5225]
Epoch 8/100:  74%|███████▎  | 56/76 [00:01<00:00, 60.72it/s, loss=2.0847]
Epoch 8/100:  83%|████████▎ | 63/76 [00:01<00:00, 60.74it/s, loss=2.0847]
Epoch 8/100:  83%|████████▎ | 63/76 [00:01<00:00, 60.74it/s, loss=2.2165]
Epoch 8/100:  83%|████████▎ | 63/76 [00:01<00:00, 60.74it/s, loss=2.1386]
Epoch 8/100:  83%|████████▎ | 63/76 [00:01<00:00, 60.74it/s, loss=2.6056]
Epoch 8/100:  83%|████████▎ | 63/76 [00:01<00:00, 60.74it/s, loss=2.0864]
Epoch 8/100:  83%|████████▎ | 63/76 [00:01<00:00, 60.74it/s, loss=2.0201]
Epoch 8/100:  83%|████████▎ | 63/76 [00:01<00:00, 60.74it/s, loss=2.1506]
Epoch 8/100:  83%|████████▎ | 63/76 [00:01<00:00, 60.74it/s, loss=2.1509]
Epoch 8/100:  92%|█████████▏| 70/76 [00:01<00:00, 60.75it/s, loss=2.1509]
Epoch 8/100:  92%|█████████▏| 70/76 [00:01<00:00, 60.75it/s, loss=1.9221]
Epoch 8/100:  92%|█████████▏| 70/76 [00:01<00:00, 60.75it/s, loss=2.1801]
Epoch 8/100:  92%|█████████▏| 70/76 [00:01<00:00, 60.75it/s, loss=2.2256]
Epoch 8/100:  92%|█████████▏| 70/76 [00:01<00:00, 60.75it/s, loss=2.7704]
Epoch 8/100:  92%|█████████▏| 70/76 [00:01<00:00, 60.75it/s, loss=2.1067]
Epoch 8/100:  92%|█████████▏| 70/76 [00:01<00:00, 60.75it/s, loss=2.1636]
Epoch 8/100: 100%|██████████| 76/76 [00:01<00:00, 60.72it/s, loss=2.1636]
Epoch 8/100 - avg_loss: 2.0227

Epoch 9/100:   0%|          | 0/76 [00:00<?, ?it/s]
Epoch 9/100:   0%|          | 0/76 [00:00<?, ?it/s, loss=1.9689]
Epoch 9/100:   0%|          | 0/76 [00:00<?, ?it/s, loss=1.7184]
Epoch 9/100:   0%|          | 0/76 [00:00<?, ?it/s, loss=1.8341]
Epoch 9/100:   0%|          | 0/76 [00:00<?, ?it/s, loss=1.4657]
Epoch 9/100:   0%|          | 0/76 [00:00<?, ?it/s, loss=1.5078]
Epoch 9/100:   0%|          | 0/76 [00:00<?, ?it/s, loss=1.9525]
Epoch 9/100:   0%|          | 0/76 [00:00<?, ?it/s, loss=1.6274]
Epoch 9/100:   9%|▉         | 7/76 [00:00<00:01, 60.77it/s, loss=1.6274]
Epoch 9/100:   9%|▉         | 7/76 [00:00<00:01, 60.77it/s, loss=1.5613]
Epoch 9/100:   9%|▉         | 7/76 [00:00<00:01, 60.77it/s, loss=1.6815]
Epoch 9/100:   9%|▉         | 7/76 [00:00<00:01, 60.77it/s, loss=1.5740]
Epoch 9/100:   9%|▉         | 7/76 [00:00<00:01, 60.77it/s, loss=1.8774]
Epoch 9/100:   9%|▉         | 7/76 [00:00<00:01, 60.77it/s, loss=1.4316]
Epoch 9/100:   9%|▉         | 7/76 [00:00<00:01, 60.77it/s, loss=1.8941]
Epoch 9/100:   9%|▉         | 7/76 [00:00<00:01, 60.77it/s, loss=1.4389]
Epoch 9/100:  18%|█▊        | 14/76 [00:00<00:01, 60.75it/s, loss=1.4389]
Epoch 9/100:  18%|█▊        | 14/76 [00:00<00:01, 60.75it/s, loss=1.6469]
Epoch 9/100:  18%|█▊        | 14/76 [00:00<00:01, 60.75it/s, loss=1.7005]
Epoch 9/100:  18%|█▊        | 14/76 [00:00<00:01, 60.75it/s, loss=1.8295]
Epoch 9/100:  18%|█▊        | 14/76 [00:00<00:01, 60.75it/s, loss=1.6841]
Epoch 9/100:  18%|█▊        | 14/76 [00:00<00:01, 60.75it/s, loss=1.8463]
Epoch 9/100:  18%|█▊        | 14/76 [00:00<00:01, 60.75it/s, loss=1.7838]
Epoch 9/100:  18%|█▊        | 14/76 [00:00<00:01, 60.75it/s, loss=1.8257]
Epoch 9/100:  28%|██▊       | 21/76 [00:00<00:00, 60.77it/s, loss=1.8257]
Epoch 9/100:  28%|██▊       | 21/76 [00:00<00:00, 60.77it/s, loss=1.4774]
Epoch 9/100:  28%|██▊       | 21/76 [00:00<00:00, 60.77it/s, loss=1.9063]
Epoch 9/100:  28%|██▊       | 21/76 [00:00<00:00, 60.77it/s, loss=2.0297]
Epoch 9/100:  28%|██▊       | 21/76 [00:00<00:00, 60.77it/s, loss=1.6012]
Epoch 9/100:  28%|██▊       | 21/76 [00:00<00:00, 60.77it/s, loss=1.9867]
Epoch 9/100:  28%|██▊       | 21/76 [00:00<00:00, 60.77it/s, loss=1.6769]
Epoch 9/100:  28%|██▊       | 21/76 [00:00<00:00, 60.77it/s, loss=1.9847]
Epoch 9/100:  37%|███▋      | 28/76 [00:00<00:00, 60.75it/s, loss=1.9847]
Epoch 9/100:  37%|███▋      | 28/76 [00:00<00:00, 60.75it/s, loss=1.8467]
Epoch 9/100:  37%|███▋      | 28/76 [00:00<00:00, 60.75it/s, loss=1.4393]
Epoch 9/100:  37%|███▋      | 28/76 [00:00<00:00, 60.75it/s, loss=1.8634]
Epoch 9/100:  37%|███▋      | 28/76 [00:00<00:00, 60.75it/s, loss=1.8490]
Epoch 9/100:  37%|███▋      | 28/76 [00:00<00:00, 60.75it/s, loss=1.7245]
Epoch 9/100:  37%|███▋      | 28/76 [00:00<00:00, 60.75it/s, loss=1.7533]
Epoch 9/100:  37%|███▋      | 28/76 [00:00<00:00, 60.75it/s, loss=2.1761]
Epoch 9/100:  46%|████▌     | 35/76 [00:00<00:00, 60.78it/s, loss=2.1761]
Epoch 9/100:  46%|████▌     | 35/76 [00:00<00:00, 60.78it/s, loss=1.7284]
Epoch 9/100:  46%|████▌     | 35/76 [00:00<00:00, 60.78it/s, loss=1.8224]
Epoch 9/100:  46%|████▌     | 35/76 [00:00<00:00, 60.78it/s, loss=1.7919]
Epoch 9/100:  46%|████▌     | 35/76 [00:00<00:00, 60.78it/s, loss=2.0752]
Epoch 9/100:  46%|████▌     | 35/76 [00:00<00:00, 60.78it/s, loss=1.9980]
Epoch 9/100:  46%|████▌     | 35/76 [00:00<00:00, 60.78it/s, loss=2.0423]
Epoch 9/100:  46%|████▌     | 35/76 [00:00<00:00, 60.78it/s, loss=2.0374]
Epoch 9/100:  55%|█████▌    | 42/76 [00:00<00:00, 60.72it/s, loss=2.0374]
Epoch 9/100:  55%|█████▌    | 42/76 [00:00<00:00, 60.72it/s, loss=2.0433]
Epoch 9/100:  55%|█████▌    | 42/76 [00:00<00:00, 60.72it/s, loss=1.6976]
Epoch 9/100:  55%|█████▌    | 42/76 [00:00<00:00, 60.72it/s, loss=1.7050]
Epoch 9/100:  55%|█████▌    | 42/76 [00:00<00:00, 60.72it/s, loss=1.8618]
Epoch 9/100:  55%|█████▌    | 42/76 [00:00<00:00, 60.72it/s, loss=2.1521]
Epoch 9/100:  55%|█████▌    | 42/76 [00:00<00:00, 60.72it/s, loss=1.9794]
Epoch 9/100:  55%|█████▌    | 42/76 [00:00<00:00, 60.72it/s, loss=1.7253]
Epoch 9/100:  64%|██████▍   | 49/76 [00:00<00:00, 60.75it/s, loss=1.7253]
Epoch 9/100:  64%|██████▍   | 49/76 [00:00<00:00, 60.75it/s, loss=2.2722]
Epoch 9/100:  64%|██████▍   | 49/76 [00:00<00:00, 60.75it/s, loss=2.1002]
Epoch 9/100:  64%|██████▍   | 49/76 [00:00<00:00, 60.75it/s, loss=1.9873]
Epoch 9/100:  64%|██████▍   | 49/76 [00:00<00:00, 60.75it/s, loss=2.1567]
Epoch 9/100:  64%|██████▍   | 49/76 [00:00<00:00, 60.75it/s, loss=1.7168]
Epoch 9/100:  64%|██████▍   | 49/76 [00:00<00:00, 60.75it/s, loss=1.8506]
Epoch 9/100:  64%|██████▍   | 49/76 [00:00<00:00, 60.75it/s, loss=2.1788]
Epoch 9/100:  74%|███████▎  | 56/76 [00:00<00:00, 60.80it/s, loss=2.1788]
Epoch 9/100:  74%|███████▎  | 56/76 [00:00<00:00, 60.80it/s, loss=2.1854]
Epoch 9/100:  74%|███████▎  | 56/76 [00:00<00:00, 60.80it/s, loss=1.9045]
Epoch 9/100:  74%|███████▎  | 56/76 [00:00<00:00, 60.80it/s, loss=2.1230]
Epoch 9/100:  74%|███████▎  | 56/76 [00:00<00:00, 60.80it/s, loss=1.6788]
Epoch 9/100:  74%|███████▎  | 56/76 [00:01<00:00, 60.80it/s, loss=2.1383]
Epoch 9/100:  74%|███████▎  | 56/76 [00:01<00:00, 60.80it/s, loss=2.0458]
Epoch 9/100:  74%|███████▎  | 56/76 [00:01<00:00, 60.80it/s, loss=1.9670]
Epoch 9/100:  83%|████████▎ | 63/76 [00:01<00:00, 60.81it/s, loss=1.9670]
Epoch 9/100:  83%|████████▎ | 63/76 [00:01<00:00, 60.81it/s, loss=2.3873]
Epoch 9/100:  83%|████████▎ | 63/76 [00:01<00:00, 60.81it/s, loss=1.7926]
Epoch 9/100:  83%|████████▎ | 63/76 [00:01<00:00, 60.81it/s, loss=1.9959]
Epoch 9/100:  83%|████████▎ | 63/76 [00:01<00:00, 60.81it/s, loss=1.9529]
Epoch 9/100:  83%|████████▎ | 63/76 [00:01<00:00, 60.81it/s, loss=1.9879]
Epoch 9/100:  83%|████████▎ | 63/76 [00:01<00:00, 60.81it/s, loss=2.0237]
Epoch 9/100:  83%|████████▎ | 63/76 [00:01<00:00, 60.81it/s, loss=1.7172]
Epoch 9/100:  92%|█████████▏| 70/76 [00:01<00:00, 60.72it/s, loss=1.7172]
Epoch 9/100:  92%|█████████▏| 70/76 [00:01<00:00, 60.72it/s, loss=2.1317]
Epoch 9/100:  92%|█████████▏| 70/76 [00:01<00:00, 60.72it/s, loss=1.9632]
Epoch 9/100:  92%|█████████▏| 70/76 [00:01<00:00, 60.72it/s, loss=1.9622]
Epoch 9/100:  92%|█████████▏| 70/76 [00:01<00:00, 60.72it/s, loss=2.2588]
Epoch 9/100:  92%|█████████▏| 70/76 [00:01<00:00, 60.72it/s, loss=2.0426]
Epoch 9/100:  92%|█████████▏| 70/76 [00:01<00:00, 60.72it/s, loss=2.3419]
Epoch 9/100: 100%|██████████| 76/76 [00:01<00:00, 60.77it/s, loss=2.3419]
Epoch 9/100 - avg_loss: 1.8775

Epoch 10/100:   0%|          | 0/76 [00:00<?, ?it/s]
Epoch 10/100:   0%|          | 0/76 [00:00<?, ?it/s, loss=1.4230]
Epoch 10/100:   0%|          | 0/76 [00:00<?, ?it/s, loss=1.5866]
Epoch 10/100:   0%|          | 0/76 [00:00<?, ?it/s, loss=1.1555]
Epoch 10/100:   0%|          | 0/76 [00:00<?, ?it/s, loss=1.9368]
Epoch 10/100:   0%|          | 0/76 [00:00<?, ?it/s, loss=1.6435]
Epoch 10/100:   0%|          | 0/76 [00:00<?, ?it/s, loss=1.8003]
Epoch 10/100:   0%|          | 0/76 [00:00<?, ?it/s, loss=1.6724]
Epoch 10/100:   9%|▉         | 7/76 [00:00<00:01, 60.82it/s, loss=1.6724]
Epoch 10/100:   9%|▉         | 7/76 [00:00<00:01, 60.82it/s, loss=1.3221]
Epoch 10/100:   9%|▉         | 7/76 [00:00<00:01, 60.82it/s, loss=1.8431]
Epoch 10/100:   9%|▉         | 7/76 [00:00<00:01, 60.82it/s, loss=1.3783]
Epoch 10/100:   9%|▉         | 7/76 [00:00<00:01, 60.82it/s, loss=1.4656]
Epoch 10/100:   9%|▉         | 7/76 [00:00<00:01, 60.82it/s, loss=1.7960]
Epoch 10/100:   9%|▉         | 7/76 [00:00<00:01, 60.82it/s, loss=1.6364]
Epoch 10/100:   9%|▉         | 7/76 [00:00<00:01, 60.82it/s, loss=1.7135]
Epoch 10/100:  18%|█▊        | 14/76 [00:00<00:01, 60.78it/s, loss=1.7135]
Epoch 10/100:  18%|█▊        | 14/76 [00:00<00:01, 60.78it/s, loss=1.9103]
Epoch 10/100:  18%|█▊        | 14/76 [00:00<00:01, 60.78it/s, loss=1.4727]
Epoch 10/100:  18%|█▊        | 14/76 [00:00<00:01, 60.78it/s, loss=1.2684]
Epoch 10/100:  18%|█▊        | 14/76 [00:00<00:01, 60.78it/s, loss=1.5027]
Epoch 10/100:  18%|█▊        | 14/76 [00:00<00:01, 60.78it/s, loss=1.7243]
Epoch 10/100:  18%|█▊        | 14/76 [00:00<00:01, 60.78it/s, loss=1.5063]
Epoch 10/100:  18%|█▊        | 14/76 [00:00<00:01, 60.78it/s, loss=1.5729]
Epoch 10/100:  28%|██▊       | 21/76 [00:00<00:00, 60.79it/s, loss=1.5729]
Epoch 10/100:  28%|██▊       | 21/76 [00:00<00:00, 60.79it/s, loss=1.6323]
Epoch 10/100:  28%|██▊       | 21/76 [00:00<00:00, 60.79it/s, loss=1.8265]
Epoch 10/100:  28%|██▊       | 21/76 [00:00<00:00, 60.79it/s, loss=1.6772]
Epoch 10/100:  28%|██▊       | 21/76 [00:00<00:00, 60.79it/s, loss=1.9928]
Epoch 10/100:  28%|██▊       | 21/76 [00:00<00:00, 60.79it/s, loss=1.7627]
Epoch 10/100:  28%|██▊       | 21/76 [00:00<00:00, 60.79it/s, loss=1.6379]
Epoch 10/100:  28%|██▊       | 21/76 [00:00<00:00, 60.79it/s, loss=1.6871]
Epoch 10/100:  37%|███▋      | 28/76 [00:00<00:00, 60.67it/s, loss=1.6871]
Epoch 10/100:  37%|███▋      | 28/76 [00:00<00:00, 60.67it/s, loss=2.0252]
Epoch 10/100:  37%|███▋      | 28/76 [00:00<00:00, 60.67it/s, loss=1.9795]
Epoch 10/100:  37%|███▋      | 28/76 [00:00<00:00, 60.67it/s, loss=1.9148]
Epoch 10/100:  37%|███▋      | 28/76 [00:00<00:00, 60.67it/s, loss=1.9987]
Epoch 10/100:  37%|███▋      | 28/76 [00:00<00:00, 60.67it/s, loss=1.5915]
Epoch 10/100:  37%|███▋      | 28/76 [00:00<00:00, 60.67it/s, loss=1.7921]
Epoch 10/100:  37%|███▋      | 28/76 [00:00<00:00, 60.67it/s, loss=1.6491]
Epoch 10/100:  46%|████▌     | 35/76 [00:00<00:00, 60.70it/s, loss=1.6491]
Epoch 10/100:  46%|████▌     | 35/76 [00:00<00:00, 60.70it/s, loss=2.2162]
Epoch 10/100:  46%|████▌     | 35/76 [00:00<00:00, 60.70it/s, loss=1.3008]
Epoch 10/100:  46%|████▌     | 35/76 [00:00<00:00, 60.70it/s, loss=1.8528]
Epoch 10/100:  46%|████▌     | 35/76 [00:00<00:00, 60.70it/s, loss=1.6706]
Epoch 10/100:  46%|████▌     | 35/76 [00:00<00:00, 60.70it/s, loss=2.1167]
Epoch 10/100:  46%|████▌     | 35/76 [00:00<00:00, 60.70it/s, loss=1.8706]
Epoch 10/100:  46%|████▌     | 35/76 [00:00<00:00, 60.70it/s, loss=1.6996]
Epoch 10/100:  55%|█████▌    | 42/76 [00:00<00:00, 60.67it/s, loss=1.6996]
Epoch 10/100:  55%|█████▌    | 42/76 [00:00<00:00, 60.67it/s, loss=1.8386]
Epoch 10/100:  55%|█████▌    | 42/76 [00:00<00:00, 60.67it/s, loss=1.9855]
Epoch 10/100:  55%|█████▌    | 42/76 [00:00<00:00, 60.67it/s, loss=1.4625]
Epoch 10/100:  55%|█████▌    | 42/76 [00:00<00:00, 60.67it/s, loss=1.8060]
Epoch 10/100:  55%|█████▌    | 42/76 [00:00<00:00, 60.67it/s, loss=1.7898]
Epoch 10/100:  55%|█████▌    | 42/76 [00:00<00:00, 60.67it/s, loss=2.0781]
Epoch 10/100:  55%|█████▌    | 42/76 [00:00<00:00, 60.67it/s, loss=1.8842]
Epoch 10/100:  64%|██████▍   | 49/76 [00:00<00:00, 60.73it/s, loss=1.8842]
Epoch 10/100:  64%|██████▍   | 49/76 [00:00<00:00, 60.73it/s, loss=2.0529]
Epoch 10/100:  64%|██████▍   | 49/76 [00:00<00:00, 60.73it/s, loss=2.1253]
Epoch 10/100:  64%|██████▍   | 49/76 [00:00<00:00, 60.73it/s, loss=1.7789]
Epoch 10/100:  64%|██████▍   | 49/76 [00:00<00:00, 60.73it/s, loss=1.7254]
Epoch 10/100:  64%|██████▍   | 49/76 [00:00<00:00, 60.73it/s, loss=1.4273]
Epoch 10/100:  64%|██████▍   | 49/76 [00:00<00:00, 60.73it/s, loss=1.7560]
Epoch 10/100:  64%|██████▍   | 49/76 [00:00<00:00, 60.73it/s, loss=1.6850]
Epoch 10/100:  74%|███████▎  | 56/76 [00:00<00:00, 60.69it/s, loss=1.6850]
Epoch 10/100:  74%|███████▎  | 56/76 [00:00<00:00, 60.69it/s, loss=1.9499]
Epoch 10/100:  74%|███████▎  | 56/76 [00:00<00:00, 60.69it/s, loss=1.9233]
Epoch 10/100:  74%|███████▎  | 56/76 [00:00<00:00, 60.69it/s, loss=1.9583]
Epoch 10/100:  74%|███████▎  | 56/76 [00:00<00:00, 60.69it/s, loss=1.6766]
Epoch 10/100:  74%|███████▎  | 56/76 [00:01<00:00, 60.69it/s, loss=1.9824]
Epoch 10/100:  74%|███████▎  | 56/76 [00:01<00:00, 60.69it/s, loss=1.8280]
Epoch 10/100:  74%|███████▎  | 56/76 [00:01<00:00, 60.69it/s, loss=1.8801]
Epoch 10/100:  83%|████████▎ | 63/76 [00:01<00:00, 60.71it/s, loss=1.8801]
Epoch 10/100:  83%|████████▎ | 63/76 [00:01<00:00, 60.71it/s, loss=1.5212]
Epoch 10/100:  83%|████████▎ | 63/76 [00:01<00:00, 60.71it/s, loss=1.7660]
Epoch 10/100:  83%|████████▎ | 63/76 [00:01<00:00, 60.71it/s, loss=1.8600]
Epoch 10/100:  83%|████████▎ | 63/76 [00:01<00:00, 60.71it/s, loss=1.6473]
Epoch 10/100:  83%|████████▎ | 63/76 [00:01<00:00, 60.71it/s, loss=1.7388]
Epoch 10/100:  83%|████████▎ | 63/76 [00:01<00:00, 60.71it/s, loss=1.8613]
Epoch 10/100:  83%|████████▎ | 63/76 [00:01<00:00, 60.71it/s, loss=2.1996]
Epoch 10/100:  92%|█████████▏| 70/76 [00:01<00:00, 60.65it/s, loss=2.1996]
Epoch 10/100:  92%|█████████▏| 70/76 [00:01<00:00, 60.65it/s, loss=1.7196]
Epoch 10/100:  92%|█████████▏| 70/76 [00:01<00:00, 60.65it/s, loss=2.0438]
Epoch 10/100:  92%|█████████▏| 70/76 [00:01<00:00, 60.65it/s, loss=2.5575]
Epoch 10/100:  92%|█████████▏| 70/76 [00:01<00:00, 60.65it/s, loss=1.8576]
Epoch 10/100:  92%|█████████▏| 70/76 [00:01<00:00, 60.65it/s, loss=1.9780]
Epoch 10/100:  92%|█████████▏| 70/76 [00:01<00:00, 60.65it/s, loss=1.5644]
Epoch 10/100: 100%|██████████| 76/76 [00:01<00:00, 60.71it/s, loss=1.5644]
Epoch 10/100 - avg_loss: 1.7649

Epoch 11/100:   0%|          | 0/76 [00:00<?, ?it/s]
Epoch 11/100:   0%|          | 0/76 [00:00<?, ?it/s, loss=1.3199]
Epoch 11/100:   0%|          | 0/76 [00:00<?, ?it/s, loss=1.6171]
Epoch 11/100:   0%|          | 0/76 [00:00<?, ?it/s, loss=1.6985]
Epoch 11/100:   0%|          | 0/76 [00:00<?, ?it/s, loss=1.6972]
Epoch 11/100:   0%|          | 0/76 [00:00<?, ?it/s, loss=1.3146]
Epoch 11/100:   0%|          | 0/76 [00:00<?, ?it/s, loss=1.4068]
Epoch 11/100:   0%|          | 0/76 [00:00<?, ?it/s, loss=1.4138]
Epoch 11/100:   9%|▉         | 7/76 [00:00<00:01, 60.90it/s, loss=1.4138]
Epoch 11/100:   9%|▉         | 7/76 [00:00<00:01, 60.90it/s, loss=1.4229]
Epoch 11/100:   9%|▉         | 7/76 [00:00<00:01, 60.90it/s, loss=1.3088]
Epoch 11/100:   9%|▉         | 7/76 [00:00<00:01, 60.90it/s, loss=1.4456]
Epoch 11/100:   9%|▉         | 7/76 [00:00<00:01, 60.90it/s, loss=1.4719]
Epoch 11/100:   9%|▉         | 7/76 [00:00<00:01, 60.90it/s, loss=1.2419]
Epoch 11/100:   9%|▉         | 7/76 [00:00<00:01, 60.90it/s, loss=1.4185]
Epoch 11/100:   9%|▉         | 7/76 [00:00<00:01, 60.90it/s, loss=1.6886]
Epoch 11/100:  18%|█▊        | 14/76 [00:00<00:01, 60.76it/s, loss=1.6886]
Epoch 11/100:  18%|█▊        | 14/76 [00:00<00:01, 60.76it/s, loss=1.3727]
Epoch 11/100:  18%|█▊        | 14/76 [00:00<00:01, 60.76it/s, loss=1.4800]
Epoch 11/100:  18%|█▊        | 14/76 [00:00<00:01, 60.76it/s, loss=1.4148]
Epoch 11/100:  18%|█▊        | 14/76 [00:00<00:01, 60.76it/s, loss=1.6523]
Epoch 11/100:  18%|█▊        | 14/76 [00:00<00:01, 60.76it/s, loss=1.6216]
Epoch 11/100:  18%|█▊        | 14/76 [00:00<00:01, 60.76it/s, loss=1.5768]
Epoch 11/100:  18%|█▊        | 14/76 [00:00<00:01, 60.76it/s, loss=1.7107]
Epoch 11/100:  28%|██▊       | 21/76 [00:00<00:00, 60.74it/s, loss=1.7107]
Epoch 11/100:  28%|██▊       | 21/76 [00:00<00:00, 60.74it/s, loss=1.5403]
Epoch 11/100:  28%|██▊       | 21/76 [00:00<00:00, 60.74it/s, loss=1.6089]
Epoch 11/100:  28%|██▊       | 21/76 [00:00<00:00, 60.74it/s, loss=1.6361]
Epoch 11/100:  28%|██▊       | 21/76 [00:00<00:00, 60.74it/s, loss=1.7247]
Epoch 11/100:  28%|██▊       | 21/76 [00:00<00:00, 60.74it/s, loss=1.7551]
Epoch 11/100:  28%|██▊       | 21/76 [00:00<00:00, 60.74it/s, loss=2.0655]
Epoch 11/100:  28%|██▊       | 21/76 [00:00<00:00, 60.74it/s, loss=1.8614]
Epoch 11/100:  37%|███▋      | 28/76 [00:00<00:00, 60.70it/s, loss=1.8614]
Epoch 11/100:  37%|███▋      | 28/76 [00:00<00:00, 60.70it/s, loss=1.7323]
Epoch 11/100:  37%|███▋      | 28/76 [00:00<00:00, 60.70it/s, loss=1.7397]
Epoch 11/100:  37%|███▋      | 28/76 [00:00<00:00, 60.70it/s, loss=1.9209]
Epoch 11/100:  37%|███▋      | 28/76 [00:00<00:00, 60.70it/s, loss=1.6540]
Epoch 11/100:  37%|███▋      | 28/76 [00:00<00:00, 60.70it/s, loss=1.5435]
Epoch 11/100:  37%|███▋      | 28/76 [00:00<00:00, 60.70it/s, loss=1.8390]
Epoch 11/100:  37%|███▋      | 28/76 [00:00<00:00, 60.70it/s, loss=1.6880]
Epoch 11/100:  46%|████▌     | 35/76 [00:00<00:00, 60.70it/s, loss=1.6880]
Epoch 11/100:  46%|████▌     | 35/76 [00:00<00:00, 60.70it/s, loss=1.6749]
Epoch 11/100:  46%|████▌     | 35/76 [00:00<00:00, 60.70it/s, loss=1.8444]
Epoch 11/100:  46%|████▌     | 35/76 [00:00<00:00, 60.70it/s, loss=1.6093]
Epoch 11/100:  46%|████▌     | 35/76 [00:00<00:00, 60.70it/s, loss=1.6343]
Epoch 11/100:  46%|████▌     | 35/76 [00:00<00:00, 60.70it/s, loss=1.6459]
Epoch 11/100:  46%|████▌     | 35/76 [00:00<00:00, 60.70it/s, loss=1.8921]
Epoch 11/100:  46%|████▌     | 35/76 [00:00<00:00, 60.70it/s, loss=1.6944]
Epoch 11/100:  55%|█████▌    | 42/76 [00:00<00:00, 60.65it/s, loss=1.6944]
Epoch 11/100:  55%|█████▌    | 42/76 [00:00<00:00, 60.65it/s, loss=1.5289]
Epoch 11/100:  55%|█████▌    | 42/76 [00:00<00:00, 60.65it/s, loss=2.0060]
Epoch 11/100:  55%|█████▌    | 42/76 [00:00<00:00, 60.65it/s, loss=1.6513]
Epoch 11/100:  55%|█████▌    | 42/76 [00:00<00:00, 60.65it/s, loss=1.8102]
Epoch 11/100:  55%|█████▌    | 42/76 [00:00<00:00, 60.65it/s, loss=1.8375]
Epoch 11/100:  55%|█████▌    | 42/76 [00:00<00:00, 60.65it/s, loss=1.8015]
Epoch 11/100:  55%|█████▌    | 42/76 [00:00<00:00, 60.65it/s, loss=1.6759]
Epoch 11/100:  64%|██████▍   | 49/76 [00:00<00:00, 60.67it/s, loss=1.6759]
Epoch 11/100:  64%|██████▍   | 49/76 [00:00<00:00, 60.67it/s, loss=1.5615]
Epoch 11/100:  64%|██████▍   | 49/76 [00:00<00:00, 60.67it/s, loss=1.6374]
Epoch 11/100:  64%|██████▍   | 49/76 [00:00<00:00, 60.67it/s, loss=1.7460]
Epoch 11/100:  64%|██████▍   | 49/76 [00:00<00:00, 60.67it/s, loss=1.6002]
Epoch 11/100:  64%|██████▍   | 49/76 [00:00<00:00, 60.67it/s, loss=1.9451]
Epoch 11/100:  64%|██████▍   | 49/76 [00:00<00:00, 60.67it/s, loss=1.8038]
Epoch 11/100:  64%|██████▍   | 49/76 [00:00<00:00, 60.67it/s, loss=1.6120]
Epoch 11/100:  74%|███████▎  | 56/76 [00:00<00:00, 60.69it/s, loss=1.6120]
Epoch 11/100:  74%|███████▎  | 56/76 [00:00<00:00, 60.69it/s, loss=1.5914]
Epoch 11/100:  74%|███████▎  | 56/76 [00:00<00:00, 60.69it/s, loss=1.5683]
Epoch 11/100:  74%|███████▎  | 56/76 [00:00<00:00, 60.69it/s, loss=1.8057]
Epoch 11/100:  74%|███████▎  | 56/76 [00:00<00:00, 60.69it/s, loss=1.9111]
Epoch 11/100:  74%|███████▎  | 56/76 [00:01<00:00, 60.69it/s, loss=1.8178]
Epoch 11/100:  74%|███████▎  | 56/76 [00:01<00:00, 60.69it/s, loss=1.5889]
Epoch 11/100:  74%|███████▎  | 56/76 [00:01<00:00, 60.69it/s, loss=1.9531]
Epoch 11/100:  83%|████████▎ | 63/76 [00:01<00:00, 60.67it/s, loss=1.9531]
Epoch 11/100:  83%|████████▎ | 63/76 [00:01<00:00, 60.67it/s, loss=1.6202]
Epoch 11/100:  83%|████████▎ | 63/76 [00:01<00:00, 60.67it/s, loss=1.6774]
Epoch 11/100:  83%|████████▎ | 63/76 [00:01<00:00, 60.67it/s, loss=1.9616]
Epoch 11/100:  83%|████████▎ | 63/76 [00:01<00:00, 60.67it/s, loss=2.0287]
Epoch 11/100:  83%|████████▎ | 63/76 [00:01<00:00, 60.67it/s, loss=1.9650]
Epoch 11/100:  83%|████████▎ | 63/76 [00:01<00:00, 60.67it/s, loss=1.9255]
Epoch 11/100:  83%|████████▎ | 63/76 [00:01<00:00, 60.67it/s, loss=1.7318]
Epoch 11/100:  92%|█████████▏| 70/76 [00:01<00:00, 60.66it/s, loss=1.7318]
Epoch 11/100:  92%|█████████▏| 70/76 [00:01<00:00, 60.66it/s, loss=1.7529]
Epoch 11/100:  92%|█████████▏| 70/76 [00:01<00:00, 60.66it/s, loss=1.5306]
Epoch 11/100:  92%|█████████▏| 70/76 [00:01<00:00, 60.66it/s, loss=1.8351]
Epoch 11/100:  92%|█████████▏| 70/76 [00:01<00:00, 60.66it/s, loss=1.7540]
Epoch 11/100:  92%|█████████▏| 70/76 [00:01<00:00, 60.66it/s, loss=1.8570]
Epoch 11/100:  92%|█████████▏| 70/76 [00:01<00:00, 60.66it/s, loss=2.0787]
Epoch 11/100: 100%|██████████| 76/76 [00:01<00:00, 60.68it/s, loss=2.0787]
Epoch 11/100 - avg_loss: 1.6812

Epoch 12/100:   0%|          | 0/76 [00:00<?, ?it/s]
Epoch 12/100:   0%|          | 0/76 [00:00<?, ?it/s, loss=1.7441]
Epoch 12/100:   0%|          | 0/76 [00:00<?, ?it/s, loss=1.2337]
Epoch 12/100:   0%|          | 0/76 [00:00<?, ?it/s, loss=1.3315]
Epoch 12/100:   0%|          | 0/76 [00:00<?, ?it/s, loss=1.5326]
Epoch 12/100:   0%|          | 0/76 [00:00<?, ?it/s, loss=1.3166]
Epoch 12/100:   0%|          | 0/76 [00:00<?, ?it/s, loss=1.3478]
Epoch 12/100:   0%|          | 0/76 [00:00<?, ?it/s, loss=1.3313]
Epoch 12/100:   9%|▉         | 7/76 [00:00<00:01, 60.76it/s, loss=1.3313]
Epoch 12/100:   9%|▉         | 7/76 [00:00<00:01, 60.76it/s, loss=1.2259]
Epoch 12/100:   9%|▉         | 7/76 [00:00<00:01, 60.76it/s, loss=1.5842]
Epoch 12/100:   9%|▉         | 7/76 [00:00<00:01, 60.76it/s, loss=1.3390]
Epoch 12/100:   9%|▉         | 7/76 [00:00<00:01, 60.76it/s, loss=1.3106]
Epoch 12/100:   9%|▉         | 7/76 [00:00<00:01, 60.76it/s, loss=1.6366]
Epoch 12/100:   9%|▉         | 7/76 [00:00<00:01, 60.76it/s, loss=1.1413]
Epoch 12/100:   9%|▉         | 7/76 [00:00<00:01, 60.76it/s, loss=1.6475]
Epoch 12/100:  18%|█▊        | 14/76 [00:00<00:01, 61.53it/s, loss=1.6475]
Epoch 12/100:  18%|█▊        | 14/76 [00:00<00:01, 61.53it/s, loss=1.4123]
Epoch 12/100:  18%|█▊        | 14/76 [00:00<00:01, 61.53it/s, loss=1.6881]
Epoch 12/100:  18%|█▊        | 14/76 [00:00<00:01, 61.53it/s, loss=1.4478]
Epoch 12/100:  18%|█▊        | 14/76 [00:00<00:01, 61.53it/s, loss=1.6321]
Epoch 12/100:  18%|█▊        | 14/76 [00:00<00:01, 61.53it/s, loss=1.3317]
Epoch 12/100:  18%|█▊        | 14/76 [00:00<00:01, 61.53it/s, loss=1.3330]
Epoch 12/100:  18%|█▊        | 14/76 [00:00<00:01, 61.53it/s, loss=1.4226]
Epoch 12/100:  28%|██▊       | 21/76 [00:00<00:00, 61.17it/s, loss=1.4226]
Epoch 12/100:  28%|██▊       | 21/76 [00:00<00:00, 61.17it/s, loss=1.6403]
Epoch 12/100:  28%|██▊       | 21/76 [00:00<00:00, 61.17it/s, loss=1.7144]
Epoch 12/100:  28%|██▊       | 21/76 [00:00<00:00, 61.17it/s, loss=1.2576]
Epoch 12/100:  28%|██▊       | 21/76 [00:00<00:00, 61.17it/s, loss=1.6450]
Epoch 12/100:  28%|██▊       | 21/76 [00:00<00:00, 61.17it/s, loss=1.6011]
Epoch 12/100:  28%|██▊       | 21/76 [00:00<00:00, 61.17it/s, loss=1.8438]
Epoch 12/100:  28%|██▊       | 21/76 [00:00<00:00, 61.17it/s, loss=1.2313]
Epoch 12/100:  37%|███▋      | 28/76 [00:00<00:00, 60.82it/s, loss=1.2313]
Epoch 12/100:  37%|███▋      | 28/76 [00:00<00:00, 60.82it/s, loss=1.5013]
Epoch 12/100:  37%|███▋      | 28/76 [00:00<00:00, 60.82it/s, loss=1.6954]
Epoch 12/100:  37%|███▋      | 28/76 [00:00<00:00, 60.82it/s, loss=2.0428]
Epoch 12/100:  37%|███▋      | 28/76 [00:00<00:00, 60.82it/s, loss=1.5978]
Epoch 12/100:  37%|███▋      | 28/76 [00:00<00:00, 60.82it/s, loss=1.8380]
Epoch 12/100:  37%|███▋      | 28/76 [00:00<00:00, 60.82it/s, loss=1.9096]
Epoch 12/100:  37%|███▋      | 28/76 [00:00<00:00, 60.82it/s, loss=1.5558]
Epoch 12/100:  46%|████▌     | 35/76 [00:00<00:00, 60.67it/s, loss=1.5558]
Epoch 12/100:  46%|████▌     | 35/76 [00:00<00:00, 60.67it/s, loss=1.4845]
Epoch 12/100:  46%|████▌     | 35/76 [00:00<00:00, 60.67it/s, loss=1.2211]
Epoch 12/100:  46%|████▌     | 35/76 [00:00<00:00, 60.67it/s, loss=1.3881]
Epoch 12/100:  46%|████▌     | 35/76 [00:00<00:00, 60.67it/s, loss=1.5372]
Epoch 12/100:  46%|████▌     | 35/76 [00:00<00:00, 60.67it/s, loss=1.5500]
Epoch 12/100:  46%|████▌     | 35/76 [00:00<00:00, 60.67it/s, loss=1.4535]
Epoch 12/100:  46%|████▌     | 35/76 [00:00<00:00, 60.67it/s, loss=1.6810]
Epoch 12/100:  55%|█████▌    | 42/76 [00:00<00:00, 60.69it/s, loss=1.6810]
Epoch 12/100:  55%|█████▌    | 42/76 [00:00<00:00, 60.69it/s, loss=1.6520]
Epoch 12/100:  55%|█████▌    | 42/76 [00:00<00:00, 60.69it/s, loss=1.6880]
Epoch 12/100:  55%|█████▌    | 42/76 [00:00<00:00, 60.69it/s, loss=1.6916]
Epoch 12/100:  55%|█████▌    | 42/76 [00:00<00:00, 60.69it/s, loss=1.6379]
Epoch 12/100:  55%|█████▌    | 42/76 [00:00<00:00, 60.69it/s, loss=1.6896]
Epoch 12/100:  55%|█████▌    | 42/76 [00:00<00:00, 60.69it/s, loss=1.5226]
Epoch 12/100:  55%|█████▌    | 42/76 [00:00<00:00, 60.69it/s, loss=1.7326]
Epoch 12/100:  64%|██████▍   | 49/76 [00:00<00:00, 60.68it/s, loss=1.7326]
Epoch 12/100:  64%|██████▍   | 49/76 [00:00<00:00, 60.68it/s, loss=1.3409]
Epoch 12/100:  64%|██████▍   | 49/76 [00:00<00:00, 60.68it/s, loss=1.5407]
Epoch 12/100:  64%|██████▍   | 49/76 [00:00<00:00, 60.68it/s, loss=1.7550]
Epoch 12/100:  64%|██████▍   | 49/76 [00:00<00:00, 60.68it/s, loss=1.6295]
Epoch 12/100:  64%|██████▍   | 49/76 [00:00<00:00, 60.68it/s, loss=1.4815]
Epoch 12/100:  64%|██████▍   | 49/76 [00:00<00:00, 60.68it/s, loss=1.8786]
Epoch 12/100:  64%|██████▍   | 49/76 [00:00<00:00, 60.68it/s, loss=1.3642]
Epoch 12/100:  74%|███████▎  | 56/76 [00:00<00:00, 60.69it/s, loss=1.3642]
Epoch 12/100:  74%|███████▎  | 56/76 [00:00<00:00, 60.69it/s, loss=1.5037]
Epoch 12/100:  74%|███████▎  | 56/76 [00:00<00:00, 60.69it/s, loss=1.6832]
Epoch 12/100:  74%|███████▎  | 56/76 [00:00<00:00, 60.69it/s, loss=2.0756]
Epoch 12/100:  74%|███████▎  | 56/76 [00:00<00:00, 60.69it/s, loss=1.4956]
Epoch 12/100:  74%|███████▎  | 56/76 [00:01<00:00, 60.69it/s, loss=1.6979]
Epoch 12/100:  74%|███████▎  | 56/76 [00:01<00:00, 60.69it/s, loss=1.6714]
Epoch 12/100:  74%|███████▎  | 56/76 [00:01<00:00, 60.69it/s, loss=1.7217]
Epoch 12/100:  83%|████████▎ | 63/76 [00:01<00:00, 60.59it/s, loss=1.7217]
Epoch 12/100:  83%|████████▎ | 63/76 [00:01<00:00, 60.59it/s, loss=1.7073]
Epoch 12/100:  83%|████████▎ | 63/76 [00:01<00:00, 60.59it/s, loss=1.4557]
Epoch 12/100:  83%|████████▎ | 63/76 [00:01<00:00, 60.59it/s, loss=1.8366]
Epoch 12/100:  83%|████████▎ | 63/76 [00:01<00:00, 60.59it/s, loss=1.7150]
Epoch 12/100:  83%|████████▎ | 63/76 [00:01<00:00, 60.59it/s, loss=1.7797]
Epoch 12/100:  83%|████████▎ | 63/76 [00:01<00:00, 60.59it/s, loss=2.0466]
Epoch 12/100:  83%|████████▎ | 63/76 [00:01<00:00, 60.59it/s, loss=1.8137]
Epoch 12/100:  92%|█████████▏| 70/76 [00:01<00:00, 60.65it/s, loss=1.8137]
Epoch 12/100:  92%|█████████▏| 70/76 [00:01<00:00, 60.65it/s, loss=1.8027]
Epoch 12/100:  92%|█████████▏| 70/76 [00:01<00:00, 60.65it/s, loss=1.6790]
Epoch 12/100:  92%|█████████▏| 70/76 [00:01<00:00, 60.65it/s, loss=1.4736]
Epoch 12/100:  92%|█████████▏| 70/76 [00:01<00:00, 60.65it/s, loss=1.6810]
Epoch 12/100:  92%|█████████▏| 70/76 [00:01<00:00, 60.65it/s, loss=1.5388]
Epoch 12/100:  92%|█████████▏| 70/76 [00:01<00:00, 60.65it/s, loss=1.7590]
Epoch 12/100: 100%|██████████| 76/76 [00:01<00:00, 60.76it/s, loss=1.7590]
Epoch 12/100 - avg_loss: 1.5806

Epoch 13/100:   0%|          | 0/76 [00:00<?, ?it/s]
Epoch 13/100:   0%|          | 0/76 [00:00<?, ?it/s, loss=1.2715]
Epoch 13/100:   0%|          | 0/76 [00:00<?, ?it/s, loss=1.0073]
Epoch 13/100:   0%|          | 0/76 [00:00<?, ?it/s, loss=1.6664]
Epoch 13/100:   0%|          | 0/76 [00:00<?, ?it/s, loss=1.3914]
Epoch 13/100:   0%|          | 0/76 [00:00<?, ?it/s, loss=1.1858]
Epoch 13/100:   0%|          | 0/76 [00:00<?, ?it/s, loss=1.2967]
Epoch 13/100:   0%|          | 0/76 [00:00<?, ?it/s, loss=1.3161]
Epoch 13/100:   9%|▉         | 7/76 [00:00<00:01, 60.72it/s, loss=1.3161]
Epoch 13/100:   9%|▉         | 7/76 [00:00<00:01, 60.72it/s, loss=1.3254]
Epoch 13/100:   9%|▉         | 7/76 [00:00<00:01, 60.72it/s, loss=1.2784]
Epoch 13/100:   9%|▉         | 7/76 [00:00<00:01, 60.72it/s, loss=1.2238]
Epoch 13/100:   9%|▉         | 7/76 [00:00<00:01, 60.72it/s, loss=1.3060]
Epoch 13/100:   9%|▉         | 7/76 [00:00<00:01, 60.72it/s, loss=1.3072]
Epoch 13/100:   9%|▉         | 7/76 [00:00<00:01, 60.72it/s, loss=1.2007]
Epoch 13/100:   9%|▉         | 7/76 [00:00<00:01, 60.72it/s, loss=1.2896]
Epoch 13/100:  18%|█▊        | 14/76 [00:00<00:01, 60.53it/s, loss=1.2896]
Epoch 13/100:  18%|█▊        | 14/76 [00:00<00:01, 60.53it/s, loss=1.1564]
Epoch 13/100:  18%|█▊        | 14/76 [00:00<00:01, 60.53it/s, loss=1.3633]
Epoch 13/100:  18%|█▊        | 14/76 [00:00<00:01, 60.53it/s, loss=1.2908]
Epoch 13/100:  18%|█▊        | 14/76 [00:00<00:01, 60.53it/s, loss=1.2266]
Epoch 13/100:  18%|█▊        | 14/76 [00:00<00:01, 60.53it/s, loss=1.4946]
Epoch 13/100:  18%|█▊        | 14/76 [00:00<00:01, 60.53it/s, loss=1.2776]
Epoch 13/100:  18%|█▊        | 14/76 [00:00<00:01, 60.53it/s, loss=1.5135]
Epoch 13/100:  28%|██▊       | 21/76 [00:00<00:00, 60.53it/s, loss=1.5135]
Epoch 13/100:  28%|██▊       | 21/76 [00:00<00:00, 60.53it/s, loss=1.0614]
Epoch 13/100:  28%|██▊       | 21/76 [00:00<00:00, 60.53it/s, loss=1.7526]
Epoch 13/100:  28%|██▊       | 21/76 [00:00<00:00, 60.53it/s, loss=1.4291]
Epoch 13/100:  28%|██▊       | 21/76 [00:00<00:00, 60.53it/s, loss=1.6759]
Epoch 13/100:  28%|██▊       | 21/76 [00:00<00:00, 60.53it/s, loss=1.2460]
Epoch 13/100:  28%|██▊       | 21/76 [00:00<00:00, 60.53it/s, loss=1.5374]
Epoch 13/100:  28%|██▊       | 21/76 [00:00<00:00, 60.53it/s, loss=1.5725]
Epoch 13/100:  37%|███▋      | 28/76 [00:00<00:00, 60.57it/s, loss=1.5725]
Epoch 13/100:  37%|███▋      | 28/76 [00:00<00:00, 60.57it/s, loss=1.5001]
Epoch 13/100:  37%|███▋      | 28/76 [00:00<00:00, 60.57it/s, loss=1.2109]
Epoch 13/100:  37%|███▋      | 28/76 [00:00<00:00, 60.57it/s, loss=1.7648]
Epoch 13/100:  37%|███▋      | 28/76 [00:00<00:00, 60.57it/s, loss=1.5434]
Epoch 13/100:  37%|███▋      | 28/76 [00:00<00:00, 60.57it/s, loss=1.5120]
Epoch 13/100:  37%|███▋      | 28/76 [00:00<00:00, 60.57it/s, loss=1.1628]
Epoch 13/100:  37%|███▋      | 28/76 [00:00<00:00, 60.57it/s, loss=1.5022]
Epoch 13/100:  46%|████▌     | 35/76 [00:00<00:00, 60.53it/s, loss=1.5022]
Epoch 13/100:  46%|████▌     | 35/76 [00:00<00:00, 60.53it/s, loss=1.6928]
Epoch 13/100:  46%|████▌     | 35/76 [00:00<00:00, 60.53it/s, loss=1.5309]
Epoch 13/100:  46%|████▌     | 35/76 [00:00<00:00, 60.53it/s, loss=1.7781]
Epoch 13/100:  46%|████▌     | 35/76 [00:00<00:00, 60.53it/s, loss=1.0771]
Epoch 13/100:  46%|████▌     | 35/76 [00:00<00:00, 60.53it/s, loss=1.6523]
Epoch 13/100:  46%|████▌     | 35/76 [00:00<00:00, 60.53it/s, loss=1.8525]
Epoch 13/100:  46%|████▌     | 35/76 [00:00<00:00, 60.53it/s, loss=1.3918]
Epoch 13/100:  55%|█████▌    | 42/76 [00:00<00:00, 60.53it/s, loss=1.3918]
Epoch 13/100:  55%|█████▌    | 42/76 [00:00<00:00, 60.53it/s, loss=1.5745]
Epoch 13/100:  55%|█████▌    | 42/76 [00:00<00:00, 60.53it/s, loss=2.0101]
Epoch 13/100:  55%|█████▌    | 42/76 [00:00<00:00, 60.53it/s, loss=1.3873]
Epoch 13/100:  55%|█████▌    | 42/76 [00:00<00:00, 60.53it/s, loss=1.6001]
Epoch 13/100:  55%|█████▌    | 42/76 [00:00<00:00, 60.53it/s, loss=1.4844]
Epoch 13/100:  55%|█████▌    | 42/76 [00:00<00:00, 60.53it/s, loss=1.3820]
Epoch 13/100:  55%|█████▌    | 42/76 [00:00<00:00, 60.53it/s, loss=1.5527]
Epoch 13/100:  64%|██████▍   | 49/76 [00:00<00:00, 60.57it/s, loss=1.5527]
Epoch 13/100:  64%|██████▍   | 49/76 [00:00<00:00, 60.57it/s, loss=1.6531]
Epoch 13/100:  64%|██████▍   | 49/76 [00:00<00:00, 60.57it/s, loss=1.6105]
Epoch 13/100:  64%|██████▍   | 49/76 [00:00<00:00, 60.57it/s, loss=1.7042]
Epoch 13/100:  64%|██████▍   | 49/76 [00:00<00:00, 60.57it/s, loss=1.6756]
Epoch 13/100:  64%|██████▍   | 49/76 [00:00<00:00, 60.57it/s, loss=1.6730]
Epoch 13/100:  64%|██████▍   | 49/76 [00:00<00:00, 60.57it/s, loss=1.8419]
Epoch 13/100:  64%|██████▍   | 49/76 [00:00<00:00, 60.57it/s, loss=1.5632]
Epoch 13/100:  74%|███████▎  | 56/76 [00:00<00:00, 60.54it/s, loss=1.5632]
Epoch 13/100:  74%|███████▎  | 56/76 [00:00<00:00, 60.54it/s, loss=1.2538]
Epoch 13/100:  74%|███████▎  | 56/76 [00:00<00:00, 60.54it/s, loss=1.6846]
Epoch 13/100:  74%|███████▎  | 56/76 [00:00<00:00, 60.54it/s, loss=1.6417]
Epoch 13/100:  74%|███████▎  | 56/76 [00:00<00:00, 60.54it/s, loss=1.3627]
Epoch 13/100:  74%|███████▎  | 56/76 [00:01<00:00, 60.54it/s, loss=1.7687]
Epoch 13/100:  74%|███████▎  | 56/76 [00:01<00:00, 60.54it/s, loss=1.4564]
Epoch 13/100:  74%|███████▎  | 56/76 [00:01<00:00, 60.54it/s, loss=1.9218]
Epoch 13/100:  83%|████████▎ | 63/76 [00:01<00:00, 60.51it/s, loss=1.9218]
Epoch 13/100:  83%|████████▎ | 63/76 [00:01<00:00, 60.51it/s, loss=1.9093]
Epoch 13/100:  83%|████████▎ | 63/76 [00:01<00:00, 60.51it/s, loss=1.6768]
Epoch 13/100:  83%|████████▎ | 63/76 [00:01<00:00, 60.51it/s, loss=1.7524]
Epoch 13/100:  83%|████████▎ | 63/76 [00:01<00:00, 60.51it/s, loss=1.4801]
Epoch 13/100:  83%|████████▎ | 63/76 [00:01<00:00, 60.51it/s, loss=1.7258]
Epoch 13/100:  83%|████████▎ | 63/76 [00:01<00:00, 60.51it/s, loss=1.8171]
Epoch 13/100:  83%|████████▎ | 63/76 [00:01<00:00, 60.51it/s, loss=1.4335]
Epoch 13/100:  92%|█████████▏| 70/76 [00:01<00:00, 60.47it/s, loss=1.4335]
Epoch 13/100:  92%|█████████▏| 70/76 [00:01<00:00, 60.47it/s, loss=1.5216]
Epoch 13/100:  92%|█████████▏| 70/76 [00:01<00:00, 60.47it/s, loss=1.8473]
Epoch 13/100:  92%|█████████▏| 70/76 [00:01<00:00, 60.47it/s, loss=2.1868]
Epoch 13/100:  92%|█████████▏| 70/76 [00:01<00:00, 60.47it/s, loss=1.6078]
Epoch 13/100:  92%|█████████▏| 70/76 [00:01<00:00, 60.47it/s, loss=1.5152]
Epoch 13/100:  92%|█████████▏| 70/76 [00:01<00:00, 60.47it/s, loss=1.5703]
Epoch 13/100: 100%|██████████| 76/76 [00:01<00:00, 60.51it/s, loss=1.5703]
Epoch 13/100 - avg_loss: 1.5090

Epoch 14/100:   0%|          | 0/76 [00:00<?, ?it/s]
Epoch 14/100:   0%|          | 0/76 [00:00<?, ?it/s, loss=1.5303]
Epoch 14/100:   0%|          | 0/76 [00:00<?, ?it/s, loss=1.4140]
Epoch 14/100:   0%|          | 0/76 [00:00<?, ?it/s, loss=1.3491]
Epoch 14/100:   0%|          | 0/76 [00:00<?, ?it/s, loss=1.3870]
Epoch 14/100:   0%|          | 0/76 [00:00<?, ?it/s, loss=1.2019]
Epoch 14/100:   0%|          | 0/76 [00:00<?, ?it/s, loss=0.8882]
Epoch 14/100:   0%|          | 0/76 [00:00<?, ?it/s, loss=1.2640]
Epoch 14/100:   9%|▉         | 7/76 [00:00<00:01, 60.51it/s, loss=1.2640]
Epoch 14/100:   9%|▉         | 7/76 [00:00<00:01, 60.51it/s, loss=1.4332]
Epoch 14/100:   9%|▉         | 7/76 [00:00<00:01, 60.51it/s, loss=1.0901]
Epoch 14/100:   9%|▉         | 7/76 [00:00<00:01, 60.51it/s, loss=1.4214]
Epoch 14/100:   9%|▉         | 7/76 [00:00<00:01, 60.51it/s, loss=1.2163]
Epoch 14/100:   9%|▉         | 7/76 [00:00<00:01, 60.51it/s, loss=1.2752]
Epoch 14/100:   9%|▉         | 7/76 [00:00<00:01, 60.51it/s, loss=1.3121]
Epoch 14/100:   9%|▉         | 7/76 [00:00<00:01, 60.51it/s, loss=1.3288]
Epoch 14/100:  18%|█▊        | 14/76 [00:00<00:01, 60.54it/s, loss=1.3288]
Epoch 14/100:  18%|█▊        | 14/76 [00:00<00:01, 60.54it/s, loss=1.2159]
Epoch 14/100:  18%|█▊        | 14/76 [00:00<00:01, 60.54it/s, loss=1.3259]
Epoch 14/100:  18%|█▊        | 14/76 [00:00<00:01, 60.54it/s, loss=1.2797]
Epoch 14/100:  18%|█▊        | 14/76 [00:00<00:01, 60.54it/s, loss=1.4743]
Epoch 14/100:  18%|█▊        | 14/76 [00:00<00:01, 60.54it/s, loss=1.4977]
Epoch 14/100:  18%|█▊        | 14/76 [00:00<00:01, 60.54it/s, loss=1.4789]
Epoch 14/100:  18%|█▊        | 14/76 [00:00<00:01, 60.54it/s, loss=1.1867]
Epoch 14/100:  28%|██▊       | 21/76 [00:00<00:00, 60.54it/s, loss=1.1867]
Epoch 14/100:  28%|██▊       | 21/76 [00:00<00:00, 60.54it/s, loss=1.2577]
Epoch 14/100:  28%|██▊       | 21/76 [00:00<00:00, 60.54it/s, loss=1.3144]
Epoch 14/100:  28%|██▊       | 21/76 [00:00<00:00, 60.54it/s, loss=1.0783]
Epoch 14/100:  28%|██▊       | 21/76 [00:00<00:00, 60.54it/s, loss=1.3474]
Epoch 14/100:  28%|██▊       | 21/76 [00:00<00:00, 60.54it/s, loss=1.0636]
Epoch 14/100:  28%|██▊       | 21/76 [00:00<00:00, 60.54it/s, loss=0.9777]
Epoch 14/100:  28%|██▊       | 21/76 [00:00<00:00, 60.54it/s, loss=1.4611]
Epoch 14/100:  37%|███▋      | 28/76 [00:00<00:00, 60.51it/s, loss=1.4611]
Epoch 14/100:  37%|███▋      | 28/76 [00:00<00:00, 60.51it/s, loss=1.3320]
Epoch 14/100:  37%|███▋      | 28/76 [00:00<00:00, 60.51it/s, loss=1.3557]
Epoch 14/100:  37%|███▋      | 28/76 [00:00<00:00, 60.51it/s, loss=1.3230]
Epoch 14/100:  37%|███▋      | 28/76 [00:00<00:00, 60.51it/s, loss=1.5277]
Epoch 14/100:  37%|███▋      | 28/76 [00:00<00:00, 60.51it/s, loss=1.2836]
Epoch 14/100:  37%|███▋      | 28/76 [00:00<00:00, 60.51it/s, loss=1.5681]
Epoch 14/100:  37%|███▋      | 28/76 [00:00<00:00, 60.51it/s, loss=1.6495]
Epoch 14/100:  46%|████▌     | 35/76 [00:00<00:00, 60.46it/s, loss=1.6495]
Epoch 14/100:  46%|████▌     | 35/76 [00:00<00:00, 60.46it/s, loss=1.2764]
Epoch 14/100:  46%|████▌     | 35/76 [00:00<00:00, 60.46it/s, loss=1.3586]
Epoch 14/100:  46%|████▌     | 35/76 [00:00<00:00, 60.46it/s, loss=1.5881]
Epoch 14/100:  46%|████▌     | 35/76 [00:00<00:00, 60.46it/s, loss=1.2574]
Epoch 14/100:  46%|████▌     | 35/76 [00:00<00:00, 60.46it/s, loss=1.5489]
Epoch 14/100:  46%|████▌     | 35/76 [00:00<00:00, 60.46it/s, loss=1.5766]
Epoch 14/100:  46%|████▌     | 35/76 [00:00<00:00, 60.46it/s, loss=1.2110]
Epoch 14/100:  55%|█████▌    | 42/76 [00:00<00:00, 60.44it/s, loss=1.2110]
Epoch 14/100:  55%|█████▌    | 42/76 [00:00<00:00, 60.44it/s, loss=1.9631]
Epoch 14/100:  55%|█████▌    | 42/76 [00:00<00:00, 60.44it/s, loss=1.5544]
Epoch 14/100:  55%|█████▌    | 42/76 [00:00<00:00, 60.44it/s, loss=1.6197]
Epoch 14/100:  55%|█████▌    | 42/76 [00:00<00:00, 60.44it/s, loss=1.4003]
Epoch 14/100:  55%|█████▌    | 42/76 [00:00<00:00, 60.44it/s, loss=1.2928]
Epoch 14/100:  55%|█████▌    | 42/76 [00:00<00:00, 60.44it/s, loss=1.3634]
Epoch 14/100:  55%|█████▌    | 42/76 [00:00<00:00, 60.44it/s, loss=1.5129]
Epoch 14/100:  64%|██████▍   | 49/76 [00:00<00:00, 60.49it/s, loss=1.5129]
Epoch 14/100:  64%|██████▍   | 49/76 [00:00<00:00, 60.49it/s, loss=1.5792]
Epoch 14/100:  64%|██████▍   | 49/76 [00:00<00:00, 60.49it/s, loss=1.6033]
Epoch 14/100:  64%|██████▍   | 49/76 [00:00<00:00, 60.49it/s, loss=1.4127]
Epoch 14/100:  64%|██████▍   | 49/76 [00:00<00:00, 60.49it/s, loss=1.5790]
Epoch 14/100:  64%|██████▍   | 49/76 [00:00<00:00, 60.49it/s, loss=1.5481]
Epoch 14/100:  64%|██████▍   | 49/76 [00:00<00:00, 60.49it/s, loss=1.7374]
Epoch 14/100:  64%|██████▍   | 49/76 [00:00<00:00, 60.49it/s, loss=1.6234]
Epoch 14/100:  74%|███████▎  | 56/76 [00:00<00:00, 60.51it/s, loss=1.6234]
Epoch 14/100:  74%|███████▎  | 56/76 [00:00<00:00, 60.51it/s, loss=1.6606]
Epoch 14/100:  74%|███████▎  | 56/76 [00:00<00:00, 60.51it/s, loss=1.5220]
Epoch 14/100:  74%|███████▎  | 56/76 [00:00<00:00, 60.51it/s, loss=1.5757]
Epoch 14/100:  74%|███████▎  | 56/76 [00:00<00:00, 60.51it/s, loss=1.5017]
Epoch 14/100:  74%|███████▎  | 56/76 [00:01<00:00, 60.51it/s, loss=1.3007]
Epoch 14/100:  74%|███████▎  | 56/76 [00:01<00:00, 60.51it/s, loss=1.1857]
Epoch 14/100:  74%|███████▎  | 56/76 [00:01<00:00, 60.51it/s, loss=1.4226]
Epoch 14/100:  83%|████████▎ | 63/76 [00:01<00:00, 60.19it/s, loss=1.4226]
Epoch 14/100:  83%|████████▎ | 63/76 [00:01<00:00, 60.19it/s, loss=1.7166]
Epoch 14/100:  83%|████████▎ | 63/76 [00:01<00:00, 60.19it/s, loss=1.7867]
Epoch 14/100:  83%|████████▎ | 63/76 [00:01<00:00, 60.19it/s, loss=1.2578]
Epoch 14/100:  83%|████████▎ | 63/76 [00:01<00:00, 60.19it/s, loss=1.7902]
Epoch 14/100:  83%|████████▎ | 63/76 [00:01<00:00, 60.19it/s, loss=1.9262]
Epoch 14/100:  83%|████████▎ | 63/76 [00:01<00:00, 60.19it/s, loss=1.7294]
Epoch 14/100:  83%|████████▎ | 63/76 [00:01<00:00, 60.19it/s, loss=1.3225]
Epoch 14/100:  92%|█████████▏| 70/76 [00:01<00:00, 60.27it/s, loss=1.3225]
Epoch 14/100:  92%|█████████▏| 70/76 [00:01<00:00, 60.27it/s, loss=1.8894]
Epoch 14/100:  92%|█████████▏| 70/76 [00:01<00:00, 60.27it/s, loss=1.3543]
Epoch 14/100:  92%|█████████▏| 70/76 [00:01<00:00, 60.27it/s, loss=1.9114]
Epoch 14/100:  92%|█████████▏| 70/76 [00:01<00:00, 60.27it/s, loss=1.6049]
Epoch 14/100:  92%|█████████▏| 70/76 [00:01<00:00, 60.27it/s, loss=1.6616]
Epoch 14/100:  92%|█████████▏| 70/76 [00:01<00:00, 60.27it/s, loss=1.5621]
Epoch 14/100: 100%|██████████| 76/76 [00:01<00:00, 60.42it/s, loss=1.5621]
Epoch 14/100 - avg_loss: 1.4395

Epoch 15/100:   0%|          | 0/76 [00:00<?, ?it/s]
Epoch 15/100:   0%|          | 0/76 [00:00<?, ?it/s, loss=1.1259]
Epoch 15/100:   0%|          | 0/76 [00:00<?, ?it/s, loss=1.0976]
Epoch 15/100:   0%|          | 0/76 [00:00<?, ?it/s, loss=1.3408]
Epoch 15/100:   0%|          | 0/76 [00:00<?, ?it/s, loss=1.1114]
Epoch 15/100:   0%|          | 0/76 [00:00<?, ?it/s, loss=0.9713]
Epoch 15/100:   0%|          | 0/76 [00:00<?, ?it/s, loss=1.2627]
Epoch 15/100:   0%|          | 0/76 [00:00<?, ?it/s, loss=1.3224]
Epoch 15/100:   9%|▉         | 7/76 [00:00<00:01, 60.49it/s, loss=1.3224]
Epoch 15/100:   9%|▉         | 7/76 [00:00<00:01, 60.49it/s, loss=1.1509]
Epoch 15/100:   9%|▉         | 7/76 [00:00<00:01, 60.49it/s, loss=1.2626]
Epoch 15/100:   9%|▉         | 7/76 [00:00<00:01, 60.49it/s, loss=1.1569]
Epoch 15/100:   9%|▉         | 7/76 [00:00<00:01, 60.49it/s, loss=1.2385]
Epoch 15/100:   9%|▉         | 7/76 [00:00<00:01, 60.49it/s, loss=1.1386]
Epoch 15/100:   9%|▉         | 7/76 [00:00<00:01, 60.49it/s, loss=0.9922]
Epoch 15/100:   9%|▉         | 7/76 [00:00<00:01, 60.49it/s, loss=1.3592]
Epoch 15/100:  18%|█▊        | 14/76 [00:00<00:01, 60.43it/s, loss=1.3592]
Epoch 15/100:  18%|█▊        | 14/76 [00:00<00:01, 60.43it/s, loss=1.2515]
Epoch 15/100:  18%|█▊        | 14/76 [00:00<00:01, 60.43it/s, loss=1.2924]
Epoch 15/100:  18%|█▊        | 14/76 [00:00<00:01, 60.43it/s, loss=1.5574]
Epoch 15/100:  18%|█▊        | 14/76 [00:00<00:01, 60.43it/s, loss=0.9744]
Epoch 15/100:  18%|█▊        | 14/76 [00:00<00:01, 60.43it/s, loss=1.1347]
Epoch 15/100:  18%|█▊        | 14/76 [00:00<00:01, 60.43it/s, loss=1.3150]
Epoch 15/100:  18%|█▊        | 14/76 [00:00<00:01, 60.43it/s, loss=1.1316]
Epoch 15/100:  28%|██▊       | 21/76 [00:00<00:00, 60.44it/s, loss=1.1316]
Epoch 15/100:  28%|██▊       | 21/76 [00:00<00:00, 60.44it/s, loss=1.0141]
Epoch 15/100:  28%|██▊       | 21/76 [00:00<00:00, 60.44it/s, loss=1.3884]
Epoch 15/100:  28%|██▊       | 21/76 [00:00<00:00, 60.44it/s, loss=0.9678]
Epoch 15/100:  28%|██▊       | 21/76 [00:00<00:00, 60.44it/s, loss=1.2097]
Epoch 15/100:  28%|██▊       | 21/76 [00:00<00:00, 60.44it/s, loss=1.1631]
Epoch 15/100:  28%|██▊       | 21/76 [00:00<00:00, 60.44it/s, loss=1.4055]
Epoch 15/100:  28%|██▊       | 21/76 [00:00<00:00, 60.44it/s, loss=1.4034]
Epoch 15/100:  37%|███▋      | 28/76 [00:00<00:00, 60.47it/s, loss=1.4034]
Epoch 15/100:  37%|███▋      | 28/76 [00:00<00:00, 60.47it/s, loss=1.0905]
Epoch 15/100:  37%|███▋      | 28/76 [00:00<00:00, 60.47it/s, loss=1.1536]
Epoch 15/100:  37%|███▋      | 28/76 [00:00<00:00, 60.47it/s, loss=1.4701]
Epoch 15/100:  37%|███▋      | 28/76 [00:00<00:00, 60.47it/s, loss=1.3261]
Epoch 15/100:  37%|███▋      | 28/76 [00:00<00:00, 60.47it/s, loss=1.3524]
Epoch 15/100:  37%|███▋      | 28/76 [00:00<00:00, 60.47it/s, loss=1.3210]
Epoch 15/100:  37%|███▋      | 28/76 [00:00<00:00, 60.47it/s, loss=1.4541]
Epoch 15/100:  46%|████▌     | 35/76 [00:00<00:00, 60.47it/s, loss=1.4541]
Epoch 15/100:  46%|████▌     | 35/76 [00:00<00:00, 60.47it/s, loss=1.4255]
Epoch 15/100:  46%|████▌     | 35/76 [00:00<00:00, 60.47it/s, loss=1.3812]
Epoch 15/100:  46%|████▌     | 35/76 [00:00<00:00, 60.47it/s, loss=1.6204]
Epoch 15/100:  46%|████▌     | 35/76 [00:00<00:00, 60.47it/s, loss=1.6749]
Epoch 15/100:  46%|████▌     | 35/76 [00:00<00:00, 60.47it/s, loss=1.3961]
Epoch 15/100:  46%|████▌     | 35/76 [00:00<00:00, 60.47it/s, loss=1.5685]
Epoch 15/100:  46%|████▌     | 35/76 [00:00<00:00, 60.47it/s, loss=1.4764]
Epoch 15/100:  55%|█████▌    | 42/76 [00:00<00:00, 60.48it/s, loss=1.4764]
Epoch 15/100:  55%|█████▌    | 42/76 [00:00<00:00, 60.48it/s, loss=1.5959]
Epoch 15/100:  55%|█████▌    | 42/76 [00:00<00:00, 60.48it/s, loss=1.4996]
Epoch 15/100:  55%|█████▌    | 42/76 [00:00<00:00, 60.48it/s, loss=1.5537]
Epoch 15/100:  55%|█████▌    | 42/76 [00:00<00:00, 60.48it/s, loss=1.3801]
Epoch 15/100:  55%|█████▌    | 42/76 [00:00<00:00, 60.48it/s, loss=1.2226]
Epoch 15/100:  55%|█████▌    | 42/76 [00:00<00:00, 60.48it/s, loss=1.3076]
Epoch 15/100:  55%|█████▌    | 42/76 [00:00<00:00, 60.48it/s, loss=1.2599]
Epoch 15/100:  64%|██████▍   | 49/76 [00:00<00:00, 60.52it/s, loss=1.2599]
Epoch 15/100:  64%|██████▍   | 49/76 [00:00<00:00, 60.52it/s, loss=1.8255]
Epoch 15/100:  64%|██████▍   | 49/76 [00:00<00:00, 60.52it/s, loss=1.3379]
Epoch 15/100:  64%|██████▍   | 49/76 [00:00<00:00, 60.52it/s, loss=1.3091]
Epoch 15/100:  64%|██████▍   | 49/76 [00:00<00:00, 60.52it/s, loss=1.5026]
Epoch 15/100:  64%|██████▍   | 49/76 [00:00<00:00, 60.52it/s, loss=1.5760]
Epoch 15/100:  64%|██████▍   | 49/76 [00:00<00:00, 60.52it/s, loss=1.6205]
Epoch 15/100:  64%|██████▍   | 49/76 [00:00<00:00, 60.52it/s, loss=1.5023]
Epoch 15/100:  74%|███████▎  | 56/76 [00:00<00:00, 60.57it/s, loss=1.5023]
Epoch 15/100:  74%|███████▎  | 56/76 [00:00<00:00, 60.57it/s, loss=1.3343]
Epoch 15/100:  74%|███████▎  | 56/76 [00:00<00:00, 60.57it/s, loss=1.7977]
Epoch 15/100:  74%|███████▎  | 56/76 [00:00<00:00, 60.57it/s, loss=1.4178]
Epoch 15/100:  74%|███████▎  | 56/76 [00:00<00:00, 60.57it/s, loss=1.5071]
Epoch 15/100:  74%|███████▎  | 56/76 [00:01<00:00, 60.57it/s, loss=1.6537]
Epoch 15/100:  74%|███████▎  | 56/76 [00:01<00:00, 60.57it/s, loss=1.5559]
Epoch 15/100:  74%|███████▎  | 56/76 [00:01<00:00, 60.57it/s, loss=1.6214]
Epoch 15/100:  83%|████████▎ | 63/76 [00:01<00:00, 60.53it/s, loss=1.6214]
Epoch 15/100:  83%|████████▎ | 63/76 [00:01<00:00, 60.53it/s, loss=1.8752]
Epoch 15/100:  83%|████████▎ | 63/76 [00:01<00:00, 60.53it/s, loss=1.3882]
Epoch 15/100:  83%|████████▎ | 63/76 [00:01<00:00, 60.53it/s, loss=1.5987]
Epoch 15/100:  83%|████████▎ | 63/76 [00:01<00:00, 60.53it/s, loss=1.2266]
Epoch 15/100:  83%|████████▎ | 63/76 [00:01<00:00, 60.53it/s, loss=1.6402]
Epoch 15/100:  83%|████████▎ | 63/76 [00:01<00:00, 60.53it/s, loss=1.4819]
Epoch 15/100:  83%|████████▎ | 63/76 [00:01<00:00, 60.53it/s, loss=1.7977]
Epoch 15/100:  92%|█████████▏| 70/76 [00:01<00:00, 60.52it/s, loss=1.7977]
Epoch 15/100:  92%|█████████▏| 70/76 [00:01<00:00, 60.52it/s, loss=1.6772]
Epoch 15/100:  92%|█████████▏| 70/76 [00:01<00:00, 60.52it/s, loss=1.3657]
Epoch 15/100:  92%|█████████▏| 70/76 [00:01<00:00, 60.52it/s, loss=1.6413]
Epoch 15/100:  92%|█████████▏| 70/76 [00:01<00:00, 60.52it/s, loss=1.4527]
Epoch 15/100:  92%|█████████▏| 70/76 [00:01<00:00, 60.52it/s, loss=1.6763]
Epoch 15/100:  92%|█████████▏| 70/76 [00:01<00:00, 60.52it/s, loss=1.5998]
Epoch 15/100: 100%|██████████| 76/76 [00:01<00:00, 60.52it/s, loss=1.5998]
Epoch 15/100 - avg_loss: 1.3849

Epoch 16/100:   0%|          | 0/76 [00:00<?, ?it/s]
Epoch 16/100:   0%|          | 0/76 [00:00<?, ?it/s, loss=1.0888]
Epoch 16/100:   0%|          | 0/76 [00:00<?, ?it/s, loss=1.2036]
Epoch 16/100:   0%|          | 0/76 [00:00<?, ?it/s, loss=1.1298]
Epoch 16/100:   0%|          | 0/76 [00:00<?, ?it/s, loss=1.2289]
Epoch 16/100:   0%|          | 0/76 [00:00<?, ?it/s, loss=1.1554]
Epoch 16/100:   0%|          | 0/76 [00:00<?, ?it/s, loss=1.0993]
Epoch 16/100:   0%|          | 0/76 [00:00<?, ?it/s, loss=0.9557]
Epoch 16/100:   9%|▉         | 7/76 [00:00<00:01, 60.36it/s, loss=0.9557]
Epoch 16/100:   9%|▉         | 7/76 [00:00<00:01, 60.36it/s, loss=1.1674]
Epoch 16/100:   9%|▉         | 7/76 [00:00<00:01, 60.36it/s, loss=1.1382]
Epoch 16/100:   9%|▉         | 7/76 [00:00<00:01, 60.36it/s, loss=1.0664]
Epoch 16/100:   9%|▉         | 7/76 [00:00<00:01, 60.36it/s, loss=1.2167]
Epoch 16/100:   9%|▉         | 7/76 [00:00<00:01, 60.36it/s, loss=1.2974]
Epoch 16/100:   9%|▉         | 7/76 [00:00<00:01, 60.36it/s, loss=1.1911]
Epoch 16/100:   9%|▉         | 7/76 [00:00<00:01, 60.36it/s, loss=1.3385]
Epoch 16/100:  18%|█▊        | 14/76 [00:00<00:01, 58.11it/s, loss=1.3385]
Epoch 16/100:  18%|█▊        | 14/76 [00:00<00:01, 58.11it/s, loss=1.3479]
Epoch 16/100:  18%|█▊        | 14/76 [00:00<00:01, 58.11it/s, loss=1.3611]
Epoch 16/100:  18%|█▊        | 14/76 [00:00<00:01, 58.11it/s, loss=0.9870]
Epoch 16/100:  18%|█▊        | 14/76 [00:00<00:01, 58.11it/s, loss=1.1399]
Epoch 16/100:  18%|█▊        | 14/76 [00:00<00:01, 58.11it/s, loss=1.1391]
Epoch 16/100:  18%|█▊        | 14/76 [00:00<00:01, 58.11it/s, loss=1.2951]
Epoch 16/100:  18%|█▊        | 14/76 [00:00<00:01, 58.11it/s, loss=1.1200]
Epoch 16/100:  28%|██▊       | 21/76 [00:00<00:00, 59.05it/s, loss=1.1200]
Epoch 16/100:  28%|██▊       | 21/76 [00:00<00:00, 59.05it/s, loss=1.4214]
Epoch 16/100:  28%|██▊       | 21/76 [00:00<00:00, 59.05it/s, loss=1.0048]
Epoch 16/100:  28%|██▊       | 21/76 [00:00<00:00, 59.05it/s, loss=1.3991]
Epoch 16/100:  28%|██▊       | 21/76 [00:00<00:00, 59.05it/s, loss=1.1337]
Epoch 16/100:  28%|██▊       | 21/76 [00:00<00:00, 59.05it/s, loss=1.0981]
Epoch 16/100:  28%|██▊       | 21/76 [00:00<00:00, 59.05it/s, loss=1.4250]
Epoch 16/100:  28%|██▊       | 21/76 [00:00<00:00, 59.05it/s, loss=1.4006]
Epoch 16/100:  37%|███▋      | 28/76 [00:00<00:00, 59.46it/s, loss=1.4006]
Epoch 16/100:  37%|███▋      | 28/76 [00:00<00:00, 59.46it/s, loss=1.2432]
Epoch 16/100:  37%|███▋      | 28/76 [00:00<00:00, 59.46it/s, loss=1.5854]
Epoch 16/100:  37%|███▋      | 28/76 [00:00<00:00, 59.46it/s, loss=1.4305]
Epoch 16/100:  37%|███▋      | 28/76 [00:00<00:00, 59.46it/s, loss=1.0520]
Epoch 16/100:  37%|███▋      | 28/76 [00:00<00:00, 59.46it/s, loss=1.3276]
Epoch 16/100:  37%|███▋      | 28/76 [00:00<00:00, 59.46it/s, loss=1.1932]
Epoch 16/100:  37%|███▋      | 28/76 [00:00<00:00, 59.46it/s, loss=1.2681]
Epoch 16/100:  46%|████▌     | 35/76 [00:00<00:00, 59.76it/s, loss=1.2681]
Epoch 16/100:  46%|████▌     | 35/76 [00:00<00:00, 59.76it/s, loss=1.3769]
Epoch 16/100:  46%|████▌     | 35/76 [00:00<00:00, 59.76it/s, loss=1.6696]
Epoch 16/100:  46%|████▌     | 35/76 [00:00<00:00, 59.76it/s, loss=1.0892]
Epoch 16/100:  46%|████▌     | 35/76 [00:00<00:00, 59.76it/s, loss=1.3247]
Epoch 16/100:  46%|████▌     | 35/76 [00:00<00:00, 59.76it/s, loss=1.5733]
Epoch 16/100:  46%|████▌     | 35/76 [00:00<00:00, 59.76it/s, loss=1.1164]
Epoch 16/100:  46%|████▌     | 35/76 [00:00<00:00, 59.76it/s, loss=1.5676]
Epoch 16/100:  55%|█████▌    | 42/76 [00:00<00:00, 59.99it/s, loss=1.5676]
Epoch 16/100:  55%|█████▌    | 42/76 [00:00<00:00, 59.99it/s, loss=1.0753]
Epoch 16/100:  55%|█████▌    | 42/76 [00:00<00:00, 59.99it/s, loss=1.3804]
Epoch 16/100:  55%|█████▌    | 42/76 [00:00<00:00, 59.99it/s, loss=1.2120]
Epoch 16/100:  55%|█████▌    | 42/76 [00:00<00:00, 59.99it/s, loss=1.5727]
Epoch 16/100:  55%|█████▌    | 42/76 [00:00<00:00, 59.99it/s, loss=1.4478]
Epoch 16/100:  55%|█████▌    | 42/76 [00:00<00:00, 59.99it/s, loss=1.3234]
Epoch 16/100:  55%|█████▌    | 42/76 [00:00<00:00, 59.99it/s, loss=1.3735]
Epoch 16/100:  64%|██████▍   | 49/76 [00:00<00:00, 60.19it/s, loss=1.3735]
Epoch 16/100:  64%|██████▍   | 49/76 [00:00<00:00, 60.19it/s, loss=1.3726]
Epoch 16/100:  64%|██████▍   | 49/76 [00:00<00:00, 60.19it/s, loss=1.2223]
Epoch 16/100:  64%|██████▍   | 49/76 [00:00<00:00, 60.19it/s, loss=1.4328]
Epoch 16/100:  64%|██████▍   | 49/76 [00:00<00:00, 60.19it/s, loss=1.4155]
Epoch 16/100:  64%|██████▍   | 49/76 [00:00<00:00, 60.19it/s, loss=1.2653]
Epoch 16/100:  64%|██████▍   | 49/76 [00:00<00:00, 60.19it/s, loss=1.2820]
Epoch 16/100:  64%|██████▍   | 49/76 [00:00<00:00, 60.19it/s, loss=1.2566]
Epoch 16/100:  74%|███████▎  | 56/76 [00:00<00:00, 60.28it/s, loss=1.2566]
Epoch 16/100:  74%|███████▎  | 56/76 [00:00<00:00, 60.28it/s, loss=1.5189]
Epoch 16/100:  74%|███████▎  | 56/76 [00:00<00:00, 60.28it/s, loss=1.3568]
Epoch 16/100:  74%|███████▎  | 56/76 [00:00<00:00, 60.28it/s, loss=1.2058]
Epoch 16/100:  74%|███████▎  | 56/76 [00:01<00:00, 60.28it/s, loss=1.4132]
Epoch 16/100:  74%|███████▎  | 56/76 [00:01<00:00, 60.28it/s, loss=1.4634]
Epoch 16/100:  74%|███████▎  | 56/76 [00:01<00:00, 60.28it/s, loss=1.1316]
Epoch 16/100:  74%|███████▎  | 56/76 [00:01<00:00, 60.28it/s, loss=1.4647]
Epoch 16/100:  83%|████████▎ | 63/76 [00:01<00:00, 60.29it/s, loss=1.4647]
Epoch 16/100:  83%|████████▎ | 63/76 [00:01<00:00, 60.29it/s, loss=1.2219]
Epoch 16/100:  83%|████████▎ | 63/76 [00:01<00:00, 60.29it/s, loss=1.3331]
Epoch 16/100:  83%|████████▎ | 63/76 [00:01<00:00, 60.29it/s, loss=1.5642]
Epoch 16/100:  83%|████████▎ | 63/76 [00:01<00:00, 60.29it/s, loss=1.6271]
Epoch 16/100:  83%|████████▎ | 63/76 [00:01<00:00, 60.29it/s, loss=1.6873]
Epoch 16/100:  83%|████████▎ | 63/76 [00:01<00:00, 60.29it/s, loss=1.6387]
Epoch 16/100:  83%|████████▎ | 63/76 [00:01<00:00, 60.29it/s, loss=1.6188]
Epoch 16/100:  92%|█████████▏| 70/76 [00:01<00:00, 60.32it/s, loss=1.6188]
Epoch 16/100:  92%|█████████▏| 70/76 [00:01<00:00, 60.32it/s, loss=1.5513]
Epoch 16/100:  92%|█████████▏| 70/76 [00:01<00:00, 60.32it/s, loss=1.2937]
Epoch 16/100:  92%|█████████▏| 70/76 [00:01<00:00, 60.32it/s, loss=1.4793]
Epoch 16/100:  92%|█████████▏| 70/76 [00:01<00:00, 60.32it/s, loss=1.6816]
Epoch 16/100:  92%|█████████▏| 70/76 [00:01<00:00, 60.32it/s, loss=1.2556]
Epoch 16/100:  92%|█████████▏| 70/76 [00:01<00:00, 60.32it/s, loss=1.3313]
Epoch 16/100: 100%|██████████| 76/76 [00:01<00:00, 60.01it/s, loss=1.3313]
Epoch 16/100 - avg_loss: 1.3137

Epoch 17/100:   0%|          | 0/76 [00:00<?, ?it/s]
Epoch 17/100:   0%|          | 0/76 [00:00<?, ?it/s, loss=1.1555]
Epoch 17/100:   0%|          | 0/76 [00:00<?, ?it/s, loss=1.0283]
Epoch 17/100:   0%|          | 0/76 [00:00<?, ?it/s, loss=1.0155]
Epoch 17/100:   0%|          | 0/76 [00:00<?, ?it/s, loss=1.0038]
Epoch 17/100:   0%|          | 0/76 [00:00<?, ?it/s, loss=0.9799]
Epoch 17/100:   0%|          | 0/76 [00:00<?, ?it/s, loss=1.2533]
Epoch 17/100:   0%|          | 0/76 [00:00<?, ?it/s, loss=1.2431]
Epoch 17/100:   9%|▉         | 7/76 [00:00<00:01, 60.43it/s, loss=1.2431]
Epoch 17/100:   9%|▉         | 7/76 [00:00<00:01, 60.43it/s, loss=1.0183]
Epoch 17/100:   9%|▉         | 7/76 [00:00<00:01, 60.43it/s, loss=0.9453]
Epoch 17/100:   9%|▉         | 7/76 [00:00<00:01, 60.43it/s, loss=0.9671]
Epoch 17/100:   9%|▉         | 7/76 [00:00<00:01, 60.43it/s, loss=1.1709]
Epoch 17/100:   9%|▉         | 7/76 [00:00<00:01, 60.43it/s, loss=1.2306]
Epoch 17/100:   9%|▉         | 7/76 [00:00<00:01, 60.43it/s, loss=1.1693]
Epoch 17/100:   9%|▉         | 7/76 [00:00<00:01, 60.43it/s, loss=1.0524]
Epoch 17/100:  18%|█▊        | 14/76 [00:00<00:01, 60.41it/s, loss=1.0524]
Epoch 17/100:  18%|█▊        | 14/76 [00:00<00:01, 60.41it/s, loss=1.1283]
Epoch 17/100:  18%|█▊        | 14/76 [00:00<00:01, 60.41it/s, loss=1.0158]
Epoch 17/100:  18%|█▊        | 14/76 [00:00<00:01, 60.41it/s, loss=1.0945]
Epoch 17/100:  18%|█▊        | 14/76 [00:00<00:01, 60.41it/s, loss=1.0780]
Epoch 17/100:  18%|█▊        | 14/76 [00:00<00:01, 60.41it/s, loss=1.0387]
Epoch 17/100:  18%|█▊        | 14/76 [00:00<00:01, 60.41it/s, loss=1.4177]
Epoch 17/100:  18%|█▊        | 14/76 [00:00<00:01, 60.41it/s, loss=1.0463]
Epoch 17/100:  28%|██▊       | 21/76 [00:00<00:00, 60.26it/s, loss=1.0463]
Epoch 17/100:  28%|██▊       | 21/76 [00:00<00:00, 60.26it/s, loss=1.2483]
Epoch 17/100:  28%|██▊       | 21/76 [00:00<00:00, 60.26it/s, loss=1.4125]
Epoch 17/100:  28%|██▊       | 21/76 [00:00<00:00, 60.26it/s, loss=1.1660]
Epoch 17/100:  28%|██▊       | 21/76 [00:00<00:00, 60.26it/s, loss=1.1752]
Epoch 17/100:  28%|██▊       | 21/76 [00:00<00:00, 60.26it/s, loss=1.1258]
Epoch 17/100:  28%|██▊       | 21/76 [00:00<00:00, 60.26it/s, loss=1.1106]
Epoch 17/100:  28%|██▊       | 21/76 [00:00<00:00, 60.26it/s, loss=1.2771]
Epoch 17/100:  37%|███▋      | 28/76 [00:00<00:00, 60.33it/s, loss=1.2771]
Epoch 17/100:  37%|███▋      | 28/76 [00:00<00:00, 60.33it/s, loss=1.2100]
Epoch 17/100:  37%|███▋      | 28/76 [00:00<00:00, 60.33it/s, loss=1.1008]
Epoch 17/100:  37%|███▋      | 28/76 [00:00<00:00, 60.33it/s, loss=1.1502]
Epoch 17/100:  37%|███▋      | 28/76 [00:00<00:00, 60.33it/s, loss=1.3038]
Epoch 17/100:  37%|███▋      | 28/76 [00:00<00:00, 60.33it/s, loss=1.3774]
Epoch 17/100:  37%|███▋      | 28/76 [00:00<00:00, 60.33it/s, loss=1.1079]
Epoch 17/100:  37%|███▋      | 28/76 [00:00<00:00, 60.33it/s, loss=1.3245]
Epoch 17/100:  46%|████▌     | 35/76 [00:00<00:00, 60.34it/s, loss=1.3245]
Epoch 17/100:  46%|████▌     | 35/76 [00:00<00:00, 60.34it/s, loss=1.3695]
Epoch 17/100:  46%|████▌     | 35/76 [00:00<00:00, 60.34it/s, loss=1.4113]
Epoch 17/100:  46%|████▌     | 35/76 [00:00<00:00, 60.34it/s, loss=1.4844]
Epoch 17/100:  46%|████▌     | 35/76 [00:00<00:00, 60.34it/s, loss=1.1724]
Epoch 17/100:  46%|████▌     | 35/76 [00:00<00:00, 60.34it/s, loss=1.5174]
Epoch 17/100:  46%|████▌     | 35/76 [00:00<00:00, 60.34it/s, loss=1.2949]
Epoch 17/100:  46%|████▌     | 35/76 [00:00<00:00, 60.34it/s, loss=1.5452]
Epoch 17/100:  55%|█████▌    | 42/76 [00:00<00:00, 60.37it/s, loss=1.5452]
Epoch 17/100:  55%|█████▌    | 42/76 [00:00<00:00, 60.37it/s, loss=1.4226]
Epoch 17/100:  55%|█████▌    | 42/76 [00:00<00:00, 60.37it/s, loss=1.4285]
Epoch 17/100:  55%|█████▌    | 42/76 [00:00<00:00, 60.37it/s, loss=1.2974]
Epoch 17/100:  55%|█████▌    | 42/76 [00:00<00:00, 60.37it/s, loss=1.1651]
Epoch 17/100:  55%|█████▌    | 42/76 [00:00<00:00, 60.37it/s, loss=1.3038]
Epoch 17/100:  55%|█████▌    | 42/76 [00:00<00:00, 60.37it/s, loss=0.8960]
Epoch 17/100:  55%|█████▌    | 42/76 [00:00<00:00, 60.37it/s, loss=1.1652]
Epoch 17/100:  64%|██████▍   | 49/76 [00:00<00:00, 60.35it/s, loss=1.1652]
Epoch 17/100:  64%|██████▍   | 49/76 [00:00<00:00, 60.35it/s, loss=1.0460]
Epoch 17/100:  64%|██████▍   | 49/76 [00:00<00:00, 60.35it/s, loss=1.3287]
Epoch 17/100:  64%|██████▍   | 49/76 [00:00<00:00, 60.35it/s, loss=1.6400]
Epoch 17/100:  64%|██████▍   | 49/76 [00:00<00:00, 60.35it/s, loss=1.2821]
Epoch 17/100:  64%|██████▍   | 49/76 [00:00<00:00, 60.35it/s, loss=1.4173]
Epoch 17/100:  64%|██████▍   | 49/76 [00:00<00:00, 60.35it/s, loss=1.7624]
Epoch 17/100:  64%|██████▍   | 49/76 [00:00<00:00, 60.35it/s, loss=1.1235]
Epoch 17/100:  74%|███████▎  | 56/76 [00:00<00:00, 60.33it/s, loss=1.1235]
Epoch 17/100:  74%|███████▎  | 56/76 [00:00<00:00, 60.33it/s, loss=1.4203]
Epoch 17/100:  74%|███████▎  | 56/76 [00:00<00:00, 60.33it/s, loss=1.2657]
Epoch 17/100:  74%|███████▎  | 56/76 [00:00<00:00, 60.33it/s, loss=1.5357]
Epoch 17/100:  74%|███████▎  | 56/76 [00:00<00:00, 60.33it/s, loss=1.5052]
Epoch 17/100:  74%|███████▎  | 56/76 [00:01<00:00, 60.33it/s, loss=1.5078]
Epoch 17/100:  74%|███████▎  | 56/76 [00:01<00:00, 60.33it/s, loss=1.7655]
Epoch 17/100:  74%|███████▎  | 56/76 [00:01<00:00, 60.33it/s, loss=1.5306]
Epoch 17/100:  83%|████████▎ | 63/76 [00:01<00:00, 60.37it/s, loss=1.5306]
Epoch 17/100:  83%|████████▎ | 63/76 [00:01<00:00, 60.37it/s, loss=1.7573]
Epoch 17/100:  83%|████████▎ | 63/76 [00:01<00:00, 60.37it/s, loss=1.5048]
Epoch 17/100:  83%|████████▎ | 63/76 [00:01<00:00, 60.37it/s, loss=1.5262]
Epoch 17/100:  83%|████████▎ | 63/76 [00:01<00:00, 60.37it/s, loss=1.2589]
Epoch 17/100:  83%|████████▎ | 63/76 [00:01<00:00, 60.37it/s, loss=1.1623]
Epoch 17/100:  83%|████████▎ | 63/76 [00:01<00:00, 60.37it/s, loss=1.3389]
Epoch 17/100:  83%|████████▎ | 63/76 [00:01<00:00, 60.37it/s, loss=1.5475]
Epoch 17/100:  92%|█████████▏| 70/76 [00:01<00:00, 60.35it/s, loss=1.5475]
Epoch 17/100:  92%|█████████▏| 70/76 [00:01<00:00, 60.35it/s, loss=1.3798]
Epoch 17/100:  92%|█████████▏| 70/76 [00:01<00:00, 60.35it/s, loss=1.1250]
Epoch 17/100:  92%|█████████▏| 70/76 [00:01<00:00, 60.35it/s, loss=1.4185]
Epoch 17/100:  92%|█████████▏| 70/76 [00:01<00:00, 60.35it/s, loss=1.2782]
Epoch 17/100:  92%|█████████▏| 70/76 [00:01<00:00, 60.35it/s, loss=1.7182]
Epoch 17/100:  92%|█████████▏| 70/76 [00:01<00:00, 60.35it/s, loss=1.6377]
Epoch 17/100: 100%|██████████| 76/76 [00:01<00:00, 60.30it/s, loss=1.6377]
Epoch 17/100 - avg_loss: 1.2816

Epoch 18/100:   0%|          | 0/76 [00:00<?, ?it/s]
Epoch 18/100:   0%|          | 0/76 [00:00<?, ?it/s, loss=1.0677]
Epoch 18/100:   0%|          | 0/76 [00:00<?, ?it/s, loss=1.0813]
Epoch 18/100:   0%|          | 0/76 [00:00<?, ?it/s, loss=1.1799]
Epoch 18/100:   0%|          | 0/76 [00:00<?, ?it/s, loss=1.1056]
Epoch 18/100:   0%|          | 0/76 [00:00<?, ?it/s, loss=0.8896]
Epoch 18/100:   0%|          | 0/76 [00:00<?, ?it/s, loss=1.1112]
Epoch 18/100:   0%|          | 0/76 [00:00<?, ?it/s, loss=1.0443]
Epoch 18/100:   9%|▉         | 7/76 [00:00<00:01, 60.46it/s, loss=1.0443]
Epoch 18/100:   9%|▉         | 7/76 [00:00<00:01, 60.46it/s, loss=0.7826]
Epoch 18/100:   9%|▉         | 7/76 [00:00<00:01, 60.46it/s, loss=0.9379]
Epoch 18/100:   9%|▉         | 7/76 [00:00<00:01, 60.46it/s, loss=1.2447]
Epoch 18/100:   9%|▉         | 7/76 [00:00<00:01, 60.46it/s, loss=0.8930]
Epoch 18/100:   9%|▉         | 7/76 [00:00<00:01, 60.46it/s, loss=1.0416]
Epoch 18/100:   9%|▉         | 7/76 [00:00<00:01, 60.46it/s, loss=1.2612]
Epoch 18/100:   9%|▉         | 7/76 [00:00<00:01, 60.46it/s, loss=0.9159]
Epoch 18/100:  18%|█▊        | 14/76 [00:00<00:01, 60.34it/s, loss=0.9159]
Epoch 18/100:  18%|█▊        | 14/76 [00:00<00:01, 60.34it/s, loss=1.3415]
Epoch 18/100:  18%|█▊        | 14/76 [00:00<00:01, 60.34it/s, loss=1.0198]
Epoch 18/100:  18%|█▊        | 14/76 [00:00<00:01, 60.34it/s, loss=1.1735]
Epoch 18/100:  18%|█▊        | 14/76 [00:00<00:01, 60.34it/s, loss=1.0091]
Epoch 18/100:  18%|█▊        | 14/76 [00:00<00:01, 60.34it/s, loss=1.1758]
Epoch 18/100:  18%|█▊        | 14/76 [00:00<00:01, 60.34it/s, loss=1.3428]
Epoch 18/100:  18%|█▊        | 14/76 [00:00<00:01, 60.34it/s, loss=1.2587]
Epoch 18/100:  28%|██▊       | 21/76 [00:00<00:00, 60.21it/s, loss=1.2587]
Epoch 18/100:  28%|██▊       | 21/76 [00:00<00:00, 60.21it/s, loss=1.1925]
Epoch 18/100:  28%|██▊       | 21/76 [00:00<00:00, 60.21it/s, loss=1.1585]
Epoch 18/100:  28%|██▊       | 21/76 [00:00<00:00, 60.21it/s, loss=1.4520]
Epoch 18/100:  28%|██▊       | 21/76 [00:00<00:00, 60.21it/s, loss=1.0678]
Epoch 18/100:  28%|██▊       | 21/76 [00:00<00:00, 60.21it/s, loss=1.3086]
Epoch 18/100:  28%|██▊       | 21/76 [00:00<00:00, 60.21it/s, loss=1.0909]
Epoch 18/100:  28%|██▊       | 21/76 [00:00<00:00, 60.21it/s, loss=0.9443]
Epoch 18/100:  37%|███▋      | 28/76 [00:00<00:00, 60.18it/s, loss=0.9443]
Epoch 18/100:  37%|███▋      | 28/76 [00:00<00:00, 60.18it/s, loss=1.1045]
Epoch 18/100:  37%|███▋      | 28/76 [00:00<00:00, 60.18it/s, loss=1.2675]
Epoch 18/100:  37%|███▋      | 28/76 [00:00<00:00, 60.18it/s, loss=1.1677]
Epoch 18/100:  37%|███▋      | 28/76 [00:00<00:00, 60.18it/s, loss=1.3019]
Epoch 18/100:  37%|███▋      | 28/76 [00:00<00:00, 60.18it/s, loss=1.1245]
Epoch 18/100:  37%|███▋      | 28/76 [00:00<00:00, 60.18it/s, loss=1.2050]
Epoch 18/100:  37%|███▋      | 28/76 [00:00<00:00, 60.18it/s, loss=1.0514]
Epoch 18/100:  46%|████▌     | 35/76 [00:00<00:00, 60.13it/s, loss=1.0514]
Epoch 18/100:  46%|████▌     | 35/76 [00:00<00:00, 60.13it/s, loss=1.3391]
Epoch 18/100:  46%|████▌     | 35/76 [00:00<00:00, 60.13it/s, loss=1.5440]
Epoch 18/100:  46%|████▌     | 35/76 [00:00<00:00, 60.13it/s, loss=1.2967]
Epoch 18/100:  46%|████▌     | 35/76 [00:00<00:00, 60.13it/s, loss=1.0230]
Epoch 18/100:  46%|████▌     | 35/76 [00:00<00:00, 60.13it/s, loss=1.0240]
Epoch 18/100:  46%|████▌     | 35/76 [00:00<00:00, 60.13it/s, loss=1.5818]
Epoch 18/100:  46%|████▌     | 35/76 [00:00<00:00, 60.13it/s, loss=1.3881]
Epoch 18/100:  55%|█████▌    | 42/76 [00:00<00:00, 60.18it/s, loss=1.3881]
Epoch 18/100:  55%|█████▌    | 42/76 [00:00<00:00, 60.18it/s, loss=1.4354]
Epoch 18/100:  55%|█████▌    | 42/76 [00:00<00:00, 60.18it/s, loss=1.2882]
Epoch 18/100:  55%|█████▌    | 42/76 [00:00<00:00, 60.18it/s, loss=1.4048]
Epoch 18/100:  55%|█████▌    | 42/76 [00:00<00:00, 60.18it/s, loss=1.3461]
Epoch 18/100:  55%|█████▌    | 42/76 [00:00<00:00, 60.18it/s, loss=1.4840]
Epoch 18/100:  55%|█████▌    | 42/76 [00:00<00:00, 60.18it/s, loss=1.0469]
Epoch 18/100:  55%|█████▌    | 42/76 [00:00<00:00, 60.18it/s, loss=1.5503]
Epoch 18/100:  64%|██████▍   | 49/76 [00:00<00:00, 60.23it/s, loss=1.5503]
Epoch 18/100:  64%|██████▍   | 49/76 [00:00<00:00, 60.23it/s, loss=1.1080]
Epoch 18/100:  64%|██████▍   | 49/76 [00:00<00:00, 60.23it/s, loss=1.5387]
Epoch 18/100:  64%|██████▍   | 49/76 [00:00<00:00, 60.23it/s, loss=1.1957]
Epoch 18/100:  64%|██████▍   | 49/76 [00:00<00:00, 60.23it/s, loss=1.8401]
Epoch 18/100:  64%|██████▍   | 49/76 [00:00<00:00, 60.23it/s, loss=1.2807]
Epoch 18/100:  64%|██████▍   | 49/76 [00:00<00:00, 60.23it/s, loss=1.4100]
Epoch 18/100:  64%|██████▍   | 49/76 [00:00<00:00, 60.23it/s, loss=1.4136]
Epoch 18/100:  74%|███████▎  | 56/76 [00:00<00:00, 60.25it/s, loss=1.4136]
Epoch 18/100:  74%|███████▎  | 56/76 [00:00<00:00, 60.25it/s, loss=1.2977]
Epoch 18/100:  74%|███████▎  | 56/76 [00:00<00:00, 60.25it/s, loss=1.2650]
Epoch 18/100:  74%|███████▎  | 56/76 [00:00<00:00, 60.25it/s, loss=1.1884]
Epoch 18/100:  74%|███████▎  | 56/76 [00:00<00:00, 60.25it/s, loss=1.3899]
Epoch 18/100:  74%|███████▎  | 56/76 [00:01<00:00, 60.25it/s, loss=1.1993]
Epoch 18/100:  74%|███████▎  | 56/76 [00:01<00:00, 60.25it/s, loss=1.2690]
Epoch 18/100:  74%|███████▎  | 56/76 [00:01<00:00, 60.25it/s, loss=1.2062]
Epoch 18/100:  83%|████████▎ | 63/76 [00:01<00:00, 60.14it/s, loss=1.2062]
Epoch 18/100:  83%|████████▎ | 63/76 [00:01<00:00, 60.14it/s, loss=1.3023]
Epoch 18/100:  83%|████████▎ | 63/76 [00:01<00:00, 60.14it/s, loss=1.2042]
Epoch 18/100:  83%|████████▎ | 63/76 [00:01<00:00, 60.14it/s, loss=1.0818]
Epoch 18/100:  83%|████████▎ | 63/76 [00:01<00:00, 60.14it/s, loss=1.3670]
Epoch 18/100:  83%|████████▎ | 63/76 [00:01<00:00, 60.14it/s, loss=1.2492]
Epoch 18/100:  83%|████████▎ | 63/76 [00:01<00:00, 60.14it/s, loss=1.2179]
Epoch 18/100:  83%|████████▎ | 63/76 [00:01<00:00, 60.14it/s, loss=1.2222]
Epoch 18/100:  92%|█████████▏| 70/76 [00:01<00:00, 60.18it/s, loss=1.2222]
Epoch 18/100:  92%|█████████▏| 70/76 [00:01<00:00, 60.18it/s, loss=1.7570]
Epoch 18/100:  92%|█████████▏| 70/76 [00:01<00:00, 60.18it/s, loss=1.3819]
Epoch 18/100:  92%|█████████▏| 70/76 [00:01<00:00, 60.18it/s, loss=1.4881]
Epoch 18/100:  92%|█████████▏| 70/76 [00:01<00:00, 60.18it/s, loss=1.2810]
Epoch 18/100:  92%|█████████▏| 70/76 [00:01<00:00, 60.18it/s, loss=1.4510]
Epoch 18/100:  92%|█████████▏| 70/76 [00:01<00:00, 60.18it/s, loss=1.3573]
Epoch 18/100: 100%|██████████| 76/76 [00:01<00:00, 60.22it/s, loss=1.3573]
Epoch 18/100 - avg_loss: 1.2372

Epoch 19/100:   0%|          | 0/76 [00:00<?, ?it/s]
Epoch 19/100:   0%|          | 0/76 [00:00<?, ?it/s, loss=1.1792]
Epoch 19/100:   0%|          | 0/76 [00:00<?, ?it/s, loss=1.0415]
Epoch 19/100:   0%|          | 0/76 [00:00<?, ?it/s, loss=1.1340]
Epoch 19/100:   0%|          | 0/76 [00:00<?, ?it/s, loss=0.9068]
Epoch 19/100:   0%|          | 0/76 [00:00<?, ?it/s, loss=0.9361]
Epoch 19/100:   0%|          | 0/76 [00:00<?, ?it/s, loss=0.7579]
Epoch 19/100:   0%|          | 0/76 [00:00<?, ?it/s, loss=1.0094]
Epoch 19/100:   9%|▉         | 7/76 [00:00<00:01, 60.30it/s, loss=1.0094]
Epoch 19/100:   9%|▉         | 7/76 [00:00<00:01, 60.30it/s, loss=1.0402]
Epoch 19/100:   9%|▉         | 7/76 [00:00<00:01, 60.30it/s, loss=0.8978]
Epoch 19/100:   9%|▉         | 7/76 [00:00<00:01, 60.30it/s, loss=1.1855]
Epoch 19/100:   9%|▉         | 7/76 [00:00<00:01, 60.30it/s, loss=0.9672]
Epoch 19/100:   9%|▉         | 7/76 [00:00<00:01, 60.30it/s, loss=1.0573]
Epoch 19/100:   9%|▉         | 7/76 [00:00<00:01, 60.30it/s, loss=1.3206]
Epoch 19/100:   9%|▉         | 7/76 [00:00<00:01, 60.30it/s, loss=1.0692]
Epoch 19/100:  18%|█▊        | 14/76 [00:00<00:01, 60.34it/s, loss=1.0692]
Epoch 19/100:  18%|█▊        | 14/76 [00:00<00:01, 60.34it/s, loss=0.9260]
Epoch 19/100:  18%|█▊        | 14/76 [00:00<00:01, 60.34it/s, loss=0.9652]
Epoch 19/100:  18%|█▊        | 14/76 [00:00<00:01, 60.34it/s, loss=1.1439]
Epoch 19/100:  18%|█▊        | 14/76 [00:00<00:01, 60.34it/s, loss=0.8190]
Epoch 19/100:  18%|█▊        | 14/76 [00:00<00:01, 60.34it/s, loss=0.9167]
Epoch 19/100:  18%|█▊        | 14/76 [00:00<00:01, 60.34it/s, loss=1.2869]
Epoch 19/100:  18%|█▊        | 14/76 [00:00<00:01, 60.34it/s, loss=1.0490]
Epoch 19/100:  28%|██▊       | 21/76 [00:00<00:00, 60.30it/s, loss=1.0490]
Epoch 19/100:  28%|██▊       | 21/76 [00:00<00:00, 60.30it/s, loss=1.0455]
Epoch 19/100:  28%|██▊       | 21/76 [00:00<00:00, 60.30it/s, loss=1.1771]
Epoch 19/100:  28%|██▊       | 21/76 [00:00<00:00, 60.30it/s, loss=1.1313]
Epoch 19/100:  28%|██▊       | 21/76 [00:00<00:00, 60.30it/s, loss=0.8497]
Epoch 19/100:  28%|██▊       | 21/76 [00:00<00:00, 60.30it/s, loss=1.1302]
Epoch 19/100:  28%|██▊       | 21/76 [00:00<00:00, 60.30it/s, loss=1.1392]
Epoch 19/100:  28%|██▊       | 21/76 [00:00<00:00, 60.30it/s, loss=1.0477]
Epoch 19/100:  37%|███▋      | 28/76 [00:00<00:00, 60.41it/s, loss=1.0477]
Epoch 19/100:  37%|███▋      | 28/76 [00:00<00:00, 60.41it/s, loss=1.3748]
Epoch 19/100:  37%|███▋      | 28/76 [00:00<00:00, 60.41it/s, loss=0.9376]
Epoch 19/100:  37%|███▋      | 28/76 [00:00<00:00, 60.41it/s, loss=1.2531]
Epoch 19/100:  37%|███▋      | 28/76 [00:00<00:00, 60.41it/s, loss=1.1431]
Epoch 19/100:  37%|███▋      | 28/76 [00:00<00:00, 60.41it/s, loss=1.1146]
Epoch 19/100:  37%|███▋      | 28/76 [00:00<00:00, 60.41it/s, loss=1.0966]
Epoch 19/100:  37%|███▋      | 28/76 [00:00<00:00, 60.41it/s, loss=1.0358]
Epoch 19/100:  46%|████▌     | 35/76 [00:00<00:00, 60.42it/s, loss=1.0358]
Epoch 19/100:  46%|████▌     | 35/76 [00:00<00:00, 60.42it/s, loss=1.0206]
Epoch 19/100:  46%|████▌     | 35/76 [00:00<00:00, 60.42it/s, loss=1.1955]
Epoch 19/100:  46%|████▌     | 35/76 [00:00<00:00, 60.42it/s, loss=1.2806]
Epoch 19/100:  46%|████▌     | 35/76 [00:00<00:00, 60.42it/s, loss=1.3846]
Epoch 19/100:  46%|████▌     | 35/76 [00:00<00:00, 60.42it/s, loss=1.1629]
Epoch 19/100:  46%|████▌     | 35/76 [00:00<00:00, 60.42it/s, loss=1.3549]
Epoch 19/100:  46%|████▌     | 35/76 [00:00<00:00, 60.42it/s, loss=1.2795]
Epoch 19/100:  55%|█████▌    | 42/76 [00:00<00:00, 60.46it/s, loss=1.2795]
Epoch 19/100:  55%|█████▌    | 42/76 [00:00<00:00, 60.46it/s, loss=1.4395]
Epoch 19/100:  55%|█████▌    | 42/76 [00:00<00:00, 60.46it/s, loss=1.8273]
Epoch 19/100:  55%|█████▌    | 42/76 [00:00<00:00, 60.46it/s, loss=1.5387]
Epoch 19/100:  55%|█████▌    | 42/76 [00:00<00:00, 60.46it/s, loss=1.1554]
Epoch 19/100:  55%|█████▌    | 42/76 [00:00<00:00, 60.46it/s, loss=1.3339]
Epoch 19/100:  55%|█████▌    | 42/76 [00:00<00:00, 60.46it/s, loss=1.2457]
Epoch 19/100:  55%|█████▌    | 42/76 [00:00<00:00, 60.46it/s, loss=0.9649]
Epoch 19/100:  64%|██████▍   | 49/76 [00:00<00:00, 60.46it/s, loss=0.9649]
Epoch 19/100:  64%|██████▍   | 49/76 [00:00<00:00, 60.46it/s, loss=1.1084]
Epoch 19/100:  64%|██████▍   | 49/76 [00:00<00:00, 60.46it/s, loss=1.2262]
Epoch 19/100:  64%|██████▍   | 49/76 [00:00<00:00, 60.46it/s, loss=1.2208]
Epoch 19/100:  64%|██████▍   | 49/76 [00:00<00:00, 60.46it/s, loss=1.0919]
Epoch 19/100:  64%|██████▍   | 49/76 [00:00<00:00, 60.46it/s, loss=1.2183]
Epoch 19/100:  64%|██████▍   | 49/76 [00:00<00:00, 60.46it/s, loss=1.6505]
Epoch 19/100:  64%|██████▍   | 49/76 [00:00<00:00, 60.46it/s, loss=1.2233]
Epoch 19/100:  74%|███████▎  | 56/76 [00:00<00:00, 60.48it/s, loss=1.2233]
Epoch 19/100:  74%|███████▎  | 56/76 [00:00<00:00, 60.48it/s, loss=1.3340]
Epoch 19/100:  74%|███████▎  | 56/76 [00:00<00:00, 60.48it/s, loss=1.1643]
Epoch 19/100:  74%|███████▎  | 56/76 [00:00<00:00, 60.48it/s, loss=1.4538]
Epoch 19/100:  74%|███████▎  | 56/76 [00:00<00:00, 60.48it/s, loss=1.1489]
Epoch 19/100:  74%|███████▎  | 56/76 [00:01<00:00, 60.48it/s, loss=1.5808]
Epoch 19/100:  74%|███████▎  | 56/76 [00:01<00:00, 60.48it/s, loss=1.5405]
Epoch 19/100:  74%|███████▎  | 56/76 [00:01<00:00, 60.48it/s, loss=1.3000]
Epoch 19/100:  83%|████████▎ | 63/76 [00:01<00:00, 60.50it/s, loss=1.3000]
Epoch 19/100:  83%|████████▎ | 63/76 [00:01<00:00, 60.50it/s, loss=1.1481]
Epoch 19/100:  83%|████████▎ | 63/76 [00:01<00:00, 60.50it/s, loss=1.2425]
Epoch 19/100:  83%|████████▎ | 63/76 [00:01<00:00, 60.50it/s, loss=1.2373]
Epoch 19/100:  83%|████████▎ | 63/76 [00:01<00:00, 60.50it/s, loss=1.1758]
Epoch 19/100:  83%|████████▎ | 63/76 [00:01<00:00, 60.50it/s, loss=1.2820]
Epoch 19/100:  83%|████████▎ | 63/76 [00:01<00:00, 60.50it/s, loss=1.7726]
Epoch 19/100:  83%|████████▎ | 63/76 [00:01<00:00, 60.50it/s, loss=1.2277]
Epoch 19/100:  92%|█████████▏| 70/76 [00:01<00:00, 60.52it/s, loss=1.2277]
Epoch 19/100:  92%|█████████▏| 70/76 [00:01<00:00, 60.52it/s, loss=1.1539]
Epoch 19/100:  92%|█████████▏| 70/76 [00:01<00:00, 60.52it/s, loss=1.2933]
Epoch 19/100:  92%|█████████▏| 70/76 [00:01<00:00, 60.52it/s, loss=1.3575]
Epoch 19/100:  92%|█████████▏| 70/76 [00:01<00:00, 60.52it/s, loss=1.4925]
Epoch 19/100:  92%|█████████▏| 70/76 [00:01<00:00, 60.52it/s, loss=1.3528]
Epoch 19/100:  92%|█████████▏| 70/76 [00:01<00:00, 60.52it/s, loss=1.4250]
Epoch 19/100: 100%|██████████| 76/76 [00:01<00:00, 60.46it/s, loss=1.4250]
Epoch 19/100 - avg_loss: 1.1933

Epoch 20/100:   0%|          | 0/76 [00:00<?, ?it/s]
Epoch 20/100:   0%|          | 0/76 [00:00<?, ?it/s, loss=0.8897]
Epoch 20/100:   0%|          | 0/76 [00:00<?, ?it/s, loss=0.9672]
Epoch 20/100:   0%|          | 0/76 [00:00<?, ?it/s, loss=0.9484]
Epoch 20/100:   0%|          | 0/76 [00:00<?, ?it/s, loss=0.8590]
Epoch 20/100:   0%|          | 0/76 [00:00<?, ?it/s, loss=0.8989]
Epoch 20/100:   0%|          | 0/76 [00:00<?, ?it/s, loss=1.0042]
Epoch 20/100:   8%|▊         | 6/76 [00:00<00:01, 58.45it/s, loss=1.0042]
Epoch 20/100:   8%|▊         | 6/76 [00:00<00:01, 58.45it/s, loss=1.2370]
Epoch 20/100:   8%|▊         | 6/76 [00:00<00:01, 58.45it/s, loss=0.9286]
Epoch 20/100:   8%|▊         | 6/76 [00:00<00:01, 58.45it/s, loss=1.0320]
Epoch 20/100:   8%|▊         | 6/76 [00:00<00:01, 58.45it/s, loss=1.0731]
Epoch 20/100:   8%|▊         | 6/76 [00:00<00:01, 58.45it/s, loss=1.1050]
Epoch 20/100:   8%|▊         | 6/76 [00:00<00:01, 58.45it/s, loss=0.9144]
Epoch 20/100:   8%|▊         | 6/76 [00:00<00:01, 58.45it/s, loss=1.0316]
Epoch 20/100:  17%|█▋        | 13/76 [00:00<00:01, 60.90it/s, loss=1.0316]
Epoch 20/100:  17%|█▋        | 13/76 [00:00<00:01, 60.90it/s, loss=1.1203]
Epoch 20/100:  17%|█▋        | 13/76 [00:00<00:01, 60.90it/s, loss=0.8075]
Epoch 20/100:  17%|█▋        | 13/76 [00:00<00:01, 60.90it/s, loss=0.8779]
Epoch 20/100:  17%|█▋        | 13/76 [00:00<00:01, 60.90it/s, loss=1.0200]
Epoch 20/100:  17%|█▋        | 13/76 [00:00<00:01, 60.90it/s, loss=0.9905]
Epoch 20/100:  17%|█▋        | 13/76 [00:00<00:01, 60.90it/s, loss=0.9924]
Epoch 20/100:  17%|█▋        | 13/76 [00:00<00:01, 60.90it/s, loss=1.0301]
Epoch 20/100:  26%|██▋       | 20/76 [00:00<00:00, 60.46it/s, loss=1.0301]
Epoch 20/100:  26%|██▋       | 20/76 [00:00<00:00, 60.46it/s, loss=0.9121]
Epoch 20/100:  26%|██▋       | 20/76 [00:00<00:00, 60.46it/s, loss=1.0033]
Epoch 20/100:  26%|██▋       | 20/76 [00:00<00:00, 60.46it/s, loss=0.7656]
Epoch 20/100:  26%|██▋       | 20/76 [00:00<00:00, 60.46it/s, loss=0.8731]
Epoch 20/100:  26%|██▋       | 20/76 [00:00<00:00, 60.46it/s, loss=1.0326]
Epoch 20/100:  26%|██▋       | 20/76 [00:00<00:00, 60.46it/s, loss=0.9308]
Epoch 20/100:  26%|██▋       | 20/76 [00:00<00:00, 60.46it/s, loss=1.2425]
Epoch 20/100:  36%|███▌      | 27/76 [00:00<00:00, 60.22it/s, loss=1.2425]
Epoch 20/100:  36%|███▌      | 27/76 [00:00<00:00, 60.22it/s, loss=1.6998]
Epoch 20/100:  36%|███▌      | 27/76 [00:00<00:00, 60.22it/s, loss=1.2726]
Epoch 20/100:  36%|███▌      | 27/76 [00:00<00:00, 60.22it/s, loss=1.1330]
Epoch 20/100:  36%|███▌      | 27/76 [00:00<00:00, 60.22it/s, loss=1.2849]
Epoch 20/100:  36%|███▌      | 27/76 [00:00<00:00, 60.22it/s, loss=0.8887]
Epoch 20/100:  36%|███▌      | 27/76 [00:00<00:00, 60.22it/s, loss=1.1583]
Epoch 20/100:  36%|███▌      | 27/76 [00:00<00:00, 60.22it/s, loss=1.1400]
Epoch 20/100:  45%|████▍     | 34/76 [00:00<00:00, 60.09it/s, loss=1.1400]
Epoch 20/100:  45%|████▍     | 34/76 [00:00<00:00, 60.09it/s, loss=1.1228]
Epoch 20/100:  45%|████▍     | 34/76 [00:00<00:00, 60.09it/s, loss=1.0724]
Epoch 20/100:  45%|████▍     | 34/76 [00:00<00:00, 60.09it/s, loss=1.1552]
Epoch 20/100:  45%|████▍     | 34/76 [00:00<00:00, 60.09it/s, loss=1.2118]
Epoch 20/100:  45%|████▍     | 34/76 [00:00<00:00, 60.09it/s, loss=1.4697]
Epoch 20/100:  45%|████▍     | 34/76 [00:00<00:00, 60.09it/s, loss=0.9899]
Epoch 20/100:  45%|████▍     | 34/76 [00:00<00:00, 60.09it/s, loss=1.1993]
Epoch 20/100:  54%|█████▍    | 41/76 [00:00<00:00, 59.99it/s, loss=1.1993]
Epoch 20/100:  54%|█████▍    | 41/76 [00:00<00:00, 59.99it/s, loss=1.3456]
Epoch 20/100:  54%|█████▍    | 41/76 [00:00<00:00, 59.99it/s, loss=1.2334]
Epoch 20/100:  54%|█████▍    | 41/76 [00:00<00:00, 59.99it/s, loss=1.1361]
Epoch 20/100:  54%|█████▍    | 41/76 [00:00<00:00, 59.99it/s, loss=1.3884]
Epoch 20/100:  54%|█████▍    | 41/76 [00:00<00:00, 59.99it/s, loss=1.3513]
Epoch 20/100:  54%|█████▍    | 41/76 [00:00<00:00, 59.99it/s, loss=1.0929]
Epoch 20/100:  54%|█████▍    | 41/76 [00:00<00:00, 59.99it/s, loss=1.4434]
Epoch 20/100:  63%|██████▎   | 48/76 [00:00<00:00, 60.12it/s, loss=1.4434]
Epoch 20/100:  63%|██████▎   | 48/76 [00:00<00:00, 60.12it/s, loss=1.1563]
Epoch 20/100:  63%|██████▎   | 48/76 [00:00<00:00, 60.12it/s, loss=1.0641]
Epoch 20/100:  63%|██████▎   | 48/76 [00:00<00:00, 60.12it/s, loss=1.2304]
Epoch 20/100:  63%|██████▎   | 48/76 [00:00<00:00, 60.12it/s, loss=1.4033]
Epoch 20/100:  63%|██████▎   | 48/76 [00:00<00:00, 60.12it/s, loss=1.2171]
Epoch 20/100:  63%|██████▎   | 48/76 [00:00<00:00, 60.12it/s, loss=1.3446]
Epoch 20/100:  63%|██████▎   | 48/76 [00:00<00:00, 60.12it/s, loss=0.9973]
Epoch 20/100:  72%|███████▏  | 55/76 [00:00<00:00, 60.21it/s, loss=0.9973]
Epoch 20/100:  72%|███████▏  | 55/76 [00:00<00:00, 60.21it/s, loss=1.5748]
Epoch 20/100:  72%|███████▏  | 55/76 [00:00<00:00, 60.21it/s, loss=1.3275]
Epoch 20/100:  72%|███████▏  | 55/76 [00:00<00:00, 60.21it/s, loss=1.2530]
Epoch 20/100:  72%|███████▏  | 55/76 [00:00<00:00, 60.21it/s, loss=1.3903]
Epoch 20/100:  72%|███████▏  | 55/76 [00:00<00:00, 60.21it/s, loss=1.2579]
Epoch 20/100:  72%|███████▏  | 55/76 [00:01<00:00, 60.21it/s, loss=1.1087]
Epoch 20/100:  72%|███████▏  | 55/76 [00:01<00:00, 60.21it/s, loss=1.1945]
Epoch 20/100:  82%|████████▏ | 62/76 [00:01<00:00, 60.15it/s, loss=1.1945]
Epoch 20/100:  82%|████████▏ | 62/76 [00:01<00:00, 60.15it/s, loss=1.3225]
Epoch 20/100:  82%|████████▏ | 62/76 [00:01<00:00, 60.15it/s, loss=1.4181]
Epoch 20/100:  82%|████████▏ | 62/76 [00:01<00:00, 60.15it/s, loss=1.3554]
Epoch 20/100:  82%|████████▏ | 62/76 [00:01<00:00, 60.15it/s, loss=1.3190]
Epoch 20/100:  82%|████████▏ | 62/76 [00:01<00:00, 60.15it/s, loss=1.1743]
Epoch 20/100:  82%|████████▏ | 62/76 [00:01<00:00, 60.15it/s, loss=1.3522]
Epoch 20/100:  82%|████████▏ | 62/76 [00:01<00:00, 60.15it/s, loss=1.5435]
Epoch 20/100:  91%|█████████ | 69/76 [00:01<00:00, 60.05it/s, loss=1.5435]
Epoch 20/100:  91%|█████████ | 69/76 [00:01<00:00, 60.05it/s, loss=1.3191]
Epoch 20/100:  91%|█████████ | 69/76 [00:01<00:00, 60.05it/s, loss=1.3921]
Epoch 20/100:  91%|█████████ | 69/76 [00:01<00:00, 60.05it/s, loss=1.1450]
Epoch 20/100:  91%|█████████ | 69/76 [00:01<00:00, 60.05it/s, loss=1.0961]
Epoch 20/100:  91%|█████████ | 69/76 [00:01<00:00, 60.05it/s, loss=1.3187]
Epoch 20/100:  91%|█████████ | 69/76 [00:01<00:00, 60.05it/s, loss=1.5226]
Epoch 20/100:  91%|█████████ | 69/76 [00:01<00:00, 60.05it/s, loss=1.1439]
Epoch 20/100: 100%|██████████| 76/76 [00:01<00:00, 60.17it/s, loss=1.1439]
Epoch 20/100: 100%|██████████| 76/76 [00:01<00:00, 60.14it/s, loss=1.1439]
Epoch 20/100 - avg_loss: 1.1608

Epoch 21/100:   0%|          | 0/76 [00:00<?, ?it/s]
Epoch 21/100:   0%|          | 0/76 [00:00<?, ?it/s, loss=0.8814]
Epoch 21/100:   0%|          | 0/76 [00:00<?, ?it/s, loss=0.7120]
Epoch 21/100:   0%|          | 0/76 [00:00<?, ?it/s, loss=1.0251]
Epoch 21/100:   0%|          | 0/76 [00:00<?, ?it/s, loss=0.8756]
Epoch 21/100:   0%|          | 0/76 [00:00<?, ?it/s, loss=1.0479]
Epoch 21/100:   0%|          | 0/76 [00:00<?, ?it/s, loss=1.0051]
Epoch 21/100:   0%|          | 0/76 [00:00<?, ?it/s, loss=1.0308]
Epoch 21/100:   9%|▉         | 7/76 [00:00<00:01, 60.51it/s, loss=1.0308]
Epoch 21/100:   9%|▉         | 7/76 [00:00<00:01, 60.51it/s, loss=1.1744]
Epoch 21/100:   9%|▉         | 7/76 [00:00<00:01, 60.51it/s, loss=0.7615]
Epoch 21/100:   9%|▉         | 7/76 [00:00<00:01, 60.51it/s, loss=0.8934]
Epoch 21/100:   9%|▉         | 7/76 [00:00<00:01, 60.51it/s, loss=0.9901]
Epoch 21/100:   9%|▉         | 7/76 [00:00<00:01, 60.51it/s, loss=0.9006]
Epoch 21/100:   9%|▉         | 7/76 [00:00<00:01, 60.51it/s, loss=0.9844]
Epoch 21/100:   9%|▉         | 7/76 [00:00<00:01, 60.51it/s, loss=1.3376]
Epoch 21/100:  18%|█▊        | 14/76 [00:00<00:01, 60.53it/s, loss=1.3376]
Epoch 21/100:  18%|█▊        | 14/76 [00:00<00:01, 60.53it/s, loss=0.6787]
Epoch 21/100:  18%|█▊        | 14/76 [00:00<00:01, 60.53it/s, loss=1.1603]
Epoch 21/100:  18%|█▊        | 14/76 [00:00<00:01, 60.53it/s, loss=0.9794]
Epoch 21/100:  18%|█▊        | 14/76 [00:00<00:01, 60.53it/s, loss=0.9410]
Epoch 21/100:  18%|█▊        | 14/76 [00:00<00:01, 60.53it/s, loss=1.1328]
Epoch 21/100:  18%|█▊        | 14/76 [00:00<00:01, 60.53it/s, loss=0.8131]
Epoch 21/100:  18%|█▊        | 14/76 [00:00<00:01, 60.53it/s, loss=1.2268]
Epoch 21/100:  28%|██▊       | 21/76 [00:00<00:00, 60.46it/s, loss=1.2268]
Epoch 21/100:  28%|██▊       | 21/76 [00:00<00:00, 60.46it/s, loss=1.0427]
Epoch 21/100:  28%|██▊       | 21/76 [00:00<00:00, 60.46it/s, loss=0.9345]
Epoch 21/100:  28%|██▊       | 21/76 [00:00<00:00, 60.46it/s, loss=1.0690]
Epoch 21/100:  28%|██▊       | 21/76 [00:00<00:00, 60.46it/s, loss=1.0053]
Epoch 21/100:  28%|██▊       | 21/76 [00:00<00:00, 60.46it/s, loss=0.9986]
Epoch 21/100:  28%|██▊       | 21/76 [00:00<00:00, 60.46it/s, loss=0.9088]
Epoch 21/100:  28%|██▊       | 21/76 [00:00<00:00, 60.46it/s, loss=0.8405]
Epoch 21/100:  37%|███▋      | 28/76 [00:00<00:00, 60.47it/s, loss=0.8405]
Epoch 21/100:  37%|███▋      | 28/76 [00:00<00:00, 60.47it/s, loss=0.7766]
Epoch 21/100:  37%|███▋      | 28/76 [00:00<00:00, 60.47it/s, loss=1.0615]
Epoch 21/100:  37%|███▋      | 28/76 [00:00<00:00, 60.47it/s, loss=1.3297]
Epoch 21/100:  37%|███▋      | 28/76 [00:00<00:00, 60.47it/s, loss=0.8079]
Epoch 21/100:  37%|███▋      | 28/76 [00:00<00:00, 60.47it/s, loss=1.0829]
Epoch 21/100:  37%|███▋      | 28/76 [00:00<00:00, 60.47it/s, loss=1.2038]
Epoch 21/100:  37%|███▋      | 28/76 [00:00<00:00, 60.47it/s, loss=1.3366]
Epoch 21/100:  46%|████▌     | 35/76 [00:00<00:00, 60.53it/s, loss=1.3366]
Epoch 21/100:  46%|████▌     | 35/76 [00:00<00:00, 60.53it/s, loss=0.7772]
Epoch 21/100:  46%|████▌     | 35/76 [00:00<00:00, 60.53it/s, loss=1.0595]
Epoch 21/100:  46%|████▌     | 35/76 [00:00<00:00, 60.53it/s, loss=1.0432]
Epoch 21/100:  46%|████▌     | 35/76 [00:00<00:00, 60.53it/s, loss=1.2432]
Epoch 21/100:  46%|████▌     | 35/76 [00:00<00:00, 60.53it/s, loss=1.3062]
Epoch 21/100:  46%|████▌     | 35/76 [00:00<00:00, 60.53it/s, loss=1.5016]
Epoch 21/100:  46%|████▌     | 35/76 [00:00<00:00, 60.53it/s, loss=1.4690]
Epoch 21/100:  55%|█████▌    | 42/76 [00:00<00:00, 60.55it/s, loss=1.4690]
Epoch 21/100:  55%|█████▌    | 42/76 [00:00<00:00, 60.55it/s, loss=1.3142]
Epoch 21/100:  55%|█████▌    | 42/76 [00:00<00:00, 60.55it/s, loss=1.2659]
Epoch 21/100:  55%|█████▌    | 42/76 [00:00<00:00, 60.55it/s, loss=1.2238]
Epoch 21/100:  55%|█████▌    | 42/76 [00:00<00:00, 60.55it/s, loss=1.3739]
Epoch 21/100:  55%|█████▌    | 42/76 [00:00<00:00, 60.55it/s, loss=1.1664]
Epoch 21/100:  55%|█████▌    | 42/76 [00:00<00:00, 60.55it/s, loss=1.2533]
Epoch 21/100:  55%|█████▌    | 42/76 [00:00<00:00, 60.55it/s, loss=1.1792]
Epoch 21/100:  64%|██████▍   | 49/76 [00:00<00:00, 60.60it/s, loss=1.1792]
Epoch 21/100:  64%|██████▍   | 49/76 [00:00<00:00, 60.60it/s, loss=1.3298]
Epoch 21/100:  64%|██████▍   | 49/76 [00:00<00:00, 60.60it/s, loss=1.1816]
Epoch 21/100:  64%|██████▍   | 49/76 [00:00<00:00, 60.60it/s, loss=1.2802]
Epoch 21/100:  64%|██████▍   | 49/76 [00:00<00:00, 60.60it/s, loss=1.4743]
Epoch 21/100:  64%|██████▍   | 49/76 [00:00<00:00, 60.60it/s, loss=1.0811]
Epoch 21/100:  64%|██████▍   | 49/76 [00:00<00:00, 60.60it/s, loss=1.3711]
Epoch 21/100:  64%|██████▍   | 49/76 [00:00<00:00, 60.60it/s, loss=1.3297]
Epoch 21/100:  74%|███████▎  | 56/76 [00:00<00:00, 60.59it/s, loss=1.3297]
Epoch 21/100:  74%|███████▎  | 56/76 [00:00<00:00, 60.59it/s, loss=1.0784]
Epoch 21/100:  74%|███████▎  | 56/76 [00:00<00:00, 60.59it/s, loss=1.1749]
Epoch 21/100:  74%|███████▎  | 56/76 [00:00<00:00, 60.59it/s, loss=1.1466]
Epoch 21/100:  74%|███████▎  | 56/76 [00:00<00:00, 60.59it/s, loss=0.9334]
Epoch 21/100:  74%|███████▎  | 56/76 [00:01<00:00, 60.59it/s, loss=1.2028]
Epoch 21/100:  74%|███████▎  | 56/76 [00:01<00:00, 60.59it/s, loss=1.3491]
Epoch 21/100:  74%|███████▎  | 56/76 [00:01<00:00, 60.59it/s, loss=1.0372]
Epoch 21/100:  83%|████████▎ | 63/76 [00:01<00:00, 60.49it/s, loss=1.0372]
Epoch 21/100:  83%|████████▎ | 63/76 [00:01<00:00, 60.49it/s, loss=1.3800]
Epoch 21/100:  83%|████████▎ | 63/76 [00:01<00:00, 60.49it/s, loss=1.3450]
Epoch 21/100:  83%|████████▎ | 63/76 [00:01<00:00, 60.49it/s, loss=1.0347]
Epoch 21/100:  83%|████████▎ | 63/76 [00:01<00:00, 60.49it/s, loss=1.2494]
Epoch 21/100:  83%|████████▎ | 63/76 [00:01<00:00, 60.49it/s, loss=1.1958]
Epoch 21/100:  83%|████████▎ | 63/76 [00:01<00:00, 60.49it/s, loss=1.2162]
Epoch 21/100:  83%|████████▎ | 63/76 [00:01<00:00, 60.49it/s, loss=1.2835]
Epoch 21/100:  92%|█████████▏| 70/76 [00:01<00:00, 60.48it/s, loss=1.2835]
Epoch 21/100:  92%|█████████▏| 70/76 [00:01<00:00, 60.48it/s, loss=1.6176]
Epoch 21/100:  92%|█████████▏| 70/76 [00:01<00:00, 60.48it/s, loss=1.1775]
Epoch 21/100:  92%|█████████▏| 70/76 [00:01<00:00, 60.48it/s, loss=1.3940]
Epoch 21/100:  92%|█████████▏| 70/76 [00:01<00:00, 60.48it/s, loss=1.0770]
Epoch 21/100:  92%|█████████▏| 70/76 [00:01<00:00, 60.48it/s, loss=1.5335]
Epoch 21/100:  92%|█████████▏| 70/76 [00:01<00:00, 60.48it/s, loss=1.3246]
Epoch 21/100: 100%|██████████| 76/76 [00:01<00:00, 60.53it/s, loss=1.3246]
Epoch 21/100 - avg_loss: 1.1306

Epoch 22/100:   0%|          | 0/76 [00:00<?, ?it/s]
Epoch 22/100:   0%|          | 0/76 [00:00<?, ?it/s, loss=0.9074]
Epoch 22/100:   0%|          | 0/76 [00:00<?, ?it/s, loss=0.8893]
Epoch 22/100:   0%|          | 0/76 [00:00<?, ?it/s, loss=0.8542]
Epoch 22/100:   0%|          | 0/76 [00:00<?, ?it/s, loss=0.8964]
Epoch 22/100:   0%|          | 0/76 [00:00<?, ?it/s, loss=1.0117]
Epoch 22/100:   0%|          | 0/76 [00:00<?, ?it/s, loss=0.8065]
Epoch 22/100:   0%|          | 0/76 [00:00<?, ?it/s, loss=1.2563]
Epoch 22/100:   9%|▉         | 7/76 [00:00<00:01, 60.37it/s, loss=1.2563]
Epoch 22/100:   9%|▉         | 7/76 [00:00<00:01, 60.37it/s, loss=0.8371]
Epoch 22/100:   9%|▉         | 7/76 [00:00<00:01, 60.37it/s, loss=0.9898]
Epoch 22/100:   9%|▉         | 7/76 [00:00<00:01, 60.37it/s, loss=0.8584]
Epoch 22/100:   9%|▉         | 7/76 [00:00<00:01, 60.37it/s, loss=1.0565]
Epoch 22/100:   9%|▉         | 7/76 [00:00<00:01, 60.37it/s, loss=1.0843]
Epoch 22/100:   9%|▉         | 7/76 [00:00<00:01, 60.37it/s, loss=1.0717]
Epoch 22/100:   9%|▉         | 7/76 [00:00<00:01, 60.37it/s, loss=1.0884]
Epoch 22/100:  18%|█▊        | 14/76 [00:00<00:01, 60.50it/s, loss=1.0884]
Epoch 22/100:  18%|█▊        | 14/76 [00:00<00:01, 60.50it/s, loss=0.8012]
Epoch 22/100:  18%|█▊        | 14/76 [00:00<00:01, 60.50it/s, loss=0.8961]
Epoch 22/100:  18%|█▊        | 14/76 [00:00<00:01, 60.50it/s, loss=1.0445]
Epoch 22/100:  18%|█▊        | 14/76 [00:00<00:01, 60.50it/s, loss=0.5931]
Epoch 22/100:  18%|█▊        | 14/76 [00:00<00:01, 60.50it/s, loss=0.9482]
Epoch 22/100:  18%|█▊        | 14/76 [00:00<00:01, 60.50it/s, loss=1.0462]
Epoch 22/100:  18%|█▊        | 14/76 [00:00<00:01, 60.50it/s, loss=1.1307]
Epoch 22/100:  28%|██▊       | 21/76 [00:00<00:00, 60.53it/s, loss=1.1307]
Epoch 22/100:  28%|██▊       | 21/76 [00:00<00:00, 60.53it/s, loss=0.9038]
Epoch 22/100:  28%|██▊       | 21/76 [00:00<00:00, 60.53it/s, loss=1.0234]
Epoch 22/100:  28%|██▊       | 21/76 [00:00<00:00, 60.53it/s, loss=1.0287]
Epoch 22/100:  28%|██▊       | 21/76 [00:00<00:00, 60.53it/s, loss=0.9115]
Epoch 22/100:  28%|██▊       | 21/76 [00:00<00:00, 60.53it/s, loss=1.1665]
Epoch 22/100:  28%|██▊       | 21/76 [00:00<00:00, 60.53it/s, loss=1.1974]
Epoch 22/100:  28%|██▊       | 21/76 [00:00<00:00, 60.53it/s, loss=0.8409]
Epoch 22/100:  37%|███▋      | 28/76 [00:00<00:00, 60.51it/s, loss=0.8409]
Epoch 22/100:  37%|███▋      | 28/76 [00:00<00:00, 60.51it/s, loss=0.9775]
Epoch 22/100:  37%|███▋      | 28/76 [00:00<00:00, 60.51it/s, loss=1.0787]
Epoch 22/100:  37%|███▋      | 28/76 [00:00<00:00, 60.51it/s, loss=0.9973]
Epoch 22/100:  37%|███▋      | 28/76 [00:00<00:00, 60.51it/s, loss=0.8660]
Epoch 22/100:  37%|███▋      | 28/76 [00:00<00:00, 60.51it/s, loss=0.8532]
Epoch 22/100:  37%|███▋      | 28/76 [00:00<00:00, 60.51it/s, loss=1.0892]
Epoch 22/100:  37%|███▋      | 28/76 [00:00<00:00, 60.51it/s, loss=1.0453]
Epoch 22/100:  46%|████▌     | 35/76 [00:00<00:00, 57.72it/s, loss=1.0453]
Epoch 22/100:  46%|████▌     | 35/76 [00:00<00:00, 57.72it/s, loss=0.9741]
Epoch 22/100:  46%|████▌     | 35/76 [00:00<00:00, 57.72it/s, loss=1.1320]
Epoch 22/100:  46%|████▌     | 35/76 [00:00<00:00, 57.72it/s, loss=1.0099]
Epoch 22/100:  46%|████▌     | 35/76 [00:00<00:00, 57.72it/s, loss=1.2071]
Epoch 22/100:  46%|████▌     | 35/76 [00:00<00:00, 57.72it/s, loss=1.1682]
Epoch 22/100:  46%|████▌     | 35/76 [00:00<00:00, 57.72it/s, loss=1.1897]
Epoch 22/100:  54%|█████▍    | 41/76 [00:00<00:00, 55.64it/s, loss=1.1897]
Epoch 22/100:  54%|█████▍    | 41/76 [00:00<00:00, 55.64it/s, loss=1.0306]
Epoch 22/100:  54%|█████▍    | 41/76 [00:00<00:00, 55.64it/s, loss=0.9711]
Epoch 22/100:  54%|█████▍    | 41/76 [00:00<00:00, 55.64it/s, loss=1.0184]
Epoch 22/100:  54%|█████▍    | 41/76 [00:00<00:00, 55.64it/s, loss=1.2658]
Epoch 22/100:  54%|█████▍    | 41/76 [00:00<00:00, 55.64it/s, loss=0.8830]
Epoch 22/100:  54%|█████▍    | 41/76 [00:00<00:00, 55.64it/s, loss=1.0760]
Epoch 22/100:  54%|█████▍    | 41/76 [00:00<00:00, 55.64it/s, loss=1.0349]
Epoch 22/100:  63%|██████▎   | 48/76 [00:00<00:00, 57.25it/s, loss=1.0349]
Epoch 22/100:  63%|██████▎   | 48/76 [00:00<00:00, 57.25it/s, loss=1.0393]
Epoch 22/100:  63%|██████▎   | 48/76 [00:00<00:00, 57.25it/s, loss=0.9843]
Epoch 22/100:  63%|██████▎   | 48/76 [00:00<00:00, 57.25it/s, loss=0.8651]
Epoch 22/100:  63%|██████▎   | 48/76 [00:00<00:00, 57.25it/s, loss=1.3214]
Epoch 22/100:  63%|██████▎   | 48/76 [00:00<00:00, 57.25it/s, loss=1.2680]
Epoch 22/100:  63%|██████▎   | 48/76 [00:00<00:00, 57.25it/s, loss=1.0668]
Epoch 22/100:  63%|██████▎   | 48/76 [00:00<00:00, 57.25it/s, loss=0.9980]
Epoch 22/100:  72%|███████▏  | 55/76 [00:00<00:00, 58.26it/s, loss=0.9980]
Epoch 22/100:  72%|███████▏  | 55/76 [00:00<00:00, 58.26it/s, loss=1.4669]
Epoch 22/100:  72%|███████▏  | 55/76 [00:00<00:00, 58.26it/s, loss=1.0338]
Epoch 22/100:  72%|███████▏  | 55/76 [00:00<00:00, 58.26it/s, loss=1.3851]
Epoch 22/100:  72%|███████▏  | 55/76 [00:01<00:00, 58.26it/s, loss=1.3817]
Epoch 22/100:  72%|███████▏  | 55/76 [00:01<00:00, 58.26it/s, loss=1.1817]
Epoch 22/100:  72%|███████▏  | 55/76 [00:01<00:00, 58.26it/s, loss=1.0647]
Epoch 22/100:  72%|███████▏  | 55/76 [00:01<00:00, 58.26it/s, loss=1.2569]
Epoch 22/100:  82%|████████▏ | 62/76 [00:01<00:00, 58.94it/s, loss=1.2569]
Epoch 22/100:  82%|████████▏ | 62/76 [00:01<00:00, 58.94it/s, loss=1.0590]
Epoch 22/100:  82%|████████▏ | 62/76 [00:01<00:00, 58.94it/s, loss=1.0666]
Epoch 22/100:  82%|████████▏ | 62/76 [00:01<00:00, 58.94it/s, loss=1.4887]
Epoch 22/100:  82%|████████▏ | 62/76 [00:01<00:00, 58.94it/s, loss=0.9293]
Epoch 22/100:  82%|████████▏ | 62/76 [00:01<00:00, 58.94it/s, loss=1.4695]
Epoch 22/100:  82%|████████▏ | 62/76 [00:01<00:00, 58.94it/s, loss=1.1243]
Epoch 22/100:  82%|████████▏ | 62/76 [00:01<00:00, 58.94it/s, loss=1.1434]
Epoch 22/100:  91%|█████████ | 69/76 [00:01<00:00, 59.45it/s, loss=1.1434]
Epoch 22/100:  91%|█████████ | 69/76 [00:01<00:00, 59.45it/s, loss=1.7038]
Epoch 22/100:  91%|█████████ | 69/76 [00:01<00:00, 59.45it/s, loss=1.1203]
Epoch 22/100:  91%|█████████ | 69/76 [00:01<00:00, 59.45it/s, loss=1.5331]
Epoch 22/100:  91%|█████████ | 69/76 [00:01<00:00, 59.45it/s, loss=1.3521]
Epoch 22/100:  91%|█████████ | 69/76 [00:01<00:00, 59.45it/s, loss=1.3222]
Epoch 22/100:  91%|█████████ | 69/76 [00:01<00:00, 59.45it/s, loss=1.3693]
Epoch 22/100:  91%|█████████ | 69/76 [00:01<00:00, 59.45it/s, loss=1.1794]
Epoch 22/100: 100%|██████████| 76/76 [00:01<00:00, 59.80it/s, loss=1.1794]
Epoch 22/100: 100%|██████████| 76/76 [00:01<00:00, 58.98it/s, loss=1.1794]
Epoch 22/100 - avg_loss: 1.0814

Epoch 23/100:   0%|          | 0/76 [00:00<?, ?it/s]
Epoch 23/100:   0%|          | 0/76 [00:00<?, ?it/s, loss=0.8240]
Epoch 23/100:   0%|          | 0/76 [00:00<?, ?it/s, loss=1.3350]
Epoch 23/100:   0%|          | 0/76 [00:00<?, ?it/s, loss=0.7190]
Epoch 23/100:   0%|          | 0/76 [00:00<?, ?it/s, loss=0.8622]
Epoch 23/100:   0%|          | 0/76 [00:00<?, ?it/s, loss=0.7342]
Epoch 23/100:   0%|          | 0/76 [00:00<?, ?it/s, loss=0.8921]
Epoch 23/100:   0%|          | 0/76 [00:00<?, ?it/s, loss=0.8570]
Epoch 23/100:   9%|▉         | 7/76 [00:00<00:01, 60.37it/s, loss=0.8570]
Epoch 23/100:   9%|▉         | 7/76 [00:00<00:01, 60.37it/s, loss=1.2352]
Epoch 23/100:   9%|▉         | 7/76 [00:00<00:01, 60.37it/s, loss=1.0784]
Epoch 23/100:   9%|▉         | 7/76 [00:00<00:01, 60.37it/s, loss=0.8197]
Epoch 23/100:   9%|▉         | 7/76 [00:00<00:01, 60.37it/s, loss=0.8040]
Epoch 23/100:   9%|▉         | 7/76 [00:00<00:01, 60.37it/s, loss=1.0547]
Epoch 23/100:   9%|▉         | 7/76 [00:00<00:01, 60.37it/s, loss=0.9180]
Epoch 23/100:   9%|▉         | 7/76 [00:00<00:01, 60.37it/s, loss=0.7833]
Epoch 23/100:  18%|█▊        | 14/76 [00:00<00:01, 60.32it/s, loss=0.7833]
Epoch 23/100:  18%|█▊        | 14/76 [00:00<00:01, 60.32it/s, loss=0.8727]
Epoch 23/100:  18%|█▊        | 14/76 [00:00<00:01, 60.32it/s, loss=0.8439]
Epoch 23/100:  18%|█▊        | 14/76 [00:00<00:01, 60.32it/s, loss=1.0364]
Epoch 23/100:  18%|█▊        | 14/76 [00:00<00:01, 60.32it/s, loss=0.9377]
Epoch 23/100:  18%|█▊        | 14/76 [00:00<00:01, 60.32it/s, loss=0.8023]
Epoch 23/100:  18%|█▊        | 14/76 [00:00<00:01, 60.32it/s, loss=0.9465]
Epoch 23/100:  18%|█▊        | 14/76 [00:00<00:01, 60.32it/s, loss=0.9016]
Epoch 23/100:  28%|██▊       | 21/76 [00:00<00:00, 60.35it/s, loss=0.9016]
Epoch 23/100:  28%|██▊       | 21/76 [00:00<00:00, 60.35it/s, loss=0.9386]
Epoch 23/100:  28%|██▊       | 21/76 [00:00<00:00, 60.35it/s, loss=1.0592]
Epoch 23/100:  28%|██▊       | 21/76 [00:00<00:00, 60.35it/s, loss=1.2949]
Epoch 23/100:  28%|██▊       | 21/76 [00:00<00:00, 60.35it/s, loss=0.8749]
Epoch 23/100:  28%|██▊       | 21/76 [00:00<00:00, 60.35it/s, loss=1.1699]
Epoch 23/100:  28%|██▊       | 21/76 [00:00<00:00, 60.35it/s, loss=1.0159]
Epoch 23/100:  28%|██▊       | 21/76 [00:00<00:00, 60.35it/s, loss=0.8673]
Epoch 23/100:  37%|███▋      | 28/76 [00:00<00:00, 60.41it/s, loss=0.8673]
Epoch 23/100:  37%|███▋      | 28/76 [00:00<00:00, 60.41it/s, loss=0.9032]
Epoch 23/100:  37%|███▋      | 28/76 [00:00<00:00, 60.41it/s, loss=0.9034]
Epoch 23/100:  37%|███▋      | 28/76 [00:00<00:00, 60.41it/s, loss=1.0438]
Epoch 23/100:  37%|███▋      | 28/76 [00:00<00:00, 60.41it/s, loss=1.1947]
Epoch 23/100:  37%|███▋      | 28/76 [00:00<00:00, 60.41it/s, loss=0.9339]
Epoch 23/100:  37%|███▋      | 28/76 [00:00<00:00, 60.41it/s, loss=0.9802]
Epoch 23/100:  37%|███▋      | 28/76 [00:00<00:00, 60.41it/s, loss=1.0482]
Epoch 23/100:  46%|████▌     | 35/76 [00:00<00:00, 60.46it/s, loss=1.0482]
Epoch 23/100:  46%|████▌     | 35/76 [00:00<00:00, 60.46it/s, loss=1.3825]
Epoch 23/100:  46%|████▌     | 35/76 [00:00<00:00, 60.46it/s, loss=1.0909]
Epoch 23/100:  46%|████▌     | 35/76 [00:00<00:00, 60.46it/s, loss=1.0784]
Epoch 23/100:  46%|████▌     | 35/76 [00:00<00:00, 60.46it/s, loss=0.9475]
Epoch 23/100:  46%|████▌     | 35/76 [00:00<00:00, 60.46it/s, loss=1.1396]
Epoch 23/100:  46%|████▌     | 35/76 [00:00<00:00, 60.46it/s, loss=0.8771]
Epoch 23/100:  46%|████▌     | 35/76 [00:00<00:00, 60.46it/s, loss=1.0824]
Epoch 23/100:  55%|█████▌    | 42/76 [00:00<00:00, 60.46it/s, loss=1.0824]
Epoch 23/100:  55%|█████▌    | 42/76 [00:00<00:00, 60.46it/s, loss=1.0565]
Epoch 23/100:  55%|█████▌    | 42/76 [00:00<00:00, 60.46it/s, loss=1.0818]
Epoch 23/100:  55%|█████▌    | 42/76 [00:00<00:00, 60.46it/s, loss=1.1510]
Epoch 23/100:  55%|█████▌    | 42/76 [00:00<00:00, 60.46it/s, loss=1.0458]
Epoch 23/100:  55%|█████▌    | 42/76 [00:00<00:00, 60.46it/s, loss=1.1629]
Epoch 23/100:  55%|█████▌    | 42/76 [00:00<00:00, 60.46it/s, loss=1.3558]
Epoch 23/100:  55%|█████▌    | 42/76 [00:00<00:00, 60.46it/s, loss=1.3655]
Epoch 23/100:  64%|██████▍   | 49/76 [00:00<00:00, 60.45it/s, loss=1.3655]
Epoch 23/100:  64%|██████▍   | 49/76 [00:00<00:00, 60.45it/s, loss=0.8673]
Epoch 23/100:  64%|██████▍   | 49/76 [00:00<00:00, 60.45it/s, loss=1.0540]
Epoch 23/100:  64%|██████▍   | 49/76 [00:00<00:00, 60.45it/s, loss=1.2069]
Epoch 23/100:  64%|██████▍   | 49/76 [00:00<00:00, 60.45it/s, loss=1.4015]
Epoch 23/100:  64%|██████▍   | 49/76 [00:00<00:00, 60.45it/s, loss=1.2576]
Epoch 23/100:  64%|██████▍   | 49/76 [00:00<00:00, 60.45it/s, loss=1.1140]
Epoch 23/100:  64%|██████▍   | 49/76 [00:00<00:00, 60.45it/s, loss=1.2255]
Epoch 23/100:  74%|███████▎  | 56/76 [00:00<00:00, 60.47it/s, loss=1.2255]
Epoch 23/100:  74%|███████▎  | 56/76 [00:00<00:00, 60.47it/s, loss=0.8524]
Epoch 23/100:  74%|███████▎  | 56/76 [00:00<00:00, 60.47it/s, loss=1.2125]
Epoch 23/100:  74%|███████▎  | 56/76 [00:00<00:00, 60.47it/s, loss=1.2320]
Epoch 23/100:  74%|███████▎  | 56/76 [00:00<00:00, 60.47it/s, loss=1.1707]
Epoch 23/100:  74%|███████▎  | 56/76 [00:01<00:00, 60.47it/s, loss=1.2826]
Epoch 23/100:  74%|███████▎  | 56/76 [00:01<00:00, 60.47it/s, loss=1.0916]
Epoch 23/100:  74%|███████▎  | 56/76 [00:01<00:00, 60.47it/s, loss=0.9211]
Epoch 23/100:  83%|████████▎ | 63/76 [00:01<00:00, 60.50it/s, loss=0.9211]
Epoch 23/100:  83%|████████▎ | 63/76 [00:01<00:00, 60.50it/s, loss=1.0575]
Epoch 23/100:  83%|████████▎ | 63/76 [00:01<00:00, 60.50it/s, loss=1.3561]
Epoch 23/100:  83%|████████▎ | 63/76 [00:01<00:00, 60.50it/s, loss=1.3425]
Epoch 23/100:  83%|████████▎ | 63/76 [00:01<00:00, 60.50it/s, loss=1.2386]
Epoch 23/100:  83%|████████▎ | 63/76 [00:01<00:00, 60.50it/s, loss=1.1399]
Epoch 23/100:  83%|████████▎ | 63/76 [00:01<00:00, 60.50it/s, loss=1.3579]
Epoch 23/100:  83%|████████▎ | 63/76 [00:01<00:00, 60.50it/s, loss=1.1236]
Epoch 23/100:  92%|█████████▏| 70/76 [00:01<00:00, 60.53it/s, loss=1.1236]
Epoch 23/100:  92%|█████████▏| 70/76 [00:01<00:00, 60.53it/s, loss=1.0676]
Epoch 23/100:  92%|█████████▏| 70/76 [00:01<00:00, 60.53it/s, loss=1.1202]
Epoch 23/100:  92%|█████████▏| 70/76 [00:01<00:00, 60.53it/s, loss=1.1133]
Epoch 23/100:  92%|█████████▏| 70/76 [00:01<00:00, 60.53it/s, loss=1.0238]
Epoch 23/100:  92%|█████████▏| 70/76 [00:01<00:00, 60.53it/s, loss=1.0162]
Epoch 23/100:  92%|█████████▏| 70/76 [00:01<00:00, 60.53it/s, loss=1.3196]
Epoch 23/100: 100%|██████████| 76/76 [00:01<00:00, 60.46it/s, loss=1.3196]
Epoch 23/100 - avg_loss: 1.0588

Epoch 24/100:   0%|          | 0/76 [00:00<?, ?it/s]
Epoch 24/100:   0%|          | 0/76 [00:00<?, ?it/s, loss=0.8344]
Epoch 24/100:   0%|          | 0/76 [00:00<?, ?it/s, loss=1.1237]
Epoch 24/100:   0%|          | 0/76 [00:00<?, ?it/s, loss=1.0800]
Epoch 24/100:   0%|          | 0/76 [00:00<?, ?it/s, loss=0.8566]
Epoch 24/100:   0%|          | 0/76 [00:00<?, ?it/s, loss=0.6012]
Epoch 24/100:   0%|          | 0/76 [00:00<?, ?it/s, loss=1.0505]
Epoch 24/100:   0%|          | 0/76 [00:00<?, ?it/s, loss=0.7253]
Epoch 24/100:   9%|▉         | 7/76 [00:00<00:01, 61.53it/s, loss=0.7253]
Epoch 24/100:   9%|▉         | 7/76 [00:00<00:01, 61.53it/s, loss=1.0914]
Epoch 24/100:   9%|▉         | 7/76 [00:00<00:01, 61.53it/s, loss=0.8436]
Epoch 24/100:   9%|▉         | 7/76 [00:00<00:01, 61.53it/s, loss=0.9493]
Epoch 24/100:   9%|▉         | 7/76 [00:00<00:01, 61.53it/s, loss=0.8728]
Epoch 24/100:   9%|▉         | 7/76 [00:00<00:01, 61.53it/s, loss=1.0378]
Epoch 24/100:   9%|▉         | 7/76 [00:00<00:01, 61.53it/s, loss=0.9664]
Epoch 24/100:   9%|▉         | 7/76 [00:00<00:01, 61.53it/s, loss=0.7967]
Epoch 24/100:  18%|█▊        | 14/76 [00:00<00:01, 60.60it/s, loss=0.7967]
Epoch 24/100:  18%|█▊        | 14/76 [00:00<00:01, 60.60it/s, loss=0.7680]
Epoch 24/100:  18%|█▊        | 14/76 [00:00<00:01, 60.60it/s, loss=0.8000]
Epoch 24/100:  18%|█▊        | 14/76 [00:00<00:01, 60.60it/s, loss=0.7157]
Epoch 24/100:  18%|█▊        | 14/76 [00:00<00:01, 60.60it/s, loss=1.0337]
Epoch 24/100:  18%|█▊        | 14/76 [00:00<00:01, 60.60it/s, loss=1.1038]
Epoch 24/100:  18%|█▊        | 14/76 [00:00<00:01, 60.60it/s, loss=0.8495]
Epoch 24/100:  18%|█▊        | 14/76 [00:00<00:01, 60.60it/s, loss=0.8544]
Epoch 24/100:  28%|██▊       | 21/76 [00:00<00:00, 60.32it/s, loss=0.8544]
Epoch 24/100:  28%|██▊       | 21/76 [00:00<00:00, 60.32it/s, loss=0.9238]
Epoch 24/100:  28%|██▊       | 21/76 [00:00<00:00, 60.32it/s, loss=0.8321]
Epoch 24/100:  28%|██▊       | 21/76 [00:00<00:00, 60.32it/s, loss=1.0250]
Epoch 24/100:  28%|██▊       | 21/76 [00:00<00:00, 60.32it/s, loss=1.0179]
Epoch 24/100:  28%|██▊       | 21/76 [00:00<00:00, 60.32it/s, loss=0.8031]
Epoch 24/100:  28%|██▊       | 21/76 [00:00<00:00, 60.32it/s, loss=0.9924]
Epoch 24/100:  28%|██▊       | 21/76 [00:00<00:00, 60.32it/s, loss=1.0240]
Epoch 24/100:  37%|███▋      | 28/76 [00:00<00:00, 60.23it/s, loss=1.0240]
Epoch 24/100:  37%|███▋      | 28/76 [00:00<00:00, 60.23it/s, loss=0.8493]
Epoch 24/100:  37%|███▋      | 28/76 [00:00<00:00, 60.23it/s, loss=0.8438]
Epoch 24/100:  37%|███▋      | 28/76 [00:00<00:00, 60.23it/s, loss=1.0862]
Epoch 24/100:  37%|███▋      | 28/76 [00:00<00:00, 60.23it/s, loss=1.2004]
Epoch 24/100:  37%|███▋      | 28/76 [00:00<00:00, 60.23it/s, loss=1.1763]
Epoch 24/100:  37%|███▋      | 28/76 [00:00<00:00, 60.23it/s, loss=1.1020]
Epoch 24/100:  37%|███▋      | 28/76 [00:00<00:00, 60.23it/s, loss=0.6972]
Epoch 24/100:  46%|████▌     | 35/76 [00:00<00:00, 60.18it/s, loss=0.6972]
Epoch 24/100:  46%|████▌     | 35/76 [00:00<00:00, 60.18it/s, loss=1.1068]
Epoch 24/100:  46%|████▌     | 35/76 [00:00<00:00, 60.18it/s, loss=1.1592]
Epoch 24/100:  46%|████▌     | 35/76 [00:00<00:00, 60.18it/s, loss=0.9824]
Epoch 24/100:  46%|████▌     | 35/76 [00:00<00:00, 60.18it/s, loss=1.0342]
Epoch 24/100:  46%|████▌     | 35/76 [00:00<00:00, 60.18it/s, loss=1.0062]
Epoch 24/100:  46%|████▌     | 35/76 [00:00<00:00, 60.18it/s, loss=1.0205]
Epoch 24/100:  46%|████▌     | 35/76 [00:00<00:00, 60.18it/s, loss=1.2265]
Epoch 24/100:  55%|█████▌    | 42/76 [00:00<00:00, 60.21it/s, loss=1.2265]
Epoch 24/100:  55%|█████▌    | 42/76 [00:00<00:00, 60.21it/s, loss=0.9376]
Epoch 24/100:  55%|█████▌    | 42/76 [00:00<00:00, 60.21it/s, loss=1.1780]
Epoch 24/100:  55%|█████▌    | 42/76 [00:00<00:00, 60.21it/s, loss=1.0425]
Epoch 24/100:  55%|█████▌    | 42/76 [00:00<00:00, 60.21it/s, loss=1.1235]
Epoch 24/100:  55%|█████▌    | 42/76 [00:00<00:00, 60.21it/s, loss=0.9554]
Epoch 24/100:  55%|█████▌    | 42/76 [00:00<00:00, 60.21it/s, loss=1.0250]
Epoch 24/100:  55%|█████▌    | 42/76 [00:00<00:00, 60.21it/s, loss=1.1876]
Epoch 24/100:  64%|██████▍   | 49/76 [00:00<00:00, 60.25it/s, loss=1.1876]
Epoch 24/100:  64%|██████▍   | 49/76 [00:00<00:00, 60.25it/s, loss=1.0266]
Epoch 24/100:  64%|██████▍   | 49/76 [00:00<00:00, 60.25it/s, loss=1.0363]
Epoch 24/100:  64%|██████▍   | 49/76 [00:00<00:00, 60.25it/s, loss=0.9787]
Epoch 24/100:  64%|██████▍   | 49/76 [00:00<00:00, 60.25it/s, loss=1.1891]
Epoch 24/100:  64%|██████▍   | 49/76 [00:00<00:00, 60.25it/s, loss=1.2986]
Epoch 24/100:  64%|██████▍   | 49/76 [00:00<00:00, 60.25it/s, loss=1.2657]
Epoch 24/100:  64%|██████▍   | 49/76 [00:00<00:00, 60.25it/s, loss=1.0528]
Epoch 24/100:  74%|███████▎  | 56/76 [00:00<00:00, 60.20it/s, loss=1.0528]
Epoch 24/100:  74%|███████▎  | 56/76 [00:00<00:00, 60.20it/s, loss=0.9300]
Epoch 24/100:  74%|███████▎  | 56/76 [00:00<00:00, 60.20it/s, loss=1.1952]
Epoch 24/100:  74%|███████▎  | 56/76 [00:00<00:00, 60.20it/s, loss=1.0631]
Epoch 24/100:  74%|███████▎  | 56/76 [00:00<00:00, 60.20it/s, loss=1.3213]
Epoch 24/100:  74%|███████▎  | 56/76 [00:01<00:00, 60.20it/s, loss=1.3571]
Epoch 24/100:  74%|███████▎  | 56/76 [00:01<00:00, 60.20it/s, loss=0.8685]
Epoch 24/100:  74%|███████▎  | 56/76 [00:01<00:00, 60.20it/s, loss=1.2381]
Epoch 24/100:  83%|████████▎ | 63/76 [00:01<00:00, 60.22it/s, loss=1.2381]
Epoch 24/100:  83%|████████▎ | 63/76 [00:01<00:00, 60.22it/s, loss=1.2807]
Epoch 24/100:  83%|████████▎ | 63/76 [00:01<00:00, 60.22it/s, loss=1.0508]
Epoch 24/100:  83%|████████▎ | 63/76 [00:01<00:00, 60.22it/s, loss=1.1578]
Epoch 24/100:  83%|████████▎ | 63/76 [00:01<00:00, 60.22it/s, loss=1.2267]
Epoch 24/100:  83%|████████▎ | 63/76 [00:01<00:00, 60.22it/s, loss=0.9869]
Epoch 24/100:  83%|████████▎ | 63/76 [00:01<00:00, 60.22it/s, loss=1.2261]
Epoch 24/100:  83%|████████▎ | 63/76 [00:01<00:00, 60.22it/s, loss=1.3787]
Epoch 24/100:  92%|█████████▏| 70/76 [00:01<00:00, 60.16it/s, loss=1.3787]
Epoch 24/100:  92%|█████████▏| 70/76 [00:01<00:00, 60.16it/s, loss=1.0256]
Epoch 24/100:  92%|█████████▏| 70/76 [00:01<00:00, 60.16it/s, loss=1.0839]
Epoch 24/100:  92%|█████████▏| 70/76 [00:01<00:00, 60.16it/s, loss=0.9170]
Epoch 24/100:  92%|█████████▏| 70/76 [00:01<00:00, 60.16it/s, loss=1.1946]
Epoch 24/100:  92%|█████████▏| 70/76 [00:01<00:00, 60.16it/s, loss=1.4500]
Epoch 24/100:  92%|█████████▏| 70/76 [00:01<00:00, 60.16it/s, loss=1.2061]
Epoch 24/100: 100%|██████████| 76/76 [00:01<00:00, 60.24it/s, loss=1.2061]
Epoch 24/100 - avg_loss: 1.0332

Epoch 25/100:   0%|          | 0/76 [00:00<?, ?it/s]
Epoch 25/100:   0%|          | 0/76 [00:00<?, ?it/s, loss=0.8752]
Epoch 25/100:   0%|          | 0/76 [00:00<?, ?it/s, loss=0.9475]
Epoch 25/100:   0%|          | 0/76 [00:00<?, ?it/s, loss=0.8660]
Epoch 25/100:   0%|          | 0/76 [00:00<?, ?it/s, loss=0.9540]
Epoch 25/100:   0%|          | 0/76 [00:00<?, ?it/s, loss=0.8350]
Epoch 25/100:   0%|          | 0/76 [00:00<?, ?it/s, loss=0.7694]
Epoch 25/100:   0%|          | 0/76 [00:00<?, ?it/s, loss=1.0444]
Epoch 25/100:   9%|▉         | 7/76 [00:00<00:01, 60.37it/s, loss=1.0444]
Epoch 25/100:   9%|▉         | 7/76 [00:00<00:01, 60.37it/s, loss=0.9929]
Epoch 25/100:   9%|▉         | 7/76 [00:00<00:01, 60.37it/s, loss=0.6255]
Epoch 25/100:   9%|▉         | 7/76 [00:00<00:01, 60.37it/s, loss=0.8373]
Epoch 25/100:   9%|▉         | 7/76 [00:00<00:01, 60.37it/s, loss=0.9481]
Epoch 25/100:   9%|▉         | 7/76 [00:00<00:01, 60.37it/s, loss=1.1149]
Epoch 25/100:   9%|▉         | 7/76 [00:00<00:01, 60.37it/s, loss=0.7203]
Epoch 25/100:   9%|▉         | 7/76 [00:00<00:01, 60.37it/s, loss=1.0236]
Epoch 25/100:  18%|█▊        | 14/76 [00:00<00:01, 60.23it/s, loss=1.0236]
Epoch 25/100:  18%|█▊        | 14/76 [00:00<00:01, 60.23it/s, loss=0.9550]
Epoch 25/100:  18%|█▊        | 14/76 [00:00<00:01, 60.23it/s, loss=0.7949]
Epoch 25/100:  18%|█▊        | 14/76 [00:00<00:01, 60.23it/s, loss=0.9684]
Epoch 25/100:  18%|█▊        | 14/76 [00:00<00:01, 60.23it/s, loss=0.8688]
Epoch 25/100:  18%|█▊        | 14/76 [00:00<00:01, 60.23it/s, loss=0.6186]
Epoch 25/100:  18%|█▊        | 14/76 [00:00<00:01, 60.23it/s, loss=0.6935]
Epoch 25/100:  18%|█▊        | 14/76 [00:00<00:01, 60.23it/s, loss=0.9893]
Epoch 25/100:  28%|██▊       | 21/76 [00:00<00:00, 60.16it/s, loss=0.9893]
Epoch 25/100:  28%|██▊       | 21/76 [00:00<00:00, 60.16it/s, loss=1.0057]
Epoch 25/100:  28%|██▊       | 21/76 [00:00<00:00, 60.16it/s, loss=1.0094]
Epoch 25/100:  28%|██▊       | 21/76 [00:00<00:00, 60.16it/s, loss=1.0002]
Epoch 25/100:  28%|██▊       | 21/76 [00:00<00:00, 60.16it/s, loss=1.0842]
Epoch 25/100:  28%|██▊       | 21/76 [00:00<00:00, 60.16it/s, loss=0.7775]
Epoch 25/100:  28%|██▊       | 21/76 [00:00<00:00, 60.16it/s, loss=1.0129]
Epoch 25/100:  28%|██▊       | 21/76 [00:00<00:00, 60.16it/s, loss=1.1008]
Epoch 25/100:  37%|███▋      | 28/76 [00:00<00:00, 60.11it/s, loss=1.1008]
Epoch 25/100:  37%|███▋      | 28/76 [00:00<00:00, 60.11it/s, loss=1.1744]
Epoch 25/100:  37%|███▋      | 28/76 [00:00<00:00, 60.11it/s, loss=0.7276]
Epoch 25/100:  37%|███▋      | 28/76 [00:00<00:00, 60.11it/s, loss=0.9629]
Epoch 25/100:  37%|███▋      | 28/76 [00:00<00:00, 60.11it/s, loss=0.8362]
Epoch 25/100:  37%|███▋      | 28/76 [00:00<00:00, 60.11it/s, loss=0.6508]
Epoch 25/100:  37%|███▋      | 28/76 [00:00<00:00, 60.11it/s, loss=0.8243]
Epoch 25/100:  37%|███▋      | 28/76 [00:00<00:00, 60.11it/s, loss=1.1548]
Epoch 25/100:  46%|████▌     | 35/76 [00:00<00:00, 60.12it/s, loss=1.1548]
Epoch 25/100:  46%|████▌     | 35/76 [00:00<00:00, 60.12it/s, loss=0.8747]
Epoch 25/100:  46%|████▌     | 35/76 [00:00<00:00, 60.12it/s, loss=1.1075]
Epoch 25/100:  46%|████▌     | 35/76 [00:00<00:00, 60.12it/s, loss=1.3078]
Epoch 25/100:  46%|████▌     | 35/76 [00:00<00:00, 60.12it/s, loss=1.0354]
Epoch 25/100:  46%|████▌     | 35/76 [00:00<00:00, 60.12it/s, loss=0.8685]
Epoch 25/100:  46%|████▌     | 35/76 [00:00<00:00, 60.12it/s, loss=1.0771]
Epoch 25/100:  46%|████▌     | 35/76 [00:00<00:00, 60.12it/s, loss=1.1241]
Epoch 25/100:  55%|█████▌    | 42/76 [00:00<00:00, 60.14it/s, loss=1.1241]
Epoch 25/100:  55%|█████▌    | 42/76 [00:00<00:00, 60.14it/s, loss=0.8221]
Epoch 25/100:  55%|█████▌    | 42/76 [00:00<00:00, 60.14it/s, loss=1.1028]
Epoch 25/100:  55%|█████▌    | 42/76 [00:00<00:00, 60.14it/s, loss=1.1540]
Epoch 25/100:  55%|█████▌    | 42/76 [00:00<00:00, 60.14it/s, loss=1.0041]
Epoch 25/100:  55%|█████▌    | 42/76 [00:00<00:00, 60.14it/s, loss=1.0737]
Epoch 25/100:  55%|█████▌    | 42/76 [00:00<00:00, 60.14it/s, loss=1.0975]
Epoch 25/100:  55%|█████▌    | 42/76 [00:00<00:00, 60.14it/s, loss=1.1544]
Epoch 25/100:  64%|██████▍   | 49/76 [00:00<00:00, 60.24it/s, loss=1.1544]
Epoch 25/100:  64%|██████▍   | 49/76 [00:00<00:00, 60.24it/s, loss=0.8393]
Epoch 25/100:  64%|██████▍   | 49/76 [00:00<00:00, 60.24it/s, loss=1.0981]
Epoch 25/100:  64%|██████▍   | 49/76 [00:00<00:00, 60.24it/s, loss=0.9694]
Epoch 25/100:  64%|██████▍   | 49/76 [00:00<00:00, 60.24it/s, loss=1.1110]
Epoch 25/100:  64%|██████▍   | 49/76 [00:00<00:00, 60.24it/s, loss=1.1432]
Epoch 25/100:  64%|██████▍   | 49/76 [00:00<00:00, 60.24it/s, loss=1.2308]
Epoch 25/100:  64%|██████▍   | 49/76 [00:00<00:00, 60.24it/s, loss=1.1099]
Epoch 25/100:  74%|███████▎  | 56/76 [00:00<00:00, 60.18it/s, loss=1.1099]
Epoch 25/100:  74%|███████▎  | 56/76 [00:00<00:00, 60.18it/s, loss=1.0241]
Epoch 25/100:  74%|███████▎  | 56/76 [00:00<00:00, 60.18it/s, loss=1.0350]
Epoch 25/100:  74%|███████▎  | 56/76 [00:00<00:00, 60.18it/s, loss=1.0820]
Epoch 25/100:  74%|███████▎  | 56/76 [00:00<00:00, 60.18it/s, loss=1.1700]
Epoch 25/100:  74%|███████▎  | 56/76 [00:01<00:00, 60.18it/s, loss=1.0723]
Epoch 25/100:  74%|███████▎  | 56/76 [00:01<00:00, 60.18it/s, loss=1.0805]
Epoch 25/100:  74%|███████▎  | 56/76 [00:01<00:00, 60.18it/s, loss=1.2678]
Epoch 25/100:  83%|████████▎ | 63/76 [00:01<00:00, 60.20it/s, loss=1.2678]
Epoch 25/100:  83%|████████▎ | 63/76 [00:01<00:00, 60.20it/s, loss=1.3276]
Epoch 25/100:  83%|████████▎ | 63/76 [00:01<00:00, 60.20it/s, loss=0.8597]
Epoch 25/100:  83%|████████▎ | 63/76 [00:01<00:00, 60.20it/s, loss=1.2180]
Epoch 25/100:  83%|████████▎ | 63/76 [00:01<00:00, 60.20it/s, loss=1.3078]
Epoch 25/100:  83%|████████▎ | 63/76 [00:01<00:00, 60.20it/s, loss=0.9935]
Epoch 25/100:  83%|████████▎ | 63/76 [00:01<00:00, 60.20it/s, loss=1.1204]
Epoch 25/100:  83%|████████▎ | 63/76 [00:01<00:00, 60.20it/s, loss=1.0395]
Epoch 25/100:  92%|█████████▏| 70/76 [00:01<00:00, 60.21it/s, loss=1.0395]
Epoch 25/100:  92%|█████████▏| 70/76 [00:01<00:00, 60.21it/s, loss=1.1009]
Epoch 25/100:  92%|█████████▏| 70/76 [00:01<00:00, 60.21it/s, loss=1.2222]
Epoch 25/100:  92%|█████████▏| 70/76 [00:01<00:00, 60.21it/s, loss=0.8300]
Epoch 25/100:  92%|█████████▏| 70/76 [00:01<00:00, 60.21it/s, loss=1.2274]
Epoch 25/100:  92%|█████████▏| 70/76 [00:01<00:00, 60.21it/s, loss=1.1870]
Epoch 25/100:  92%|█████████▏| 70/76 [00:01<00:00, 60.21it/s, loss=1.0245]
Epoch 25/100: 100%|██████████| 76/76 [00:01<00:00, 60.20it/s, loss=1.0245]
Epoch 25/100 - avg_loss: 1.0034

Epoch 26/100:   0%|          | 0/76 [00:00<?, ?it/s]
Epoch 26/100:   0%|          | 0/76 [00:00<?, ?it/s, loss=0.7452]
Epoch 26/100:   0%|          | 0/76 [00:00<?, ?it/s, loss=0.7119]
Epoch 26/100:   0%|          | 0/76 [00:00<?, ?it/s, loss=0.8303]
Epoch 26/100:   0%|          | 0/76 [00:00<?, ?it/s, loss=0.7525]
Epoch 26/100:   0%|          | 0/76 [00:00<?, ?it/s, loss=0.7014]
Epoch 26/100:   0%|          | 0/76 [00:00<?, ?it/s, loss=0.8095]
Epoch 26/100:   8%|▊         | 6/76 [00:00<00:01, 59.82it/s, loss=0.8095]
Epoch 26/100:   8%|▊         | 6/76 [00:00<00:01, 59.82it/s, loss=0.7506]
Epoch 26/100:   8%|▊         | 6/76 [00:00<00:01, 59.82it/s, loss=0.9535]
Epoch 26/100:   8%|▊         | 6/76 [00:00<00:01, 59.82it/s, loss=0.7801]
Epoch 26/100:   8%|▊         | 6/76 [00:00<00:01, 59.82it/s, loss=0.8583]
Epoch 26/100:   8%|▊         | 6/76 [00:00<00:01, 59.82it/s, loss=0.8973]
Epoch 26/100:   8%|▊         | 6/76 [00:00<00:01, 59.82it/s, loss=0.9787]
Epoch 26/100:   8%|▊         | 6/76 [00:00<00:01, 59.82it/s, loss=0.8570]
Epoch 26/100:  17%|█▋        | 13/76 [00:00<00:01, 60.13it/s, loss=0.8570]
Epoch 26/100:  17%|█▋        | 13/76 [00:00<00:01, 60.13it/s, loss=0.9316]
Epoch 26/100:  17%|█▋        | 13/76 [00:00<00:01, 60.13it/s, loss=0.8601]
Epoch 26/100:  17%|█▋        | 13/76 [00:00<00:01, 60.13it/s, loss=1.0253]
Epoch 26/100:  17%|█▋        | 13/76 [00:00<00:01, 60.13it/s, loss=1.0001]
Epoch 26/100:  17%|█▋        | 13/76 [00:00<00:01, 60.13it/s, loss=0.7295]
Epoch 26/100:  17%|█▋        | 13/76 [00:00<00:01, 60.13it/s, loss=0.9256]
Epoch 26/100:  17%|█▋        | 13/76 [00:00<00:01, 60.13it/s, loss=1.2127]
Epoch 26/100:  26%|██▋       | 20/76 [00:00<00:00, 60.24it/s, loss=1.2127]
Epoch 26/100:  26%|██▋       | 20/76 [00:00<00:00, 60.24it/s, loss=0.7833]
Epoch 26/100:  26%|██▋       | 20/76 [00:00<00:00, 60.24it/s, loss=0.7847]
Epoch 26/100:  26%|██▋       | 20/76 [00:00<00:00, 60.24it/s, loss=0.8009]
Epoch 26/100:  26%|██▋       | 20/76 [00:00<00:00, 60.24it/s, loss=0.8520]
Epoch 26/100:  26%|██▋       | 20/76 [00:00<00:00, 60.24it/s, loss=0.8073]
Epoch 26/100:  26%|██▋       | 20/76 [00:00<00:00, 60.24it/s, loss=0.8027]
Epoch 26/100:  26%|██▋       | 20/76 [00:00<00:00, 60.24it/s, loss=0.9006]
Epoch 26/100:  36%|███▌      | 27/76 [00:00<00:00, 60.24it/s, loss=0.9006]
Epoch 26/100:  36%|███▌      | 27/76 [00:00<00:00, 60.24it/s, loss=0.7742]
Epoch 26/100:  36%|███▌      | 27/76 [00:00<00:00, 60.24it/s, loss=0.9687]
Epoch 26/100:  36%|███▌      | 27/76 [00:00<00:00, 60.24it/s, loss=0.9269]
Epoch 26/100:  36%|███▌      | 27/76 [00:00<00:00, 60.24it/s, loss=0.8624]
Epoch 26/100:  36%|███▌      | 27/76 [00:00<00:00, 60.24it/s, loss=0.7636]
Epoch 26/100:  36%|███▌      | 27/76 [00:00<00:00, 60.24it/s, loss=0.9820]
Epoch 26/100:  36%|███▌      | 27/76 [00:00<00:00, 60.24it/s, loss=0.8893]
Epoch 26/100:  45%|████▍     | 34/76 [00:00<00:00, 60.25it/s, loss=0.8893]
Epoch 26/100:  45%|████▍     | 34/76 [00:00<00:00, 60.25it/s, loss=0.9963]
Epoch 26/100:  45%|████▍     | 34/76 [00:00<00:00, 60.25it/s, loss=1.0622]
Epoch 26/100:  45%|████▍     | 34/76 [00:00<00:00, 60.25it/s, loss=0.9537]
Epoch 26/100:  45%|████▍     | 34/76 [00:00<00:00, 60.25it/s, loss=1.1215]
Epoch 26/100:  45%|████▍     | 34/76 [00:00<00:00, 60.25it/s, loss=1.0351]
Epoch 26/100:  45%|████▍     | 34/76 [00:00<00:00, 60.25it/s, loss=1.1108]
Epoch 26/100:  45%|████▍     | 34/76 [00:00<00:00, 60.25it/s, loss=1.1157]
Epoch 26/100:  54%|█████▍    | 41/76 [00:00<00:00, 60.27it/s, loss=1.1157]
Epoch 26/100:  54%|█████▍    | 41/76 [00:00<00:00, 60.27it/s, loss=1.0383]
Epoch 26/100:  54%|█████▍    | 41/76 [00:00<00:00, 60.27it/s, loss=0.8895]
Epoch 26/100:  54%|█████▍    | 41/76 [00:00<00:00, 60.27it/s, loss=1.1194]
Epoch 26/100:  54%|█████▍    | 41/76 [00:00<00:00, 60.27it/s, loss=0.9279]
Epoch 26/100:  54%|█████▍    | 41/76 [00:00<00:00, 60.27it/s, loss=1.0847]
Epoch 26/100:  54%|█████▍    | 41/76 [00:00<00:00, 60.27it/s, loss=1.1222]
Epoch 26/100:  54%|█████▍    | 41/76 [00:00<00:00, 60.27it/s, loss=1.1425]
Epoch 26/100:  63%|██████▎   | 48/76 [00:00<00:00, 60.25it/s, loss=1.1425]
Epoch 26/100:  63%|██████▎   | 48/76 [00:00<00:00, 60.25it/s, loss=1.1830]
Epoch 26/100:  63%|██████▎   | 48/76 [00:00<00:00, 60.25it/s, loss=1.2455]
Epoch 26/100:  63%|██████▎   | 48/76 [00:00<00:00, 60.25it/s, loss=0.9239]
Epoch 26/100:  63%|██████▎   | 48/76 [00:00<00:00, 60.25it/s, loss=1.0352]
Epoch 26/100:  63%|██████▎   | 48/76 [00:00<00:00, 60.25it/s, loss=1.0552]
Epoch 26/100:  63%|██████▎   | 48/76 [00:00<00:00, 60.25it/s, loss=1.1102]
Epoch 26/100:  63%|██████▎   | 48/76 [00:00<00:00, 60.25it/s, loss=0.8926]
Epoch 26/100:  72%|███████▏  | 55/76 [00:00<00:00, 60.20it/s, loss=0.8926]
Epoch 26/100:  72%|███████▏  | 55/76 [00:00<00:00, 60.20it/s, loss=0.8607]
Epoch 26/100:  72%|███████▏  | 55/76 [00:00<00:00, 60.20it/s, loss=1.1409]
Epoch 26/100:  72%|███████▏  | 55/76 [00:00<00:00, 60.20it/s, loss=1.0514]
Epoch 26/100:  72%|███████▏  | 55/76 [00:00<00:00, 60.20it/s, loss=1.0338]
Epoch 26/100:  72%|███████▏  | 55/76 [00:00<00:00, 60.20it/s, loss=0.9125]
Epoch 26/100:  72%|███████▏  | 55/76 [00:01<00:00, 60.20it/s, loss=1.0368]
Epoch 26/100:  72%|███████▏  | 55/76 [00:01<00:00, 60.20it/s, loss=1.0037]
Epoch 26/100:  82%|████████▏ | 62/76 [00:01<00:00, 60.22it/s, loss=1.0037]
Epoch 26/100:  82%|████████▏ | 62/76 [00:01<00:00, 60.22it/s, loss=1.0751]
Epoch 26/100:  82%|████████▏ | 62/76 [00:01<00:00, 60.22it/s, loss=0.8906]
Epoch 26/100:  82%|████████▏ | 62/76 [00:01<00:00, 60.22it/s, loss=1.1966]
Epoch 26/100:  82%|████████▏ | 62/76 [00:01<00:00, 60.22it/s, loss=0.8192]
Epoch 26/100:  82%|████████▏ | 62/76 [00:01<00:00, 60.22it/s, loss=0.9139]
Epoch 26/100:  82%|████████▏ | 62/76 [00:01<00:00, 60.22it/s, loss=0.8281]
Epoch 26/100:  82%|████████▏ | 62/76 [00:01<00:00, 60.22it/s, loss=1.0530]
Epoch 26/100:  91%|█████████ | 69/76 [00:01<00:00, 60.08it/s, loss=1.0530]
Epoch 26/100:  91%|█████████ | 69/76 [00:01<00:00, 60.08it/s, loss=1.1385]
Epoch 26/100:  91%|█████████ | 69/76 [00:01<00:00, 60.08it/s, loss=1.1235]
Epoch 26/100:  91%|█████████ | 69/76 [00:01<00:00, 60.08it/s, loss=1.0065]
Epoch 26/100:  91%|█████████ | 69/76 [00:01<00:00, 60.08it/s, loss=1.1440]
Epoch 26/100:  91%|█████████ | 69/76 [00:01<00:00, 60.08it/s, loss=0.8611]
Epoch 26/100:  91%|█████████ | 69/76 [00:01<00:00, 60.08it/s, loss=1.1877]
Epoch 26/100:  91%|█████████ | 69/76 [00:01<00:00, 60.08it/s, loss=1.1859]
Epoch 26/100: 100%|██████████| 76/76 [00:01<00:00, 60.19it/s, loss=1.1859]
Epoch 26/100: 100%|██████████| 76/76 [00:01<00:00, 60.19it/s, loss=1.1859]
Epoch 26/100 - avg_loss: 0.9584

Epoch 27/100:   0%|          | 0/76 [00:00<?, ?it/s]
Epoch 27/100:   0%|          | 0/76 [00:00<?, ?it/s, loss=0.8431]
Epoch 27/100:   0%|          | 0/76 [00:00<?, ?it/s, loss=1.1244]
Epoch 27/100:   0%|          | 0/76 [00:00<?, ?it/s, loss=0.7345]
Epoch 27/100:   0%|          | 0/76 [00:00<?, ?it/s, loss=0.9033]
Epoch 27/100:   0%|          | 0/76 [00:00<?, ?it/s, loss=0.6224]
Epoch 27/100:   0%|          | 0/76 [00:00<?, ?it/s, loss=0.7811]
Epoch 27/100:   0%|          | 0/76 [00:00<?, ?it/s, loss=0.8664]
Epoch 27/100:   9%|▉         | 7/76 [00:00<00:01, 60.30it/s, loss=0.8664]
Epoch 27/100:   9%|▉         | 7/76 [00:00<00:01, 60.30it/s, loss=0.7568]
Epoch 27/100:   9%|▉         | 7/76 [00:00<00:01, 60.30it/s, loss=0.8537]
Epoch 27/100:   9%|▉         | 7/76 [00:00<00:01, 60.30it/s, loss=0.9399]
Epoch 27/100:   9%|▉         | 7/76 [00:00<00:01, 60.30it/s, loss=0.5349]
Epoch 27/100:   9%|▉         | 7/76 [00:00<00:01, 60.30it/s, loss=0.8758]
Epoch 27/100:   9%|▉         | 7/76 [00:00<00:01, 60.30it/s, loss=0.7199]
Epoch 27/100:   9%|▉         | 7/76 [00:00<00:01, 60.30it/s, loss=0.8189]
Epoch 27/100:  18%|█▊        | 14/76 [00:00<00:01, 60.16it/s, loss=0.8189]
Epoch 27/100:  18%|█▊        | 14/76 [00:00<00:01, 60.16it/s, loss=0.7750]
Epoch 27/100:  18%|█▊        | 14/76 [00:00<00:01, 60.16it/s, loss=0.8586]
Epoch 27/100:  18%|█▊        | 14/76 [00:00<00:01, 60.16it/s, loss=0.6291]
Epoch 27/100:  18%|█▊        | 14/76 [00:00<00:01, 60.16it/s, loss=0.9760]
Epoch 27/100:  18%|█▊        | 14/76 [00:00<00:01, 60.16it/s, loss=1.0503]
Epoch 27/100:  18%|█▊        | 14/76 [00:00<00:01, 60.16it/s, loss=1.0458]
Epoch 27/100:  18%|█▊        | 14/76 [00:00<00:01, 60.16it/s, loss=0.6938]
Epoch 27/100:  28%|██▊       | 21/76 [00:00<00:00, 60.17it/s, loss=0.6938]
Epoch 27/100:  28%|██▊       | 21/76 [00:00<00:00, 60.17it/s, loss=0.8861]
Epoch 27/100:  28%|██▊       | 21/76 [00:00<00:00, 60.17it/s, loss=0.6122]
Epoch 27/100:  28%|██▊       | 21/76 [00:00<00:00, 60.17it/s, loss=0.8594]
Epoch 27/100:  28%|██▊       | 21/76 [00:00<00:00, 60.17it/s, loss=0.8769]
Epoch 27/100:  28%|██▊       | 21/76 [00:00<00:00, 60.17it/s, loss=1.0739]
Epoch 27/100:  28%|██▊       | 21/76 [00:00<00:00, 60.17it/s, loss=0.8075]
Epoch 27/100:  28%|██▊       | 21/76 [00:00<00:00, 60.17it/s, loss=0.8407]
Epoch 27/100:  37%|███▋      | 28/76 [00:00<00:00, 59.73it/s, loss=0.8407]
Epoch 27/100:  37%|███▋      | 28/76 [00:00<00:00, 59.73it/s, loss=0.7683]
Epoch 27/100:  37%|███▋      | 28/76 [00:00<00:00, 59.73it/s, loss=1.0598]
Epoch 27/100:  37%|███▋      | 28/76 [00:00<00:00, 59.73it/s, loss=1.1087]
Epoch 27/100:  37%|███▋      | 28/76 [00:00<00:00, 59.73it/s, loss=0.9727]
Epoch 27/100:  37%|███▋      | 28/76 [00:00<00:00, 59.73it/s, loss=1.1397]
Epoch 27/100:  37%|███▋      | 28/76 [00:00<00:00, 59.73it/s, loss=0.8060]
Epoch 27/100:  45%|████▍     | 34/76 [00:00<00:00, 59.81it/s, loss=0.8060]
Epoch 27/100:  45%|████▍     | 34/76 [00:00<00:00, 59.81it/s, loss=0.7880]
Epoch 27/100:  45%|████▍     | 34/76 [00:00<00:00, 59.81it/s, loss=1.1232]
Epoch 27/100:  45%|████▍     | 34/76 [00:00<00:00, 59.81it/s, loss=1.1646]
Epoch 27/100:  45%|████▍     | 34/76 [00:00<00:00, 59.81it/s, loss=0.9232]
Epoch 27/100:  45%|████▍     | 34/76 [00:00<00:00, 59.81it/s, loss=0.8108]
Epoch 27/100:  45%|████▍     | 34/76 [00:00<00:00, 59.81it/s, loss=1.0002]
Epoch 27/100:  45%|████▍     | 34/76 [00:00<00:00, 59.81it/s, loss=1.0223]
Epoch 27/100:  54%|█████▍    | 41/76 [00:00<00:00, 59.94it/s, loss=1.0223]
Epoch 27/100:  54%|█████▍    | 41/76 [00:00<00:00, 59.94it/s, loss=0.8863]
Epoch 27/100:  54%|█████▍    | 41/76 [00:00<00:00, 59.94it/s, loss=1.0337]
Epoch 27/100:  54%|█████▍    | 41/76 [00:00<00:00, 59.94it/s, loss=0.7620]
Epoch 27/100:  54%|█████▍    | 41/76 [00:00<00:00, 59.94it/s, loss=0.8617]
Epoch 27/100:  54%|█████▍    | 41/76 [00:00<00:00, 59.94it/s, loss=1.2180]
Epoch 27/100:  54%|█████▍    | 41/76 [00:00<00:00, 59.94it/s, loss=1.3401]
Epoch 27/100:  54%|█████▍    | 41/76 [00:00<00:00, 59.94it/s, loss=1.0670]
Epoch 27/100:  63%|██████▎   | 48/76 [00:00<00:00, 60.05it/s, loss=1.0670]
Epoch 27/100:  63%|██████▎   | 48/76 [00:00<00:00, 60.05it/s, loss=0.8632]
Epoch 27/100:  63%|██████▎   | 48/76 [00:00<00:00, 60.05it/s, loss=0.9229]
Epoch 27/100:  63%|██████▎   | 48/76 [00:00<00:00, 60.05it/s, loss=0.8650]
Epoch 27/100:  63%|██████▎   | 48/76 [00:00<00:00, 60.05it/s, loss=1.0557]
Epoch 27/100:  63%|██████▎   | 48/76 [00:00<00:00, 60.05it/s, loss=1.2256]
Epoch 27/100:  63%|██████▎   | 48/76 [00:00<00:00, 60.05it/s, loss=0.9603]
Epoch 27/100:  63%|██████▎   | 48/76 [00:00<00:00, 60.05it/s, loss=1.0281]
Epoch 27/100:  72%|███████▏  | 55/76 [00:00<00:00, 60.08it/s, loss=1.0281]
Epoch 27/100:  72%|███████▏  | 55/76 [00:00<00:00, 60.08it/s, loss=1.0436]
Epoch 27/100:  72%|███████▏  | 55/76 [00:00<00:00, 60.08it/s, loss=0.9565]
Epoch 27/100:  72%|███████▏  | 55/76 [00:00<00:00, 60.08it/s, loss=0.9828]
Epoch 27/100:  72%|███████▏  | 55/76 [00:00<00:00, 60.08it/s, loss=1.1967]
Epoch 27/100:  72%|███████▏  | 55/76 [00:00<00:00, 60.08it/s, loss=1.0313]
Epoch 27/100:  72%|███████▏  | 55/76 [00:01<00:00, 60.08it/s, loss=1.0029]
Epoch 27/100:  72%|███████▏  | 55/76 [00:01<00:00, 60.08it/s, loss=1.1462]
Epoch 27/100:  82%|████████▏ | 62/76 [00:01<00:00, 60.11it/s, loss=1.1462]
Epoch 27/100:  82%|████████▏ | 62/76 [00:01<00:00, 60.11it/s, loss=1.1397]
Epoch 27/100:  82%|████████▏ | 62/76 [00:01<00:00, 60.11it/s, loss=1.1845]
Epoch 27/100:  82%|████████▏ | 62/76 [00:01<00:00, 60.11it/s, loss=1.2381]
Epoch 27/100:  82%|████████▏ | 62/76 [00:01<00:00, 60.11it/s, loss=1.1450]
Epoch 27/100:  82%|████████▏ | 62/76 [00:01<00:00, 60.11it/s, loss=1.0109]
Epoch 27/100:  82%|████████▏ | 62/76 [00:01<00:00, 60.11it/s, loss=1.0294]
Epoch 27/100:  82%|████████▏ | 62/76 [00:01<00:00, 60.11it/s, loss=0.9935]
Epoch 27/100:  91%|█████████ | 69/76 [00:01<00:00, 60.17it/s, loss=0.9935]
Epoch 27/100:  91%|█████████ | 69/76 [00:01<00:00, 60.17it/s, loss=0.8447]
Epoch 27/100:  91%|█████████ | 69/76 [00:01<00:00, 60.17it/s, loss=0.7925]
Epoch 27/100:  91%|█████████ | 69/76 [00:01<00:00, 60.17it/s, loss=0.9265]
Epoch 27/100:  91%|█████████ | 69/76 [00:01<00:00, 60.17it/s, loss=1.0725]
Epoch 27/100:  91%|█████████ | 69/76 [00:01<00:00, 60.17it/s, loss=0.8927]
Epoch 27/100:  91%|█████████ | 69/76 [00:01<00:00, 60.17it/s, loss=1.0720]
Epoch 27/100:  91%|█████████ | 69/76 [00:01<00:00, 60.17it/s, loss=1.2330]
Epoch 27/100: 100%|██████████| 76/76 [00:01<00:00, 59.40it/s, loss=1.2330]
Epoch 27/100: 100%|██████████| 76/76 [00:01<00:00, 59.84it/s, loss=1.2330]
Epoch 27/100 - avg_loss: 0.9483

Epoch 28/100:   0%|          | 0/76 [00:00<?, ?it/s]
Epoch 28/100:   0%|          | 0/76 [00:00<?, ?it/s, loss=0.7404]
Epoch 28/100:   0%|          | 0/76 [00:00<?, ?it/s, loss=0.6333]
Epoch 28/100:   0%|          | 0/76 [00:00<?, ?it/s, loss=0.7008]
Epoch 28/100:   0%|          | 0/76 [00:00<?, ?it/s, loss=1.1815]
Epoch 28/100:   0%|          | 0/76 [00:00<?, ?it/s, loss=0.7550]
Epoch 28/100:   0%|          | 0/76 [00:00<?, ?it/s, loss=0.9185]
Epoch 28/100:   8%|▊         | 6/76 [00:00<00:01, 58.66it/s, loss=0.9185]
Epoch 28/100:   8%|▊         | 6/76 [00:00<00:01, 58.66it/s, loss=0.6694]
Epoch 28/100:   8%|▊         | 6/76 [00:00<00:01, 58.66it/s, loss=0.9332]
Epoch 28/100:   8%|▊         | 6/76 [00:00<00:01, 58.66it/s, loss=0.5414]
Epoch 28/100:   8%|▊         | 6/76 [00:00<00:01, 58.66it/s, loss=0.7175]
Epoch 28/100:   8%|▊         | 6/76 [00:00<00:01, 58.66it/s, loss=0.7575]
Epoch 28/100:   8%|▊         | 6/76 [00:00<00:01, 58.66it/s, loss=0.9636]
Epoch 28/100:  16%|█▌        | 12/76 [00:00<00:01, 59.40it/s, loss=0.9636]
Epoch 28/100:  16%|█▌        | 12/76 [00:00<00:01, 59.40it/s, loss=0.6767]
Epoch 28/100:  16%|█▌        | 12/76 [00:00<00:01, 59.40it/s, loss=0.9170]
Epoch 28/100:  16%|█▌        | 12/76 [00:00<00:01, 59.40it/s, loss=0.8716]
Epoch 28/100:  16%|█▌        | 12/76 [00:00<00:01, 59.40it/s, loss=0.7782]
Epoch 28/100:  16%|█▌        | 12/76 [00:00<00:01, 59.40it/s, loss=0.6534]
Epoch 28/100:  16%|█▌        | 12/76 [00:00<00:01, 59.40it/s, loss=0.7651]
Epoch 28/100:  24%|██▎       | 18/76 [00:00<00:00, 59.66it/s, loss=0.7651]
Epoch 28/100:  24%|██▎       | 18/76 [00:00<00:00, 59.66it/s, loss=0.9524]
Epoch 28/100:  24%|██▎       | 18/76 [00:00<00:00, 59.66it/s, loss=0.8951]
Epoch 28/100:  24%|██▎       | 18/76 [00:00<00:00, 59.66it/s, loss=0.7401]
Epoch 28/100:  24%|██▎       | 18/76 [00:00<00:00, 59.66it/s, loss=0.7159]
Epoch 28/100:  24%|██▎       | 18/76 [00:00<00:00, 59.66it/s, loss=0.7681]
Epoch 28/100:  24%|██▎       | 18/76 [00:00<00:00, 59.66it/s, loss=1.1169]
Epoch 28/100:  24%|██▎       | 18/76 [00:00<00:00, 59.66it/s, loss=0.7675]
Epoch 28/100:  33%|███▎      | 25/76 [00:00<00:00, 59.90it/s, loss=0.7675]
Epoch 28/100:  33%|███▎      | 25/76 [00:00<00:00, 59.90it/s, loss=0.9259]
Epoch 28/100:  33%|███▎      | 25/76 [00:00<00:00, 59.90it/s, loss=1.1506]
Epoch 28/100:  33%|███▎      | 25/76 [00:00<00:00, 59.90it/s, loss=0.6803]
Epoch 28/100:  33%|███▎      | 25/76 [00:00<00:00, 59.90it/s, loss=0.8114]
Epoch 28/100:  33%|███▎      | 25/76 [00:00<00:00, 59.90it/s, loss=0.8672]
Epoch 28/100:  33%|███▎      | 25/76 [00:00<00:00, 59.90it/s, loss=0.9253]
Epoch 28/100:  33%|███▎      | 25/76 [00:00<00:00, 59.90it/s, loss=0.8200]
Epoch 28/100:  42%|████▏     | 32/76 [00:00<00:00, 60.07it/s, loss=0.8200]
Epoch 28/100:  42%|████▏     | 32/76 [00:00<00:00, 60.07it/s, loss=1.1016]
Epoch 28/100:  42%|████▏     | 32/76 [00:00<00:00, 60.07it/s, loss=0.8116]
Epoch 28/100:  42%|████▏     | 32/76 [00:00<00:00, 60.07it/s, loss=0.7823]
Epoch 28/100:  42%|████▏     | 32/76 [00:00<00:00, 60.07it/s, loss=1.0488]
Epoch 28/100:  42%|████▏     | 32/76 [00:00<00:00, 60.07it/s, loss=0.8118]
Epoch 28/100:  42%|████▏     | 32/76 [00:00<00:00, 60.07it/s, loss=0.9876]
Epoch 28/100:  42%|████▏     | 32/76 [00:00<00:00, 60.07it/s, loss=1.0083]
Epoch 28/100:  51%|█████▏    | 39/76 [00:00<00:00, 60.10it/s, loss=1.0083]
Epoch 28/100:  51%|█████▏    | 39/76 [00:00<00:00, 60.10it/s, loss=0.6408]
Epoch 28/100:  51%|█████▏    | 39/76 [00:00<00:00, 60.10it/s, loss=1.0737]
Epoch 28/100:  51%|█████▏    | 39/76 [00:00<00:00, 60.10it/s, loss=1.1395]
Epoch 28/100:  51%|█████▏    | 39/76 [00:00<00:00, 60.10it/s, loss=1.0154]
Epoch 28/100:  51%|█████▏    | 39/76 [00:00<00:00, 60.10it/s, loss=1.0848]
Epoch 28/100:  51%|█████▏    | 39/76 [00:00<00:00, 60.10it/s, loss=0.9221]
Epoch 28/100:  51%|█████▏    | 39/76 [00:00<00:00, 60.10it/s, loss=0.8948]
Epoch 28/100:  61%|██████    | 46/76 [00:00<00:00, 60.15it/s, loss=0.8948]
Epoch 28/100:  61%|██████    | 46/76 [00:00<00:00, 60.15it/s, loss=0.9513]
Epoch 28/100:  61%|██████    | 46/76 [00:00<00:00, 60.15it/s, loss=0.9484]
Epoch 28/100:  61%|██████    | 46/76 [00:00<00:00, 60.15it/s, loss=1.0698]
Epoch 28/100:  61%|██████    | 46/76 [00:00<00:00, 60.15it/s, loss=1.0795]
Epoch 28/100:  61%|██████    | 46/76 [00:00<00:00, 60.15it/s, loss=1.0406]
Epoch 28/100:  61%|██████    | 46/76 [00:00<00:00, 60.15it/s, loss=1.0985]
Epoch 28/100:  61%|██████    | 46/76 [00:00<00:00, 60.15it/s, loss=0.8321]
Epoch 28/100:  61%|██████    | 46/76 [00:00<00:00, 60.15it/s, loss=0.8736]
Epoch 28/100:  71%|███████   | 54/76 [00:00<00:00, 64.14it/s, loss=0.8736]
Epoch 28/100:  71%|███████   | 54/76 [00:00<00:00, 64.14it/s, loss=1.2713]
Epoch 28/100:  71%|███████   | 54/76 [00:00<00:00, 64.14it/s, loss=1.0488]
Epoch 28/100:  71%|███████   | 54/76 [00:00<00:00, 64.14it/s, loss=0.9113]
Epoch 28/100:  71%|███████   | 54/76 [00:00<00:00, 64.14it/s, loss=0.9975]
Epoch 28/100:  71%|███████   | 54/76 [00:00<00:00, 64.14it/s, loss=1.1132]
Epoch 28/100:  71%|███████   | 54/76 [00:00<00:00, 64.14it/s, loss=1.3144]
Epoch 28/100:  71%|███████   | 54/76 [00:00<00:00, 64.14it/s, loss=1.0054]
Epoch 28/100:  80%|████████  | 61/76 [00:00<00:00, 62.50it/s, loss=1.0054]
Epoch 28/100:  80%|████████  | 61/76 [00:01<00:00, 62.50it/s, loss=0.8726]
Epoch 28/100:  80%|████████  | 61/76 [00:01<00:00, 62.50it/s, loss=0.9094]
Epoch 28/100:  80%|████████  | 61/76 [00:01<00:00, 62.50it/s, loss=1.0729]
Epoch 28/100:  80%|████████  | 61/76 [00:01<00:00, 62.50it/s, loss=1.0748]
Epoch 28/100:  80%|████████  | 61/76 [00:01<00:00, 62.50it/s, loss=1.0401]
Epoch 28/100:  80%|████████  | 61/76 [00:01<00:00, 62.50it/s, loss=1.0924]
Epoch 28/100:  80%|████████  | 61/76 [00:01<00:00, 62.50it/s, loss=0.9452]
Epoch 28/100:  89%|████████▉ | 68/76 [00:01<00:00, 60.84it/s, loss=0.9452]
Epoch 28/100:  89%|████████▉ | 68/76 [00:01<00:00, 60.84it/s, loss=1.0929]
Epoch 28/100:  89%|████████▉ | 68/76 [00:01<00:00, 60.84it/s, loss=1.0212]
Epoch 28/100:  89%|████████▉ | 68/76 [00:01<00:00, 60.84it/s, loss=1.2227]
Epoch 28/100:  89%|████████▉ | 68/76 [00:01<00:00, 60.84it/s, loss=1.0613]
Epoch 28/100:  89%|████████▉ | 68/76 [00:01<00:00, 60.84it/s, loss=0.8443]
Epoch 28/100:  89%|████████▉ | 68/76 [00:01<00:00, 60.84it/s, loss=1.1084]
Epoch 28/100:  89%|████████▉ | 68/76 [00:01<00:00, 60.84it/s, loss=1.1852]
Epoch 28/100:  99%|█████████▊| 75/76 [00:01<00:00, 59.96it/s, loss=1.1852]
Epoch 28/100:  99%|█████████▊| 75/76 [00:01<00:00, 59.96it/s, loss=1.2254]
Epoch 28/100: 100%|██████████| 76/76 [00:01<00:00, 60.56it/s, loss=1.2254]
Epoch 28/100 - avg_loss: 0.9337

Epoch 29/100:   0%|          | 0/76 [00:00<?, ?it/s]
Epoch 29/100:   0%|          | 0/76 [00:00<?, ?it/s, loss=0.8296]
Epoch 29/100:   0%|          | 0/76 [00:00<?, ?it/s, loss=0.8183]
Epoch 29/100:   0%|          | 0/76 [00:00<?, ?it/s, loss=0.8396]
Epoch 29/100:   0%|          | 0/76 [00:00<?, ?it/s, loss=0.6436]
Epoch 29/100:   0%|          | 0/76 [00:00<?, ?it/s, loss=0.8368]
Epoch 29/100:   0%|          | 0/76 [00:00<?, ?it/s, loss=0.8850]
Epoch 29/100:   8%|▊         | 6/76 [00:00<00:01, 58.23it/s, loss=0.8850]
Epoch 29/100:   8%|▊         | 6/76 [00:00<00:01, 58.23it/s, loss=0.7082]
Epoch 29/100:   8%|▊         | 6/76 [00:00<00:01, 58.23it/s, loss=0.7251]
Epoch 29/100:   8%|▊         | 6/76 [00:00<00:01, 58.23it/s, loss=0.7287]
Epoch 29/100:   8%|▊         | 6/76 [00:00<00:01, 58.23it/s, loss=0.7584]
Epoch 29/100:   8%|▊         | 6/76 [00:00<00:01, 58.23it/s, loss=0.6827]
Epoch 29/100:   8%|▊         | 6/76 [00:00<00:01, 58.23it/s, loss=0.7283]
Epoch 29/100:  16%|█▌        | 12/76 [00:00<00:01, 58.34it/s, loss=0.7283]
Epoch 29/100:  16%|█▌        | 12/76 [00:00<00:01, 58.34it/s, loss=0.7531]
Epoch 29/100:  16%|█▌        | 12/76 [00:00<00:01, 58.34it/s, loss=0.7450]
Epoch 29/100:  16%|█▌        | 12/76 [00:00<00:01, 58.34it/s, loss=0.9129]
Epoch 29/100:  16%|█▌        | 12/76 [00:00<00:01, 58.34it/s, loss=0.7112]
Epoch 29/100:  16%|█▌        | 12/76 [00:00<00:01, 58.34it/s, loss=0.7103]
Epoch 29/100:  16%|█▌        | 12/76 [00:00<00:01, 58.34it/s, loss=0.8713]
Epoch 29/100:  24%|██▎       | 18/76 [00:00<00:00, 58.44it/s, loss=0.8713]
Epoch 29/100:  24%|██▎       | 18/76 [00:00<00:00, 58.44it/s, loss=0.9453]
Epoch 29/100:  24%|██▎       | 18/76 [00:00<00:00, 58.44it/s, loss=0.9172]
Epoch 29/100:  24%|██▎       | 18/76 [00:00<00:00, 58.44it/s, loss=0.8593]
Epoch 29/100:  24%|██▎       | 18/76 [00:00<00:00, 58.44it/s, loss=0.7804]
Epoch 29/100:  24%|██▎       | 18/76 [00:00<00:00, 58.44it/s, loss=0.6225]
Epoch 29/100:  24%|██▎       | 18/76 [00:00<00:00, 58.44it/s, loss=1.0213]
Epoch 29/100:  32%|███▏      | 24/76 [00:00<00:00, 58.49it/s, loss=1.0213]
Epoch 29/100:  32%|███▏      | 24/76 [00:00<00:00, 58.49it/s, loss=0.8065]
Epoch 29/100:  32%|███▏      | 24/76 [00:00<00:00, 58.49it/s, loss=0.7448]
Epoch 29/100:  32%|███▏      | 24/76 [00:00<00:00, 58.49it/s, loss=0.7452]
Epoch 29/100:  32%|███▏      | 24/76 [00:00<00:00, 58.49it/s, loss=0.9282]
Epoch 29/100:  32%|███▏      | 24/76 [00:00<00:00, 58.49it/s, loss=0.7639]
Epoch 29/100:  32%|███▏      | 24/76 [00:00<00:00, 58.49it/s, loss=0.8170]
Epoch 29/100:  39%|███▉      | 30/76 [00:00<00:00, 58.62it/s, loss=0.8170]
Epoch 29/100:  39%|███▉      | 30/76 [00:00<00:00, 58.62it/s, loss=1.3256]
Epoch 29/100:  39%|███▉      | 30/76 [00:00<00:00, 58.62it/s, loss=0.9130]
Epoch 29/100:  39%|███▉      | 30/76 [00:00<00:00, 58.62it/s, loss=0.8125]
Epoch 29/100:  39%|███▉      | 30/76 [00:00<00:00, 58.62it/s, loss=0.5654]
Epoch 29/100:  39%|███▉      | 30/76 [00:00<00:00, 58.62it/s, loss=0.6178]
Epoch 29/100:  39%|███▉      | 30/76 [00:00<00:00, 58.62it/s, loss=1.1308]
Epoch 29/100:  47%|████▋     | 36/76 [00:00<00:00, 58.83it/s, loss=1.1308]
Epoch 29/100:  47%|████▋     | 36/76 [00:00<00:00, 58.83it/s, loss=0.9257]
Epoch 29/100:  47%|████▋     | 36/76 [00:00<00:00, 58.83it/s, loss=0.9654]
Epoch 29/100:  47%|████▋     | 36/76 [00:00<00:00, 58.83it/s, loss=0.7747]
Epoch 29/100:  47%|████▋     | 36/76 [00:00<00:00, 58.83it/s, loss=0.7936]
Epoch 29/100:  47%|████▋     | 36/76 [00:00<00:00, 58.83it/s, loss=0.9432]
Epoch 29/100:  47%|████▋     | 36/76 [00:00<00:00, 58.83it/s, loss=0.7691]
Epoch 29/100:  55%|█████▌    | 42/76 [00:00<00:00, 59.00it/s, loss=0.7691]
Epoch 29/100:  55%|█████▌    | 42/76 [00:00<00:00, 59.00it/s, loss=1.0244]
Epoch 29/100:  55%|█████▌    | 42/76 [00:00<00:00, 59.00it/s, loss=1.0742]
Epoch 29/100:  55%|█████▌    | 42/76 [00:00<00:00, 59.00it/s, loss=0.9248]
Epoch 29/100:  55%|█████▌    | 42/76 [00:00<00:00, 59.00it/s, loss=0.8481]
Epoch 29/100:  55%|█████▌    | 42/76 [00:00<00:00, 59.00it/s, loss=1.3021]
Epoch 29/100:  55%|█████▌    | 42/76 [00:00<00:00, 59.00it/s, loss=0.8740]
Epoch 29/100:  63%|██████▎   | 48/76 [00:00<00:00, 59.20it/s, loss=0.8740]
Epoch 29/100:  63%|██████▎   | 48/76 [00:00<00:00, 59.20it/s, loss=1.1872]
Epoch 29/100:  63%|██████▎   | 48/76 [00:00<00:00, 59.20it/s, loss=0.9235]
Epoch 29/100:  63%|██████▎   | 48/76 [00:00<00:00, 59.20it/s, loss=1.1090]
Epoch 29/100:  63%|██████▎   | 48/76 [00:00<00:00, 59.20it/s, loss=0.9286]
Epoch 29/100:  63%|██████▎   | 48/76 [00:00<00:00, 59.20it/s, loss=0.9151]
Epoch 29/100:  63%|██████▎   | 48/76 [00:00<00:00, 59.20it/s, loss=0.8127]
Epoch 29/100:  71%|███████   | 54/76 [00:00<00:00, 59.19it/s, loss=0.8127]
Epoch 29/100:  71%|███████   | 54/76 [00:00<00:00, 59.19it/s, loss=1.2075]
Epoch 29/100:  71%|███████   | 54/76 [00:00<00:00, 59.19it/s, loss=1.1840]
Epoch 29/100:  71%|███████   | 54/76 [00:00<00:00, 59.19it/s, loss=0.8390]
Epoch 29/100:  71%|███████   | 54/76 [00:00<00:00, 59.19it/s, loss=1.1110]
Epoch 29/100:  71%|███████   | 54/76 [00:01<00:00, 59.19it/s, loss=0.9566]
Epoch 29/100:  71%|███████   | 54/76 [00:01<00:00, 59.19it/s, loss=1.0008]
Epoch 29/100:  79%|███████▉  | 60/76 [00:01<00:00, 59.28it/s, loss=1.0008]
Epoch 29/100:  79%|███████▉  | 60/76 [00:01<00:00, 59.28it/s, loss=1.2012]
Epoch 29/100:  79%|███████▉  | 60/76 [00:01<00:00, 59.28it/s, loss=1.0190]
Epoch 29/100:  79%|███████▉  | 60/76 [00:01<00:00, 59.28it/s, loss=1.0882]
Epoch 29/100:  79%|███████▉  | 60/76 [00:01<00:00, 59.28it/s, loss=1.2148]
Epoch 29/100:  79%|███████▉  | 60/76 [00:01<00:00, 59.28it/s, loss=0.8667]
Epoch 29/100:  79%|███████▉  | 60/76 [00:01<00:00, 59.28it/s, loss=1.2874]
Epoch 29/100:  87%|████████▋ | 66/76 [00:01<00:00, 59.47it/s, loss=1.2874]
Epoch 29/100:  87%|████████▋ | 66/76 [00:01<00:00, 59.47it/s, loss=1.0353]
Epoch 29/100:  87%|████████▋ | 66/76 [00:01<00:00, 59.47it/s, loss=0.9016]
Epoch 29/100:  87%|████████▋ | 66/76 [00:01<00:00, 59.47it/s, loss=1.0408]
Epoch 29/100:  87%|████████▋ | 66/76 [00:01<00:00, 59.47it/s, loss=1.1250]
Epoch 29/100:  87%|████████▋ | 66/76 [00:01<00:00, 59.47it/s, loss=0.9301]
Epoch 29/100:  87%|████████▋ | 66/76 [00:01<00:00, 59.47it/s, loss=1.1077]
Epoch 29/100:  95%|█████████▍| 72/76 [00:01<00:00, 59.58it/s, loss=1.1077]
Epoch 29/100:  95%|█████████▍| 72/76 [00:01<00:00, 59.58it/s, loss=0.9014]
Epoch 29/100:  95%|█████████▍| 72/76 [00:01<00:00, 59.58it/s, loss=1.0240]
Epoch 29/100:  95%|█████████▍| 72/76 [00:01<00:00, 59.58it/s, loss=1.4912]
Epoch 29/100:  95%|█████████▍| 72/76 [00:01<00:00, 59.58it/s, loss=0.8312]
Epoch 29/100: 100%|██████████| 76/76 [00:01<00:00, 59.15it/s, loss=0.8312]
Epoch 29/100 - avg_loss: 0.9166

Epoch 30/100:   0%|          | 0/76 [00:00<?, ?it/s]
Epoch 30/100:   0%|          | 0/76 [00:00<?, ?it/s, loss=0.8322]
Epoch 30/100:   0%|          | 0/76 [00:00<?, ?it/s, loss=0.6540]
Epoch 30/100:   0%|          | 0/76 [00:00<?, ?it/s, loss=0.7539]
Epoch 30/100:   0%|          | 0/76 [00:00<?, ?it/s, loss=0.6141]
Epoch 30/100:   0%|          | 0/76 [00:00<?, ?it/s, loss=0.8558]
Epoch 30/100:   0%|          | 0/76 [00:00<?, ?it/s, loss=0.6827]
Epoch 30/100:   0%|          | 0/76 [00:00<?, ?it/s, loss=0.7581]
Epoch 30/100:   9%|▉         | 7/76 [00:00<00:01, 60.03it/s, loss=0.7581]
Epoch 30/100:   9%|▉         | 7/76 [00:00<00:01, 60.03it/s, loss=0.6932]
Epoch 30/100:   9%|▉         | 7/76 [00:00<00:01, 60.03it/s, loss=0.5969]
Epoch 30/100:   9%|▉         | 7/76 [00:00<00:01, 60.03it/s, loss=0.9192]
Epoch 30/100:   9%|▉         | 7/76 [00:00<00:01, 60.03it/s, loss=0.6109]
Epoch 30/100:   9%|▉         | 7/76 [00:00<00:01, 60.03it/s, loss=0.6290]
Epoch 30/100:   9%|▉         | 7/76 [00:00<00:01, 60.03it/s, loss=0.8174]
Epoch 30/100:   9%|▉         | 7/76 [00:00<00:01, 60.03it/s, loss=0.8246]
Epoch 30/100:  18%|█▊        | 14/76 [00:00<00:01, 60.00it/s, loss=0.8246]
Epoch 30/100:  18%|█▊        | 14/76 [00:00<00:01, 60.00it/s, loss=0.6925]
Epoch 30/100:  18%|█▊        | 14/76 [00:00<00:01, 60.00it/s, loss=0.6926]
Epoch 30/100:  18%|█▊        | 14/76 [00:00<00:01, 60.00it/s, loss=0.7604]
Epoch 30/100:  18%|█▊        | 14/76 [00:00<00:01, 60.00it/s, loss=0.9201]
Epoch 30/100:  18%|█▊        | 14/76 [00:00<00:01, 60.00it/s, loss=0.9828]
Epoch 30/100:  18%|█▊        | 14/76 [00:00<00:01, 60.00it/s, loss=0.5837]
Epoch 30/100:  18%|█▊        | 14/76 [00:00<00:01, 60.00it/s, loss=0.7543]
Epoch 30/100:  28%|██▊       | 21/76 [00:00<00:00, 60.03it/s, loss=0.7543]
Epoch 30/100:  28%|██▊       | 21/76 [00:00<00:00, 60.03it/s, loss=1.1918]
Epoch 30/100:  28%|██▊       | 21/76 [00:00<00:00, 60.03it/s, loss=0.7971]
Epoch 30/100:  28%|██▊       | 21/76 [00:00<00:00, 60.03it/s, loss=0.8442]
Epoch 30/100:  28%|██▊       | 21/76 [00:00<00:00, 60.03it/s, loss=0.9645]
Epoch 30/100:  28%|██▊       | 21/76 [00:00<00:00, 60.03it/s, loss=0.8806]
Epoch 30/100:  28%|██▊       | 21/76 [00:00<00:00, 60.03it/s, loss=1.0100]
Epoch 30/100:  28%|██▊       | 21/76 [00:00<00:00, 60.03it/s, loss=0.8929]
Epoch 30/100:  37%|███▋      | 28/76 [00:00<00:00, 60.05it/s, loss=0.8929]
Epoch 30/100:  37%|███▋      | 28/76 [00:00<00:00, 60.05it/s, loss=0.7884]
Epoch 30/100:  37%|███▋      | 28/76 [00:00<00:00, 60.05it/s, loss=0.9206]
Epoch 30/100:  37%|███▋      | 28/76 [00:00<00:00, 60.05it/s, loss=0.7919]
Epoch 30/100:  37%|███▋      | 28/76 [00:00<00:00, 60.05it/s, loss=0.8139]
Epoch 30/100:  37%|███▋      | 28/76 [00:00<00:00, 60.05it/s, loss=0.7574]
Epoch 30/100:  37%|███▋      | 28/76 [00:00<00:00, 60.05it/s, loss=0.9835]
Epoch 30/100:  37%|███▋      | 28/76 [00:00<00:00, 60.05it/s, loss=0.8996]
Epoch 30/100:  46%|████▌     | 35/76 [00:00<00:00, 60.04it/s, loss=0.8996]
Epoch 30/100:  46%|████▌     | 35/76 [00:00<00:00, 60.04it/s, loss=0.9683]
Epoch 30/100:  46%|████▌     | 35/76 [00:00<00:00, 60.04it/s, loss=0.9901]
Epoch 30/100:  46%|████▌     | 35/76 [00:00<00:00, 60.04it/s, loss=0.7346]
Epoch 30/100:  46%|████▌     | 35/76 [00:00<00:00, 60.04it/s, loss=0.7601]
Epoch 30/100:  46%|████▌     | 35/76 [00:00<00:00, 60.04it/s, loss=0.7889]
Epoch 30/100:  46%|████▌     | 35/76 [00:00<00:00, 60.04it/s, loss=0.8725]
Epoch 30/100:  46%|████▌     | 35/76 [00:00<00:00, 60.04it/s, loss=0.8563]
Epoch 30/100:  55%|█████▌    | 42/76 [00:00<00:00, 60.04it/s, loss=0.8563]
Epoch 30/100:  55%|█████▌    | 42/76 [00:00<00:00, 60.04it/s, loss=1.2369]
Epoch 30/100:  55%|█████▌    | 42/76 [00:00<00:00, 60.04it/s, loss=0.8986]
Epoch 30/100:  55%|█████▌    | 42/76 [00:00<00:00, 60.04it/s, loss=0.9720]
Epoch 30/100:  55%|█████▌    | 42/76 [00:00<00:00, 60.04it/s, loss=0.9940]
Epoch 30/100:  55%|█████▌    | 42/76 [00:00<00:00, 60.04it/s, loss=0.9191]
Epoch 30/100:  55%|█████▌    | 42/76 [00:00<00:00, 60.04it/s, loss=1.0485]
Epoch 30/100:  55%|█████▌    | 42/76 [00:00<00:00, 60.04it/s, loss=0.9286]
Epoch 30/100:  64%|██████▍   | 49/76 [00:00<00:00, 60.03it/s, loss=0.9286]
Epoch 30/100:  64%|██████▍   | 49/76 [00:00<00:00, 60.03it/s, loss=0.7250]
Epoch 30/100:  64%|██████▍   | 49/76 [00:00<00:00, 60.03it/s, loss=0.8507]
Epoch 30/100:  64%|██████▍   | 49/76 [00:00<00:00, 60.03it/s, loss=1.1703]
Epoch 30/100:  64%|██████▍   | 49/76 [00:00<00:00, 60.03it/s, loss=1.2809]
Epoch 30/100:  64%|██████▍   | 49/76 [00:00<00:00, 60.03it/s, loss=0.9059]
Epoch 30/100:  64%|██████▍   | 49/76 [00:00<00:00, 60.03it/s, loss=1.0169]
Epoch 30/100:  64%|██████▍   | 49/76 [00:00<00:00, 60.03it/s, loss=0.9964]
Epoch 30/100:  74%|███████▎  | 56/76 [00:00<00:00, 60.02it/s, loss=0.9964]
Epoch 30/100:  74%|███████▎  | 56/76 [00:00<00:00, 60.02it/s, loss=0.9549]
Epoch 30/100:  74%|███████▎  | 56/76 [00:00<00:00, 60.02it/s, loss=0.8134]
Epoch 30/100:  74%|███████▎  | 56/76 [00:00<00:00, 60.02it/s, loss=0.8736]
Epoch 30/100:  74%|███████▎  | 56/76 [00:00<00:00, 60.02it/s, loss=0.8344]
Epoch 30/100:  74%|███████▎  | 56/76 [00:01<00:00, 60.02it/s, loss=1.2222]
Epoch 30/100:  74%|███████▎  | 56/76 [00:01<00:00, 60.02it/s, loss=0.7015]
Epoch 30/100:  74%|███████▎  | 56/76 [00:01<00:00, 60.02it/s, loss=0.7308]
Epoch 30/100:  83%|████████▎ | 63/76 [00:01<00:00, 60.06it/s, loss=0.7308]
Epoch 30/100:  83%|████████▎ | 63/76 [00:01<00:00, 60.06it/s, loss=0.9585]
Epoch 30/100:  83%|████████▎ | 63/76 [00:01<00:00, 60.06it/s, loss=1.2179]
Epoch 30/100:  83%|████████▎ | 63/76 [00:01<00:00, 60.06it/s, loss=0.9105]
Epoch 30/100:  83%|████████▎ | 63/76 [00:01<00:00, 60.06it/s, loss=1.0805]
Epoch 30/100:  83%|████████▎ | 63/76 [00:01<00:00, 60.06it/s, loss=1.2410]
Epoch 30/100:  83%|████████▎ | 63/76 [00:01<00:00, 60.06it/s, loss=1.0181]
Epoch 30/100:  83%|████████▎ | 63/76 [00:01<00:00, 60.06it/s, loss=1.3064]
Epoch 30/100:  92%|█████████▏| 70/76 [00:01<00:00, 60.07it/s, loss=1.3064]
Epoch 30/100:  92%|█████████▏| 70/76 [00:01<00:00, 60.07it/s, loss=0.9805]
Epoch 30/100:  92%|█████████▏| 70/76 [00:01<00:00, 60.07it/s, loss=0.8939]
Epoch 30/100:  92%|█████████▏| 70/76 [00:01<00:00, 60.07it/s, loss=0.8457]
Epoch 30/100:  92%|█████████▏| 70/76 [00:01<00:00, 60.07it/s, loss=0.7488]
Epoch 30/100:  92%|█████████▏| 70/76 [00:01<00:00, 60.07it/s, loss=0.8605]
Epoch 30/100:  92%|█████████▏| 70/76 [00:01<00:00, 60.07it/s, loss=0.9368]
Epoch 30/100: 100%|██████████| 76/76 [00:01<00:00, 60.07it/s, loss=0.9368]
Epoch 30/100 - avg_loss: 0.8843

Epoch 31/100:   0%|          | 0/76 [00:00<?, ?it/s]
Epoch 31/100:   0%|          | 0/76 [00:00<?, ?it/s, loss=0.6231]
Epoch 31/100:   0%|          | 0/76 [00:00<?, ?it/s, loss=0.6521]
Epoch 31/100:   0%|          | 0/76 [00:00<?, ?it/s, loss=0.7327]
Epoch 31/100:   0%|          | 0/76 [00:00<?, ?it/s, loss=0.5904]
Epoch 31/100:   0%|          | 0/76 [00:00<?, ?it/s, loss=0.7548]
Epoch 31/100:   0%|          | 0/76 [00:00<?, ?it/s, loss=0.6289]
Epoch 31/100:   8%|▊         | 6/76 [00:00<00:01, 59.91it/s, loss=0.6289]
Epoch 31/100:   8%|▊         | 6/76 [00:00<00:01, 59.91it/s, loss=0.8539]
Epoch 31/100:   8%|▊         | 6/76 [00:00<00:01, 59.91it/s, loss=0.6407]
Epoch 31/100:   8%|▊         | 6/76 [00:00<00:01, 59.91it/s, loss=0.8569]
Epoch 31/100:   8%|▊         | 6/76 [00:00<00:01, 59.91it/s, loss=1.0027]
Epoch 31/100:   8%|▊         | 6/76 [00:00<00:01, 59.91it/s, loss=0.6051]
Epoch 31/100:   8%|▊         | 6/76 [00:00<00:01, 59.91it/s, loss=0.6204]
Epoch 31/100:   8%|▊         | 6/76 [00:00<00:01, 59.91it/s, loss=0.6824]
Epoch 31/100:  17%|█▋        | 13/76 [00:00<00:01, 60.08it/s, loss=0.6824]
Epoch 31/100:  17%|█▋        | 13/76 [00:00<00:01, 60.08it/s, loss=0.7002]
Epoch 31/100:  17%|█▋        | 13/76 [00:00<00:01, 60.08it/s, loss=0.9398]
Epoch 31/100:  17%|█▋        | 13/76 [00:00<00:01, 60.08it/s, loss=0.6378]
Epoch 31/100:  17%|█▋        | 13/76 [00:00<00:01, 60.08it/s, loss=0.7523]
Epoch 31/100:  17%|█▋        | 13/76 [00:00<00:01, 60.08it/s, loss=0.7803]
Epoch 31/100:  17%|█▋        | 13/76 [00:00<00:01, 60.08it/s, loss=0.5547]
Epoch 31/100:  17%|█▋        | 13/76 [00:00<00:01, 60.08it/s, loss=0.8564]
Epoch 31/100:  26%|██▋       | 20/76 [00:00<00:00, 59.98it/s, loss=0.8564]
Epoch 31/100:  26%|██▋       | 20/76 [00:00<00:00, 59.98it/s, loss=0.6433]
Epoch 31/100:  26%|██▋       | 20/76 [00:00<00:00, 59.98it/s, loss=0.5760]
Epoch 31/100:  26%|██▋       | 20/76 [00:00<00:00, 59.98it/s, loss=0.6882]
Epoch 31/100:  26%|██▋       | 20/76 [00:00<00:00, 59.98it/s, loss=0.8882]
Epoch 31/100:  26%|██▋       | 20/76 [00:00<00:00, 59.98it/s, loss=0.9174]
Epoch 31/100:  26%|██▋       | 20/76 [00:00<00:00, 59.98it/s, loss=0.7582]
Epoch 31/100:  34%|███▍      | 26/76 [00:00<00:00, 59.98it/s, loss=0.7582]
Epoch 31/100:  34%|███▍      | 26/76 [00:00<00:00, 59.98it/s, loss=0.9415]
Epoch 31/100:  34%|███▍      | 26/76 [00:00<00:00, 59.98it/s, loss=0.9510]
Epoch 31/100:  34%|███▍      | 26/76 [00:00<00:00, 59.98it/s, loss=0.6308]
Epoch 31/100:  34%|███▍      | 26/76 [00:00<00:00, 59.98it/s, loss=0.9395]
Epoch 31/100:  34%|███▍      | 26/76 [00:00<00:00, 59.98it/s, loss=0.7710]
Epoch 31/100:  34%|███▍      | 26/76 [00:00<00:00, 59.98it/s, loss=0.7842]
Epoch 31/100:  34%|███▍      | 26/76 [00:00<00:00, 59.98it/s, loss=1.1076]
Epoch 31/100:  43%|████▎     | 33/76 [00:00<00:00, 60.06it/s, loss=1.1076]
Epoch 31/100:  43%|████▎     | 33/76 [00:00<00:00, 60.06it/s, loss=0.6407]
Epoch 31/100:  43%|████▎     | 33/76 [00:00<00:00, 60.06it/s, loss=0.9901]
Epoch 31/100:  43%|████▎     | 33/76 [00:00<00:00, 60.06it/s, loss=0.7328]
Epoch 31/100:  43%|████▎     | 33/76 [00:00<00:00, 60.06it/s, loss=1.0524]
Epoch 31/100:  43%|████▎     | 33/76 [00:00<00:00, 60.06it/s, loss=1.0163]
Epoch 31/100:  43%|████▎     | 33/76 [00:00<00:00, 60.06it/s, loss=1.0063]
Epoch 31/100:  43%|████▎     | 33/76 [00:00<00:00, 60.06it/s, loss=0.9938]
Epoch 31/100:  53%|█████▎    | 40/76 [00:00<00:00, 60.04it/s, loss=0.9938]
Epoch 31/100:  53%|█████▎    | 40/76 [00:00<00:00, 60.04it/s, loss=0.8520]
Epoch 31/100:  53%|█████▎    | 40/76 [00:00<00:00, 60.04it/s, loss=0.9045]
Epoch 31/100:  53%|█████▎    | 40/76 [00:00<00:00, 60.04it/s, loss=0.7187]
Epoch 31/100:  53%|█████▎    | 40/76 [00:00<00:00, 60.04it/s, loss=1.0589]
Epoch 31/100:  53%|█████▎    | 40/76 [00:00<00:00, 60.04it/s, loss=0.9872]
Epoch 31/100:  53%|█████▎    | 40/76 [00:00<00:00, 60.04it/s, loss=0.9332]
Epoch 31/100:  53%|█████▎    | 40/76 [00:00<00:00, 60.04it/s, loss=0.7066]
Epoch 31/100:  62%|██████▏   | 47/76 [00:00<00:00, 60.09it/s, loss=0.7066]
Epoch 31/100:  62%|██████▏   | 47/76 [00:00<00:00, 60.09it/s, loss=0.8935]
Epoch 31/100:  62%|██████▏   | 47/76 [00:00<00:00, 60.09it/s, loss=0.9878]
Epoch 31/100:  62%|██████▏   | 47/76 [00:00<00:00, 60.09it/s, loss=1.0228]
Epoch 31/100:  62%|██████▏   | 47/76 [00:00<00:00, 60.09it/s, loss=0.8644]
Epoch 31/100:  62%|██████▏   | 47/76 [00:00<00:00, 60.09it/s, loss=1.1939]
Epoch 31/100:  62%|██████▏   | 47/76 [00:00<00:00, 60.09it/s, loss=0.8115]
Epoch 31/100:  62%|██████▏   | 47/76 [00:00<00:00, 60.09it/s, loss=0.9995]
Epoch 31/100:  71%|███████   | 54/76 [00:00<00:00, 60.12it/s, loss=0.9995]
Epoch 31/100:  71%|███████   | 54/76 [00:00<00:00, 60.12it/s, loss=1.1341]
Epoch 31/100:  71%|███████   | 54/76 [00:00<00:00, 60.12it/s, loss=1.0955]
Epoch 31/100:  71%|███████   | 54/76 [00:00<00:00, 60.12it/s, loss=1.0284]
Epoch 31/100:  71%|███████   | 54/76 [00:00<00:00, 60.12it/s, loss=0.7688]
Epoch 31/100:  71%|███████   | 54/76 [00:00<00:00, 60.12it/s, loss=0.9002]
Epoch 31/100:  71%|███████   | 54/76 [00:00<00:00, 60.12it/s, loss=1.1609]
Epoch 31/100:  71%|███████   | 54/76 [00:01<00:00, 60.12it/s, loss=0.8922]
Epoch 31/100:  80%|████████  | 61/76 [00:01<00:00, 60.16it/s, loss=0.8922]
Epoch 31/100:  80%|████████  | 61/76 [00:01<00:00, 60.16it/s, loss=1.0293]
Epoch 31/100:  80%|████████  | 61/76 [00:01<00:00, 60.16it/s, loss=1.0057]
Epoch 31/100:  80%|████████  | 61/76 [00:01<00:00, 60.16it/s, loss=0.7389]
Epoch 31/100:  80%|████████  | 61/76 [00:01<00:00, 60.16it/s, loss=0.8811]
Epoch 31/100:  80%|████████  | 61/76 [00:01<00:00, 60.16it/s, loss=1.0988]
Epoch 31/100:  80%|████████  | 61/76 [00:01<00:00, 60.16it/s, loss=0.7100]
Epoch 31/100:  80%|████████  | 61/76 [00:01<00:00, 60.16it/s, loss=0.8596]
Epoch 31/100:  89%|████████▉ | 68/76 [00:01<00:00, 57.92it/s, loss=0.8596]
Epoch 31/100:  89%|████████▉ | 68/76 [00:01<00:00, 57.92it/s, loss=0.8887]
Epoch 31/100:  89%|████████▉ | 68/76 [00:01<00:00, 57.92it/s, loss=0.9896]
Epoch 31/100:  89%|████████▉ | 68/76 [00:01<00:00, 57.92it/s, loss=1.1193]
Epoch 31/100:  89%|████████▉ | 68/76 [00:01<00:00, 57.92it/s, loss=1.0561]
Epoch 31/100:  89%|████████▉ | 68/76 [00:01<00:00, 57.92it/s, loss=1.0541]
Epoch 31/100:  89%|████████▉ | 68/76 [00:01<00:00, 57.92it/s, loss=1.0947]
Epoch 31/100:  97%|█████████▋| 74/76 [00:01<00:00, 55.87it/s, loss=1.0947]
Epoch 31/100:  97%|█████████▋| 74/76 [00:01<00:00, 55.87it/s, loss=1.1626]
Epoch 31/100:  97%|█████████▋| 74/76 [00:01<00:00, 55.87it/s, loss=0.7904]
Epoch 31/100: 100%|██████████| 76/76 [00:01<00:00, 58.62it/s, loss=0.7904]
Epoch 31/100 - avg_loss: 0.8670

Epoch 32/100:   0%|          | 0/76 [00:00<?, ?it/s]
Epoch 32/100:   0%|          | 0/76 [00:00<?, ?it/s, loss=0.6400]
Epoch 32/100:   0%|          | 0/76 [00:00<?, ?it/s, loss=0.6838]
Epoch 32/100:   0%|          | 0/76 [00:00<?, ?it/s, loss=0.7313]
Epoch 32/100:   0%|          | 0/76 [00:00<?, ?it/s, loss=0.7024]
Epoch 32/100:   0%|          | 0/76 [00:00<?, ?it/s, loss=0.9193]
Epoch 32/100:   0%|          | 0/76 [00:00<?, ?it/s, loss=0.6597]
Epoch 32/100:   8%|▊         | 6/76 [00:00<00:01, 59.03it/s, loss=0.6597]
Epoch 32/100:   8%|▊         | 6/76 [00:00<00:01, 59.03it/s, loss=0.6527]
Epoch 32/100:   8%|▊         | 6/76 [00:00<00:01, 59.03it/s, loss=0.7036]
Epoch 32/100:   8%|▊         | 6/76 [00:00<00:01, 59.03it/s, loss=0.8540]
Epoch 32/100:   8%|▊         | 6/76 [00:00<00:01, 59.03it/s, loss=0.5487]
Epoch 32/100:   8%|▊         | 6/76 [00:00<00:01, 59.03it/s, loss=0.5826]
Epoch 32/100:   8%|▊         | 6/76 [00:00<00:01, 59.03it/s, loss=0.5720]
Epoch 32/100:  16%|█▌        | 12/76 [00:00<00:01, 58.98it/s, loss=0.5720]
Epoch 32/100:  16%|█▌        | 12/76 [00:00<00:01, 58.98it/s, loss=0.7556]
Epoch 32/100:  16%|█▌        | 12/76 [00:00<00:01, 58.98it/s, loss=0.4774]
Epoch 32/100:  16%|█▌        | 12/76 [00:00<00:01, 58.98it/s, loss=0.6018]
Epoch 32/100:  16%|█▌        | 12/76 [00:00<00:01, 58.98it/s, loss=0.6654]
Epoch 32/100:  16%|█▌        | 12/76 [00:00<00:01, 58.98it/s, loss=0.9242]
Epoch 32/100:  16%|█▌        | 12/76 [00:00<00:01, 58.98it/s, loss=0.6493]
Epoch 32/100:  24%|██▎       | 18/76 [00:00<00:00, 58.98it/s, loss=0.6493]
Epoch 32/100:  24%|██▎       | 18/76 [00:00<00:00, 58.98it/s, loss=0.7434]
Epoch 32/100:  24%|██▎       | 18/76 [00:00<00:00, 58.98it/s, loss=0.7890]
Epoch 32/100:  24%|██▎       | 18/76 [00:00<00:00, 58.98it/s, loss=0.5746]
Epoch 32/100:  24%|██▎       | 18/76 [00:00<00:00, 58.98it/s, loss=0.8142]
Epoch 32/100:  24%|██▎       | 18/76 [00:00<00:00, 58.98it/s, loss=0.6402]
Epoch 32/100:  24%|██▎       | 18/76 [00:00<00:00, 58.98it/s, loss=0.8714]
Epoch 32/100:  32%|███▏      | 24/76 [00:00<00:00, 59.09it/s, loss=0.8714]
Epoch 32/100:  32%|███▏      | 24/76 [00:00<00:00, 59.09it/s, loss=0.7920]
Epoch 32/100:  32%|███▏      | 24/76 [00:00<00:00, 59.09it/s, loss=0.9727]
Epoch 32/100:  32%|███▏      | 24/76 [00:00<00:00, 59.09it/s, loss=0.5416]
Epoch 32/100:  32%|███▏      | 24/76 [00:00<00:00, 59.09it/s, loss=0.5992]
Epoch 32/100:  32%|███▏      | 24/76 [00:00<00:00, 59.09it/s, loss=0.7169]
Epoch 32/100:  32%|███▏      | 24/76 [00:00<00:00, 59.09it/s, loss=0.8699]
Epoch 32/100:  39%|███▉      | 30/76 [00:00<00:00, 59.20it/s, loss=0.8699]
Epoch 32/100:  39%|███▉      | 30/76 [00:00<00:00, 59.20it/s, loss=0.8968]
Epoch 32/100:  39%|███▉      | 30/76 [00:00<00:00, 59.20it/s, loss=0.8764]
Epoch 32/100:  39%|███▉      | 30/76 [00:00<00:00, 59.20it/s, loss=0.8620]
Epoch 32/100:  39%|███▉      | 30/76 [00:00<00:00, 59.20it/s, loss=0.8676]
Epoch 32/100:  39%|███▉      | 30/76 [00:00<00:00, 59.20it/s, loss=0.8983]
Epoch 32/100:  39%|███▉      | 30/76 [00:00<00:00, 59.20it/s, loss=0.9988]
Epoch 32/100:  47%|████▋     | 36/76 [00:00<00:00, 59.26it/s, loss=0.9988]
Epoch 32/100:  47%|████▋     | 36/76 [00:00<00:00, 59.26it/s, loss=0.9070]
Epoch 32/100:  47%|████▋     | 36/76 [00:00<00:00, 59.26it/s, loss=1.0284]
Epoch 32/100:  47%|████▋     | 36/76 [00:00<00:00, 59.26it/s, loss=0.7806]
Epoch 32/100:  47%|████▋     | 36/76 [00:00<00:00, 59.26it/s, loss=0.8215]
Epoch 32/100:  47%|████▋     | 36/76 [00:00<00:00, 59.26it/s, loss=1.1136]
Epoch 32/100:  47%|████▋     | 36/76 [00:00<00:00, 59.26it/s, loss=1.0655]
Epoch 32/100:  55%|█████▌    | 42/76 [00:00<00:00, 59.43it/s, loss=1.0655]
Epoch 32/100:  55%|█████▌    | 42/76 [00:00<00:00, 59.43it/s, loss=0.8281]
Epoch 32/100:  55%|█████▌    | 42/76 [00:00<00:00, 59.43it/s, loss=1.0325]
Epoch 32/100:  55%|█████▌    | 42/76 [00:00<00:00, 59.43it/s, loss=0.6499]
Epoch 32/100:  55%|█████▌    | 42/76 [00:00<00:00, 59.43it/s, loss=0.8242]
Epoch 32/100:  55%|█████▌    | 42/76 [00:00<00:00, 59.43it/s, loss=0.9534]
Epoch 32/100:  55%|█████▌    | 42/76 [00:00<00:00, 59.43it/s, loss=1.1720]
Epoch 32/100:  63%|██████▎   | 48/76 [00:00<00:00, 59.59it/s, loss=1.1720]
Epoch 32/100:  63%|██████▎   | 48/76 [00:00<00:00, 59.59it/s, loss=0.8174]
Epoch 32/100:  63%|██████▎   | 48/76 [00:00<00:00, 59.59it/s, loss=0.7248]
Epoch 32/100:  63%|██████▎   | 48/76 [00:00<00:00, 59.59it/s, loss=0.7717]
Epoch 32/100:  63%|██████▎   | 48/76 [00:00<00:00, 59.59it/s, loss=0.8429]
Epoch 32/100:  63%|██████▎   | 48/76 [00:00<00:00, 59.59it/s, loss=1.1842]
Epoch 32/100:  63%|██████▎   | 48/76 [00:00<00:00, 59.59it/s, loss=0.9907]
Epoch 32/100:  63%|██████▎   | 48/76 [00:00<00:00, 59.59it/s, loss=0.7501]
Epoch 32/100:  72%|███████▏  | 55/76 [00:00<00:00, 59.74it/s, loss=0.7501]
Epoch 32/100:  72%|███████▏  | 55/76 [00:00<00:00, 59.74it/s, loss=0.9786]
Epoch 32/100:  72%|███████▏  | 55/76 [00:00<00:00, 59.74it/s, loss=0.5783]
Epoch 32/100:  72%|███████▏  | 55/76 [00:00<00:00, 59.74it/s, loss=0.8642]
Epoch 32/100:  72%|███████▏  | 55/76 [00:00<00:00, 59.74it/s, loss=0.7816]
Epoch 32/100:  72%|███████▏  | 55/76 [00:01<00:00, 59.74it/s, loss=0.6251]
Epoch 32/100:  72%|███████▏  | 55/76 [00:01<00:00, 59.74it/s, loss=1.0315]
Epoch 32/100:  72%|███████▏  | 55/76 [00:01<00:00, 59.74it/s, loss=1.0893]
Epoch 32/100:  82%|████████▏ | 62/76 [00:01<00:00, 59.87it/s, loss=1.0893]
Epoch 32/100:  82%|████████▏ | 62/76 [00:01<00:00, 59.87it/s, loss=1.0441]
Epoch 32/100:  82%|████████▏ | 62/76 [00:01<00:00, 59.87it/s, loss=1.2048]
Epoch 32/100:  82%|████████▏ | 62/76 [00:01<00:00, 59.87it/s, loss=0.7345]
Epoch 32/100:  82%|████████▏ | 62/76 [00:01<00:00, 59.87it/s, loss=0.9445]
Epoch 32/100:  82%|████████▏ | 62/76 [00:01<00:00, 59.87it/s, loss=1.2684]
Epoch 32/100:  82%|████████▏ | 62/76 [00:01<00:00, 59.87it/s, loss=1.1030]
Epoch 32/100:  89%|████████▉ | 68/76 [00:01<00:00, 59.88it/s, loss=1.1030]
Epoch 32/100:  89%|████████▉ | 68/76 [00:01<00:00, 59.88it/s, loss=1.1230]
Epoch 32/100:  89%|████████▉ | 68/76 [00:01<00:00, 59.88it/s, loss=0.8243]
Epoch 32/100:  89%|████████▉ | 68/76 [00:01<00:00, 59.88it/s, loss=1.0546]
Epoch 32/100:  89%|████████▉ | 68/76 [00:01<00:00, 59.88it/s, loss=1.1600]
Epoch 32/100:  89%|████████▉ | 68/76 [00:01<00:00, 59.88it/s, loss=0.8331]
Epoch 32/100:  89%|████████▉ | 68/76 [00:01<00:00, 59.88it/s, loss=0.8559]
Epoch 32/100:  89%|████████▉ | 68/76 [00:01<00:00, 59.88it/s, loss=0.9702]
Epoch 32/100:  99%|█████████▊| 75/76 [00:01<00:00, 59.93it/s, loss=0.9702]
Epoch 32/100:  99%|█████████▊| 75/76 [00:01<00:00, 59.93it/s, loss=1.0418]
Epoch 32/100: 100%|██████████| 76/76 [00:01<00:00, 59.60it/s, loss=1.0418]
Epoch 32/100 - avg_loss: 0.8423

Epoch 33/100:   0%|          | 0/76 [00:00<?, ?it/s]
Epoch 33/100:   0%|          | 0/76 [00:00<?, ?it/s, loss=0.5599]
Epoch 33/100:   0%|          | 0/76 [00:00<?, ?it/s, loss=0.8016]
Epoch 33/100:   0%|          | 0/76 [00:00<?, ?it/s, loss=0.5137]
Epoch 33/100:   0%|          | 0/76 [00:00<?, ?it/s, loss=0.5515]
Epoch 33/100:   0%|          | 0/76 [00:00<?, ?it/s, loss=0.7914]
Epoch 33/100:   0%|          | 0/76 [00:00<?, ?it/s, loss=0.5461]
Epoch 33/100:   0%|          | 0/76 [00:00<?, ?it/s, loss=0.7373]
Epoch 33/100:   9%|▉         | 7/76 [00:00<00:01, 60.22it/s, loss=0.7373]
Epoch 33/100:   9%|▉         | 7/76 [00:00<00:01, 60.22it/s, loss=0.6461]
Epoch 33/100:   9%|▉         | 7/76 [00:00<00:01, 60.22it/s, loss=0.7718]
Epoch 33/100:   9%|▉         | 7/76 [00:00<00:01, 60.22it/s, loss=0.7803]
Epoch 33/100:   9%|▉         | 7/76 [00:00<00:01, 60.22it/s, loss=0.6558]
Epoch 33/100:   9%|▉         | 7/76 [00:00<00:01, 60.22it/s, loss=0.6195]
Epoch 33/100:   9%|▉         | 7/76 [00:00<00:01, 60.22it/s, loss=0.6418]
Epoch 33/100:   9%|▉         | 7/76 [00:00<00:01, 60.22it/s, loss=0.8165]
Epoch 33/100:  18%|█▊        | 14/76 [00:00<00:01, 60.13it/s, loss=0.8165]
Epoch 33/100:  18%|█▊        | 14/76 [00:00<00:01, 60.13it/s, loss=0.6720]
Epoch 33/100:  18%|█▊        | 14/76 [00:00<00:01, 60.13it/s, loss=0.6553]
Epoch 33/100:  18%|█▊        | 14/76 [00:00<00:01, 60.13it/s, loss=0.8327]
Epoch 33/100:  18%|█▊        | 14/76 [00:00<00:01, 60.13it/s, loss=0.8617]
Epoch 33/100:  18%|█▊        | 14/76 [00:00<00:01, 60.13it/s, loss=0.8720]
Epoch 33/100:  18%|█▊        | 14/76 [00:00<00:01, 60.13it/s, loss=0.6671]
Epoch 33/100:  18%|█▊        | 14/76 [00:00<00:01, 60.13it/s, loss=0.6575]
Epoch 33/100:  28%|██▊       | 21/76 [00:00<00:00, 60.06it/s, loss=0.6575]
Epoch 33/100:  28%|██▊       | 21/76 [00:00<00:00, 60.06it/s, loss=0.8422]
Epoch 33/100:  28%|██▊       | 21/76 [00:00<00:00, 60.06it/s, loss=0.8649]
Epoch 33/100:  28%|██▊       | 21/76 [00:00<00:00, 60.06it/s, loss=0.6327]
Epoch 33/100:  28%|██▊       | 21/76 [00:00<00:00, 60.06it/s, loss=0.9172]
Epoch 33/100:  28%|██▊       | 21/76 [00:00<00:00, 60.06it/s, loss=0.8955]
Epoch 33/100:  28%|██▊       | 21/76 [00:00<00:00, 60.06it/s, loss=0.9933]
Epoch 33/100:  28%|██▊       | 21/76 [00:00<00:00, 60.06it/s, loss=0.9346]
Epoch 33/100:  37%|███▋      | 28/76 [00:00<00:00, 60.06it/s, loss=0.9346]
Epoch 33/100:  37%|███▋      | 28/76 [00:00<00:00, 60.06it/s, loss=0.7212]
Epoch 33/100:  37%|███▋      | 28/76 [00:00<00:00, 60.06it/s, loss=0.8318]
Epoch 33/100:  37%|███▋      | 28/76 [00:00<00:00, 60.06it/s, loss=0.9009]
Epoch 33/100:  37%|███▋      | 28/76 [00:00<00:00, 60.06it/s, loss=0.7430]
Epoch 33/100:  37%|███▋      | 28/76 [00:00<00:00, 60.06it/s, loss=0.9987]
Epoch 33/100:  37%|███▋      | 28/76 [00:00<00:00, 60.06it/s, loss=0.8877]
Epoch 33/100:  37%|███▋      | 28/76 [00:00<00:00, 60.06it/s, loss=0.8811]
Epoch 33/100:  46%|████▌     | 35/76 [00:00<00:00, 60.08it/s, loss=0.8811]
Epoch 33/100:  46%|████▌     | 35/76 [00:00<00:00, 60.08it/s, loss=0.9772]
Epoch 33/100:  46%|████▌     | 35/76 [00:00<00:00, 60.08it/s, loss=0.7614]
Epoch 33/100:  46%|████▌     | 35/76 [00:00<00:00, 60.08it/s, loss=0.8582]
Epoch 33/100:  46%|████▌     | 35/76 [00:00<00:00, 60.08it/s, loss=0.9358]
Epoch 33/100:  46%|████▌     | 35/76 [00:00<00:00, 60.08it/s, loss=0.6300]
Epoch 33/100:  46%|████▌     | 35/76 [00:00<00:00, 60.08it/s, loss=0.9631]
Epoch 33/100:  46%|████▌     | 35/76 [00:00<00:00, 60.08it/s, loss=0.8185]
Epoch 33/100:  55%|█████▌    | 42/76 [00:00<00:00, 60.04it/s, loss=0.8185]
Epoch 33/100:  55%|█████▌    | 42/76 [00:00<00:00, 60.04it/s, loss=0.7165]
Epoch 33/100:  55%|█████▌    | 42/76 [00:00<00:00, 60.04it/s, loss=0.8810]
Epoch 33/100:  55%|█████▌    | 42/76 [00:00<00:00, 60.04it/s, loss=0.6996]
Epoch 33/100:  55%|█████▌    | 42/76 [00:00<00:00, 60.04it/s, loss=0.9049]
Epoch 33/100:  55%|█████▌    | 42/76 [00:00<00:00, 60.04it/s, loss=0.7494]
Epoch 33/100:  55%|█████▌    | 42/76 [00:00<00:00, 60.04it/s, loss=0.8521]
Epoch 33/100:  55%|█████▌    | 42/76 [00:00<00:00, 60.04it/s, loss=0.6273]
Epoch 33/100:  64%|██████▍   | 49/76 [00:00<00:00, 59.97it/s, loss=0.6273]
Epoch 33/100:  64%|██████▍   | 49/76 [00:00<00:00, 59.97it/s, loss=0.7191]
Epoch 33/100:  64%|██████▍   | 49/76 [00:00<00:00, 59.97it/s, loss=0.8942]
Epoch 33/100:  64%|██████▍   | 49/76 [00:00<00:00, 59.97it/s, loss=0.9457]
Epoch 33/100:  64%|██████▍   | 49/76 [00:00<00:00, 59.97it/s, loss=0.8847]
Epoch 33/100:  64%|██████▍   | 49/76 [00:00<00:00, 59.97it/s, loss=0.8875]
Epoch 33/100:  64%|██████▍   | 49/76 [00:00<00:00, 59.97it/s, loss=0.7042]
Epoch 33/100:  64%|██████▍   | 49/76 [00:00<00:00, 59.97it/s, loss=1.0625]
Epoch 33/100:  74%|███████▎  | 56/76 [00:00<00:00, 59.99it/s, loss=1.0625]
Epoch 33/100:  74%|███████▎  | 56/76 [00:00<00:00, 59.99it/s, loss=0.8744]
Epoch 33/100:  74%|███████▎  | 56/76 [00:00<00:00, 59.99it/s, loss=1.2350]
Epoch 33/100:  74%|███████▎  | 56/76 [00:00<00:00, 59.99it/s, loss=0.8382]
Epoch 33/100:  74%|███████▎  | 56/76 [00:00<00:00, 59.99it/s, loss=1.1790]
Epoch 33/100:  74%|███████▎  | 56/76 [00:01<00:00, 59.99it/s, loss=0.8751]
Epoch 33/100:  74%|███████▎  | 56/76 [00:01<00:00, 59.99it/s, loss=0.8608]
Epoch 33/100:  74%|███████▎  | 56/76 [00:01<00:00, 59.99it/s, loss=0.7330]
Epoch 33/100:  83%|████████▎ | 63/76 [00:01<00:00, 60.01it/s, loss=0.7330]
Epoch 33/100:  83%|████████▎ | 63/76 [00:01<00:00, 60.01it/s, loss=0.9053]
Epoch 33/100:  83%|████████▎ | 63/76 [00:01<00:00, 60.01it/s, loss=0.9197]
Epoch 33/100:  83%|████████▎ | 63/76 [00:01<00:00, 60.01it/s, loss=0.6837]
Epoch 33/100:  83%|████████▎ | 63/76 [00:01<00:00, 60.01it/s, loss=0.9602]
Epoch 33/100:  83%|████████▎ | 63/76 [00:01<00:00, 60.01it/s, loss=1.1987]
Epoch 33/100:  83%|████████▎ | 63/76 [00:01<00:00, 60.01it/s, loss=0.9977]
Epoch 33/100:  83%|████████▎ | 63/76 [00:01<00:00, 60.01it/s, loss=0.8531]
Epoch 33/100:  92%|█████████▏| 70/76 [00:01<00:00, 60.04it/s, loss=0.8531]
Epoch 33/100:  92%|█████████▏| 70/76 [00:01<00:00, 60.04it/s, loss=0.7756]
Epoch 33/100:  92%|█████████▏| 70/76 [00:01<00:00, 60.04it/s, loss=0.9705]
Epoch 33/100:  92%|█████████▏| 70/76 [00:01<00:00, 60.04it/s, loss=1.1242]
Epoch 33/100:  92%|█████████▏| 70/76 [00:01<00:00, 60.04it/s, loss=0.9598]
Epoch 33/100:  92%|█████████▏| 70/76 [00:01<00:00, 60.04it/s, loss=1.1954]
Epoch 33/100:  92%|█████████▏| 70/76 [00:01<00:00, 60.04it/s, loss=1.0001]
Epoch 33/100: 100%|██████████| 76/76 [00:01<00:00, 60.05it/s, loss=1.0001]
Epoch 33/100 - avg_loss: 0.8330

Epoch 34/100:   0%|          | 0/76 [00:00<?, ?it/s]
Epoch 34/100:   0%|          | 0/76 [00:00<?, ?it/s, loss=0.6926]
Epoch 34/100:   0%|          | 0/76 [00:00<?, ?it/s, loss=0.7187]
Epoch 34/100:   0%|          | 0/76 [00:00<?, ?it/s, loss=0.5092]
Epoch 34/100:   0%|          | 0/76 [00:00<?, ?it/s, loss=0.5945]
Epoch 34/100:   0%|          | 0/76 [00:00<?, ?it/s, loss=0.7187]
Epoch 34/100:   0%|          | 0/76 [00:00<?, ?it/s, loss=0.6605]
Epoch 34/100:   8%|▊         | 6/76 [00:00<00:01, 59.73it/s, loss=0.6605]
Epoch 34/100:   8%|▊         | 6/76 [00:00<00:01, 59.73it/s, loss=0.5291]
Epoch 34/100:   8%|▊         | 6/76 [00:00<00:01, 59.73it/s, loss=0.8595]
Epoch 34/100:   8%|▊         | 6/76 [00:00<00:01, 59.73it/s, loss=0.5745]
Epoch 34/100:   8%|▊         | 6/76 [00:00<00:01, 59.73it/s, loss=0.6471]
Epoch 34/100:   8%|▊         | 6/76 [00:00<00:01, 59.73it/s, loss=0.7037]
Epoch 34/100:   8%|▊         | 6/76 [00:00<00:01, 59.73it/s, loss=0.6536]
Epoch 34/100:  16%|█▌        | 12/76 [00:00<00:01, 59.81it/s, loss=0.6536]
Epoch 34/100:  16%|█▌        | 12/76 [00:00<00:01, 59.81it/s, loss=0.5888]
Epoch 34/100:  16%|█▌        | 12/76 [00:00<00:01, 59.81it/s, loss=0.6975]
Epoch 34/100:  16%|█▌        | 12/76 [00:00<00:01, 59.81it/s, loss=0.9489]
Epoch 34/100:  16%|█▌        | 12/76 [00:00<00:01, 59.81it/s, loss=0.7478]
Epoch 34/100:  16%|█▌        | 12/76 [00:00<00:01, 59.81it/s, loss=0.4982]
Epoch 34/100:  16%|█▌        | 12/76 [00:00<00:01, 59.81it/s, loss=0.6797]
Epoch 34/100:  16%|█▌        | 12/76 [00:00<00:01, 59.81it/s, loss=0.5796]
Epoch 34/100:  25%|██▌       | 19/76 [00:00<00:00, 59.99it/s, loss=0.5796]
Epoch 34/100:  25%|██▌       | 19/76 [00:00<00:00, 59.99it/s, loss=0.6806]
Epoch 34/100:  25%|██▌       | 19/76 [00:00<00:00, 59.99it/s, loss=0.8070]
Epoch 34/100:  25%|██▌       | 19/76 [00:00<00:00, 59.99it/s, loss=0.6925]
Epoch 34/100:  25%|██▌       | 19/76 [00:00<00:00, 59.99it/s, loss=0.8123]
Epoch 34/100:  25%|██▌       | 19/76 [00:00<00:00, 59.99it/s, loss=0.6869]
Epoch 34/100:  25%|██▌       | 19/76 [00:00<00:00, 59.99it/s, loss=0.8847]
Epoch 34/100:  25%|██▌       | 19/76 [00:00<00:00, 59.99it/s, loss=0.6354]
Epoch 34/100:  34%|███▍      | 26/76 [00:00<00:00, 60.01it/s, loss=0.6354]
Epoch 34/100:  34%|███▍      | 26/76 [00:00<00:00, 60.01it/s, loss=0.8158]
Epoch 34/100:  34%|███▍      | 26/76 [00:00<00:00, 60.01it/s, loss=0.6617]
Epoch 34/100:  34%|███▍      | 26/76 [00:00<00:00, 60.01it/s, loss=1.2082]
Epoch 34/100:  34%|███▍      | 26/76 [00:00<00:00, 60.01it/s, loss=0.9144]
Epoch 34/100:  34%|███▍      | 26/76 [00:00<00:00, 60.01it/s, loss=0.7652]
Epoch 34/100:  34%|███▍      | 26/76 [00:00<00:00, 60.01it/s, loss=0.8439]
Epoch 34/100:  34%|███▍      | 26/76 [00:00<00:00, 60.01it/s, loss=0.7848]
Epoch 34/100:  43%|████▎     | 33/76 [00:00<00:00, 59.97it/s, loss=0.7848]
Epoch 34/100:  43%|████▎     | 33/76 [00:00<00:00, 59.97it/s, loss=0.8376]
Epoch 34/100:  43%|████▎     | 33/76 [00:00<00:00, 59.97it/s, loss=0.9934]
Epoch 34/100:  43%|████▎     | 33/76 [00:00<00:00, 59.97it/s, loss=0.7735]
Epoch 34/100:  43%|████▎     | 33/76 [00:00<00:00, 59.97it/s, loss=0.9344]
Epoch 34/100:  43%|████▎     | 33/76 [00:00<00:00, 59.97it/s, loss=0.7740]
Epoch 34/100:  43%|████▎     | 33/76 [00:00<00:00, 59.97it/s, loss=0.8140]
Epoch 34/100:  43%|████▎     | 33/76 [00:00<00:00, 59.97it/s, loss=0.8739]
Epoch 34/100:  53%|█████▎    | 40/76 [00:00<00:00, 60.01it/s, loss=0.8739]
Epoch 34/100:  53%|█████▎    | 40/76 [00:00<00:00, 60.01it/s, loss=0.6511]
Epoch 34/100:  53%|█████▎    | 40/76 [00:00<00:00, 60.01it/s, loss=0.9896]
Epoch 34/100:  53%|█████▎    | 40/76 [00:00<00:00, 60.01it/s, loss=0.8770]
Epoch 34/100:  53%|█████▎    | 40/76 [00:00<00:00, 60.01it/s, loss=0.6652]
Epoch 34/100:  53%|█████▎    | 40/76 [00:00<00:00, 60.01it/s, loss=0.7902]
Epoch 34/100:  53%|█████▎    | 40/76 [00:00<00:00, 60.01it/s, loss=0.9777]
Epoch 34/100:  53%|█████▎    | 40/76 [00:00<00:00, 60.01it/s, loss=0.7951]
Epoch 34/100:  62%|██████▏   | 47/76 [00:00<00:00, 60.04it/s, loss=0.7951]
Epoch 34/100:  62%|██████▏   | 47/76 [00:00<00:00, 60.04it/s, loss=0.7951]
Epoch 34/100:  62%|██████▏   | 47/76 [00:00<00:00, 60.04it/s, loss=0.9769]
Epoch 34/100:  62%|██████▏   | 47/76 [00:00<00:00, 60.04it/s, loss=0.6896]
Epoch 34/100:  62%|██████▏   | 47/76 [00:00<00:00, 60.04it/s, loss=0.7806]
Epoch 34/100:  62%|██████▏   | 47/76 [00:00<00:00, 60.04it/s, loss=0.9274]
Epoch 34/100:  62%|██████▏   | 47/76 [00:00<00:00, 60.04it/s, loss=0.8398]
Epoch 34/100:  62%|██████▏   | 47/76 [00:00<00:00, 60.04it/s, loss=0.8141]
Epoch 34/100:  71%|███████   | 54/76 [00:00<00:00, 60.07it/s, loss=0.8141]
Epoch 34/100:  71%|███████   | 54/76 [00:00<00:00, 60.07it/s, loss=0.8794]
Epoch 34/100:  71%|███████   | 54/76 [00:00<00:00, 60.07it/s, loss=1.0409]
Epoch 34/100:  71%|███████   | 54/76 [00:00<00:00, 60.07it/s, loss=0.6646]
Epoch 34/100:  71%|███████   | 54/76 [00:00<00:00, 60.07it/s, loss=0.7897]
Epoch 34/100:  71%|███████   | 54/76 [00:00<00:00, 60.07it/s, loss=1.0045]
Epoch 34/100:  71%|███████   | 54/76 [00:00<00:00, 60.07it/s, loss=1.0220]
Epoch 34/100:  71%|███████   | 54/76 [00:01<00:00, 60.07it/s, loss=0.9308]
Epoch 34/100:  80%|████████  | 61/76 [00:01<00:00, 59.70it/s, loss=0.9308]
Epoch 34/100:  80%|████████  | 61/76 [00:01<00:00, 59.70it/s, loss=1.0512]
Epoch 34/100:  80%|████████  | 61/76 [00:01<00:00, 59.70it/s, loss=0.9492]
Epoch 34/100:  80%|████████  | 61/76 [00:01<00:00, 59.70it/s, loss=0.8975]
Epoch 34/100:  80%|████████  | 61/76 [00:01<00:00, 59.70it/s, loss=1.1692]
Epoch 34/100:  80%|████████  | 61/76 [00:01<00:00, 59.70it/s, loss=0.8694]
Epoch 34/100:  80%|████████  | 61/76 [00:01<00:00, 59.70it/s, loss=0.7563]
Epoch 34/100:  80%|████████  | 61/76 [00:01<00:00, 59.70it/s, loss=0.9727]
Epoch 34/100:  89%|████████▉ | 68/76 [00:01<00:00, 60.18it/s, loss=0.9727]
Epoch 34/100:  89%|████████▉ | 68/76 [00:01<00:00, 60.18it/s, loss=0.9002]
Epoch 34/100:  89%|████████▉ | 68/76 [00:01<00:00, 60.18it/s, loss=1.1971]
Epoch 34/100:  89%|████████▉ | 68/76 [00:01<00:00, 60.18it/s, loss=0.8038]
Epoch 34/100:  89%|████████▉ | 68/76 [00:01<00:00, 60.18it/s, loss=0.6098]
Epoch 34/100:  89%|████████▉ | 68/76 [00:01<00:00, 60.18it/s, loss=0.7953]
Epoch 34/100:  89%|████████▉ | 68/76 [00:01<00:00, 60.18it/s, loss=0.9594]
Epoch 34/100:  89%|████████▉ | 68/76 [00:01<00:00, 60.18it/s, loss=0.9680]
Epoch 34/100:  99%|█████████▊| 75/76 [00:01<00:00, 60.18it/s, loss=0.9680]
Epoch 34/100:  99%|█████████▊| 75/76 [00:01<00:00, 60.18it/s, loss=0.8811]
Epoch 34/100: 100%|██████████| 76/76 [00:01<00:00, 60.05it/s, loss=0.8811]
Epoch 34/100 - avg_loss: 0.8089

Epoch 35/100:   0%|          | 0/76 [00:00<?, ?it/s]
Epoch 35/100:   0%|          | 0/76 [00:00<?, ?it/s, loss=0.8005]
Epoch 35/100:   0%|          | 0/76 [00:00<?, ?it/s, loss=0.9127]
Epoch 35/100:   0%|          | 0/76 [00:00<?, ?it/s, loss=0.5438]
Epoch 35/100:   0%|          | 0/76 [00:00<?, ?it/s, loss=0.7051]
Epoch 35/100:   0%|          | 0/76 [00:00<?, ?it/s, loss=0.7063]
Epoch 35/100:   0%|          | 0/76 [00:00<?, ?it/s, loss=0.5797]
Epoch 35/100:   0%|          | 0/76 [00:00<?, ?it/s, loss=0.6931]
Epoch 35/100:   9%|▉         | 7/76 [00:00<00:01, 60.29it/s, loss=0.6931]
Epoch 35/100:   9%|▉         | 7/76 [00:00<00:01, 60.29it/s, loss=0.6788]
Epoch 35/100:   9%|▉         | 7/76 [00:00<00:01, 60.29it/s, loss=0.8878]
Epoch 35/100:   9%|▉         | 7/76 [00:00<00:01, 60.29it/s, loss=0.6821]
Epoch 35/100:   9%|▉         | 7/76 [00:00<00:01, 60.29it/s, loss=0.7278]
Epoch 35/100:   9%|▉         | 7/76 [00:00<00:01, 60.29it/s, loss=0.6873]
Epoch 35/100:   9%|▉         | 7/76 [00:00<00:01, 60.29it/s, loss=0.6931]
Epoch 35/100:   9%|▉         | 7/76 [00:00<00:01, 60.29it/s, loss=0.6648]
Epoch 35/100:  18%|█▊        | 14/76 [00:00<00:01, 60.19it/s, loss=0.6648]
Epoch 35/100:  18%|█▊        | 14/76 [00:00<00:01, 60.19it/s, loss=0.8198]
Epoch 35/100:  18%|█▊        | 14/76 [00:00<00:01, 60.19it/s, loss=0.8801]
Epoch 35/100:  18%|█▊        | 14/76 [00:00<00:01, 60.19it/s, loss=0.7853]
Epoch 35/100:  18%|█▊        | 14/76 [00:00<00:01, 60.19it/s, loss=0.7887]
Epoch 35/100:  18%|█▊        | 14/76 [00:00<00:01, 60.19it/s, loss=0.6032]
Epoch 35/100:  18%|█▊        | 14/76 [00:00<00:01, 60.19it/s, loss=0.7850]
Epoch 35/100:  18%|█▊        | 14/76 [00:00<00:01, 60.19it/s, loss=0.7705]
Epoch 35/100:  28%|██▊       | 21/76 [00:00<00:00, 59.89it/s, loss=0.7705]
Epoch 35/100:  28%|██▊       | 21/76 [00:00<00:00, 59.89it/s, loss=0.5315]
Epoch 35/100:  28%|██▊       | 21/76 [00:00<00:00, 59.89it/s, loss=0.7532]
Epoch 35/100:  28%|██▊       | 21/76 [00:00<00:00, 59.89it/s, loss=0.7986]
Epoch 35/100:  28%|██▊       | 21/76 [00:00<00:00, 59.89it/s, loss=0.8606]
Epoch 35/100:  28%|██▊       | 21/76 [00:00<00:00, 59.89it/s, loss=0.7547]
Epoch 35/100:  28%|██▊       | 21/76 [00:00<00:00, 59.89it/s, loss=0.8919]
Epoch 35/100:  28%|██▊       | 21/76 [00:00<00:00, 59.89it/s, loss=0.7833]
Epoch 35/100:  37%|███▋      | 28/76 [00:00<00:00, 59.98it/s, loss=0.7833]
Epoch 35/100:  37%|███▋      | 28/76 [00:00<00:00, 59.98it/s, loss=0.7106]
Epoch 35/100:  37%|███▋      | 28/76 [00:00<00:00, 59.98it/s, loss=0.7868]
Epoch 35/100:  37%|███▋      | 28/76 [00:00<00:00, 59.98it/s, loss=1.0305]
Epoch 35/100:  37%|███▋      | 28/76 [00:00<00:00, 59.98it/s, loss=0.9240]
Epoch 35/100:  37%|███▋      | 28/76 [00:00<00:00, 59.98it/s, loss=0.9654]
Epoch 35/100:  37%|███▋      | 28/76 [00:00<00:00, 59.98it/s, loss=0.7377]
Epoch 35/100:  37%|███▋      | 28/76 [00:00<00:00, 59.98it/s, loss=0.5704]
Epoch 35/100:  46%|████▌     | 35/76 [00:00<00:00, 60.02it/s, loss=0.5704]
Epoch 35/100:  46%|████▌     | 35/76 [00:00<00:00, 60.02it/s, loss=0.6829]
Epoch 35/100:  46%|████▌     | 35/76 [00:00<00:00, 60.02it/s, loss=0.8502]
Epoch 35/100:  46%|████▌     | 35/76 [00:00<00:00, 60.02it/s, loss=0.6833]
Epoch 35/100:  46%|████▌     | 35/76 [00:00<00:00, 60.02it/s, loss=0.7204]
Epoch 35/100:  46%|████▌     | 35/76 [00:00<00:00, 60.02it/s, loss=0.4874]
Epoch 35/100:  46%|████▌     | 35/76 [00:00<00:00, 60.02it/s, loss=0.7981]
Epoch 35/100:  46%|████▌     | 35/76 [00:00<00:00, 60.02it/s, loss=0.6023]
Epoch 35/100:  55%|█████▌    | 42/76 [00:00<00:00, 60.07it/s, loss=0.6023]
Epoch 35/100:  55%|█████▌    | 42/76 [00:00<00:00, 60.07it/s, loss=0.8172]
Epoch 35/100:  55%|█████▌    | 42/76 [00:00<00:00, 60.07it/s, loss=0.8893]
Epoch 35/100:  55%|█████▌    | 42/76 [00:00<00:00, 60.07it/s, loss=0.6440]
Epoch 35/100:  55%|█████▌    | 42/76 [00:00<00:00, 60.07it/s, loss=0.7893]
Epoch 35/100:  55%|█████▌    | 42/76 [00:00<00:00, 60.07it/s, loss=0.8203]
Epoch 35/100:  55%|█████▌    | 42/76 [00:00<00:00, 60.07it/s, loss=0.8354]
Epoch 35/100:  55%|█████▌    | 42/76 [00:00<00:00, 60.07it/s, loss=0.9263]
Epoch 35/100:  64%|██████▍   | 49/76 [00:00<00:00, 60.06it/s, loss=0.9263]
Epoch 35/100:  64%|██████▍   | 49/76 [00:00<00:00, 60.06it/s, loss=0.8344]
Epoch 35/100:  64%|██████▍   | 49/76 [00:00<00:00, 60.06it/s, loss=0.8103]
Epoch 35/100:  64%|██████▍   | 49/76 [00:00<00:00, 60.06it/s, loss=0.9147]
Epoch 35/100:  64%|██████▍   | 49/76 [00:00<00:00, 60.06it/s, loss=0.9932]
Epoch 35/100:  64%|██████▍   | 49/76 [00:00<00:00, 60.06it/s, loss=0.8221]
Epoch 35/100:  64%|██████▍   | 49/76 [00:00<00:00, 60.06it/s, loss=0.5629]
Epoch 35/100:  64%|██████▍   | 49/76 [00:00<00:00, 60.06it/s, loss=0.9843]
Epoch 35/100:  74%|███████▎  | 56/76 [00:00<00:00, 60.11it/s, loss=0.9843]
Epoch 35/100:  74%|███████▎  | 56/76 [00:00<00:00, 60.11it/s, loss=0.8513]
Epoch 35/100:  74%|███████▎  | 56/76 [00:00<00:00, 60.11it/s, loss=1.1540]
Epoch 35/100:  74%|███████▎  | 56/76 [00:00<00:00, 60.11it/s, loss=0.8905]
Epoch 35/100:  74%|███████▎  | 56/76 [00:00<00:00, 60.11it/s, loss=0.7872]
Epoch 35/100:  74%|███████▎  | 56/76 [00:01<00:00, 60.11it/s, loss=0.7756]
Epoch 35/100:  74%|███████▎  | 56/76 [00:01<00:00, 60.11it/s, loss=0.9919]
Epoch 35/100:  74%|███████▎  | 56/76 [00:01<00:00, 60.11it/s, loss=0.8263]
Epoch 35/100:  83%|████████▎ | 63/76 [00:01<00:00, 60.14it/s, loss=0.8263]
Epoch 35/100:  83%|████████▎ | 63/76 [00:01<00:00, 60.14it/s, loss=0.7318]
Epoch 35/100:  83%|████████▎ | 63/76 [00:01<00:00, 60.14it/s, loss=0.7984]
Epoch 35/100:  83%|████████▎ | 63/76 [00:01<00:00, 60.14it/s, loss=0.9323]
Epoch 35/100:  83%|████████▎ | 63/76 [00:01<00:00, 60.14it/s, loss=0.8232]
Epoch 35/100:  83%|████████▎ | 63/76 [00:01<00:00, 60.14it/s, loss=0.8064]
Epoch 35/100:  83%|████████▎ | 63/76 [00:01<00:00, 60.14it/s, loss=0.7272]
Epoch 35/100:  83%|████████▎ | 63/76 [00:01<00:00, 60.14it/s, loss=1.1385]
Epoch 35/100:  92%|█████████▏| 70/76 [00:01<00:00, 60.13it/s, loss=1.1385]
Epoch 35/100:  92%|█████████▏| 70/76 [00:01<00:00, 60.13it/s, loss=1.0263]
Epoch 35/100:  92%|█████████▏| 70/76 [00:01<00:00, 60.13it/s, loss=0.8399]
Epoch 35/100:  92%|█████████▏| 70/76 [00:01<00:00, 60.13it/s, loss=1.0252]
Epoch 35/100:  92%|█████████▏| 70/76 [00:01<00:00, 60.13it/s, loss=1.0054]
Epoch 35/100:  92%|█████████▏| 70/76 [00:01<00:00, 60.13it/s, loss=0.6756]
Epoch 35/100:  92%|█████████▏| 70/76 [00:01<00:00, 60.13it/s, loss=0.7610]
Epoch 35/100: 100%|██████████| 76/76 [00:01<00:00, 60.04it/s, loss=0.7610]
Epoch 35/100 - avg_loss: 0.7965

Epoch 36/100:   0%|          | 0/76 [00:00<?, ?it/s]
Epoch 36/100:   0%|          | 0/76 [00:00<?, ?it/s, loss=0.8198]
Epoch 36/100:   0%|          | 0/76 [00:00<?, ?it/s, loss=0.6077]
Epoch 36/100:   0%|          | 0/76 [00:00<?, ?it/s, loss=0.5693]
Epoch 36/100:   0%|          | 0/76 [00:00<?, ?it/s, loss=0.5545]
Epoch 36/100:   0%|          | 0/76 [00:00<?, ?it/s, loss=0.6394]
Epoch 36/100:   0%|          | 0/76 [00:00<?, ?it/s, loss=0.5618]
Epoch 36/100:   0%|          | 0/76 [00:00<?, ?it/s, loss=0.6192]
Epoch 36/100:   9%|▉         | 7/76 [00:00<00:01, 60.26it/s, loss=0.6192]
Epoch 36/100:   9%|▉         | 7/76 [00:00<00:01, 60.26it/s, loss=0.5965]
Epoch 36/100:   9%|▉         | 7/76 [00:00<00:01, 60.26it/s, loss=0.4809]
Epoch 36/100:   9%|▉         | 7/76 [00:00<00:01, 60.26it/s, loss=0.6883]
Epoch 36/100:   9%|▉         | 7/76 [00:00<00:01, 60.26it/s, loss=0.6472]
Epoch 36/100:   9%|▉         | 7/76 [00:00<00:01, 60.26it/s, loss=0.8870]
Epoch 36/100:   9%|▉         | 7/76 [00:00<00:01, 60.26it/s, loss=0.6518]
Epoch 36/100:   9%|▉         | 7/76 [00:00<00:01, 60.26it/s, loss=0.6442]
Epoch 36/100:  18%|█▊        | 14/76 [00:00<00:01, 60.09it/s, loss=0.6442]
Epoch 36/100:  18%|█▊        | 14/76 [00:00<00:01, 60.09it/s, loss=0.6518]
Epoch 36/100:  18%|█▊        | 14/76 [00:00<00:01, 60.09it/s, loss=0.4457]
Epoch 36/100:  18%|█▊        | 14/76 [00:00<00:01, 60.09it/s, loss=0.5094]
Epoch 36/100:  18%|█▊        | 14/76 [00:00<00:01, 60.09it/s, loss=0.6881]
Epoch 36/100:  18%|█▊        | 14/76 [00:00<00:01, 60.09it/s, loss=0.5905]
Epoch 36/100:  18%|█▊        | 14/76 [00:00<00:01, 60.09it/s, loss=0.6025]
Epoch 36/100:  18%|█▊        | 14/76 [00:00<00:01, 60.09it/s, loss=0.7273]
Epoch 36/100:  28%|██▊       | 21/76 [00:00<00:00, 59.78it/s, loss=0.7273]
Epoch 36/100:  28%|██▊       | 21/76 [00:00<00:00, 59.78it/s, loss=0.6141]
Epoch 36/100:  28%|██▊       | 21/76 [00:00<00:00, 59.78it/s, loss=0.6499]
Epoch 36/100:  28%|██▊       | 21/76 [00:00<00:00, 59.78it/s, loss=0.9865]
Epoch 36/100:  28%|██▊       | 21/76 [00:00<00:00, 59.78it/s, loss=0.8496]
Epoch 36/100:  28%|██▊       | 21/76 [00:00<00:00, 59.78it/s, loss=0.8413]
Epoch 36/100:  28%|██▊       | 21/76 [00:00<00:00, 59.78it/s, loss=0.6132]
Epoch 36/100:  28%|██▊       | 21/76 [00:00<00:00, 59.78it/s, loss=0.7823]
Epoch 36/100:  37%|███▋      | 28/76 [00:00<00:00, 59.91it/s, loss=0.7823]
Epoch 36/100:  37%|███▋      | 28/76 [00:00<00:00, 59.91it/s, loss=0.8053]
Epoch 36/100:  37%|███▋      | 28/76 [00:00<00:00, 59.91it/s, loss=0.7869]
Epoch 36/100:  37%|███▋      | 28/76 [00:00<00:00, 59.91it/s, loss=0.8811]
Epoch 36/100:  37%|███▋      | 28/76 [00:00<00:00, 59.91it/s, loss=0.7774]
Epoch 36/100:  37%|███▋      | 28/76 [00:00<00:00, 59.91it/s, loss=1.0748]
Epoch 36/100:  37%|███▋      | 28/76 [00:00<00:00, 59.91it/s, loss=0.6803]
Epoch 36/100:  45%|████▍     | 34/76 [00:00<00:00, 59.89it/s, loss=0.6803]
Epoch 36/100:  45%|████▍     | 34/76 [00:00<00:00, 59.89it/s, loss=0.9779]
Epoch 36/100:  45%|████▍     | 34/76 [00:00<00:00, 59.89it/s, loss=1.1646]
Epoch 36/100:  45%|████▍     | 34/76 [00:00<00:00, 59.89it/s, loss=0.7678]
Epoch 36/100:  45%|████▍     | 34/76 [00:00<00:00, 59.89it/s, loss=0.8548]
Epoch 36/100:  45%|████▍     | 34/76 [00:00<00:00, 59.89it/s, loss=0.7107]
Epoch 36/100:  45%|████▍     | 34/76 [00:00<00:00, 59.89it/s, loss=0.7836]
Epoch 36/100:  53%|█████▎    | 40/76 [00:00<00:00, 59.91it/s, loss=0.7836]
Epoch 36/100:  53%|█████▎    | 40/76 [00:00<00:00, 59.91it/s, loss=0.6067]
Epoch 36/100:  53%|█████▎    | 40/76 [00:00<00:00, 59.91it/s, loss=0.8595]
Epoch 36/100:  53%|█████▎    | 40/76 [00:00<00:00, 59.91it/s, loss=0.7532]
Epoch 36/100:  53%|█████▎    | 40/76 [00:00<00:00, 59.91it/s, loss=0.9113]
Epoch 36/100:  53%|█████▎    | 40/76 [00:00<00:00, 59.91it/s, loss=0.7632]
Epoch 36/100:  53%|█████▎    | 40/76 [00:00<00:00, 59.91it/s, loss=0.9659]
Epoch 36/100:  53%|█████▎    | 40/76 [00:00<00:00, 59.91it/s, loss=0.7706]
Epoch 36/100:  62%|██████▏   | 47/76 [00:00<00:00, 59.99it/s, loss=0.7706]
Epoch 36/100:  62%|██████▏   | 47/76 [00:00<00:00, 59.99it/s, loss=0.8476]
Epoch 36/100:  62%|██████▏   | 47/76 [00:00<00:00, 59.99it/s, loss=1.0111]
Epoch 36/100:  62%|██████▏   | 47/76 [00:00<00:00, 59.99it/s, loss=0.8137]
Epoch 36/100:  62%|██████▏   | 47/76 [00:00<00:00, 59.99it/s, loss=0.9855]
Epoch 36/100:  62%|██████▏   | 47/76 [00:00<00:00, 59.99it/s, loss=0.8227]
Epoch 36/100:  62%|██████▏   | 47/76 [00:00<00:00, 59.99it/s, loss=0.9128]
Epoch 36/100:  62%|██████▏   | 47/76 [00:00<00:00, 59.99it/s, loss=1.0301]
Epoch 36/100:  71%|███████   | 54/76 [00:00<00:00, 60.11it/s, loss=1.0301]
Epoch 36/100:  71%|███████   | 54/76 [00:00<00:00, 60.11it/s, loss=0.9889]
Epoch 36/100:  71%|███████   | 54/76 [00:00<00:00, 60.11it/s, loss=0.7771]
Epoch 36/100:  71%|███████   | 54/76 [00:00<00:00, 60.11it/s, loss=0.7482]
Epoch 36/100:  71%|███████   | 54/76 [00:00<00:00, 60.11it/s, loss=0.7164]
Epoch 36/100:  71%|███████   | 54/76 [00:00<00:00, 60.11it/s, loss=0.9721]
Epoch 36/100:  71%|███████   | 54/76 [00:00<00:00, 60.11it/s, loss=0.8182]
Epoch 36/100:  71%|███████   | 54/76 [00:01<00:00, 60.11it/s, loss=0.6587]
Epoch 36/100:  80%|████████  | 61/76 [00:01<00:00, 60.14it/s, loss=0.6587]
Epoch 36/100:  80%|████████  | 61/76 [00:01<00:00, 60.14it/s, loss=0.9250]
Epoch 36/100:  80%|████████  | 61/76 [00:01<00:00, 60.14it/s, loss=0.9107]
Epoch 36/100:  80%|████████  | 61/76 [00:01<00:00, 60.14it/s, loss=0.8832]
Epoch 36/100:  80%|████████  | 61/76 [00:01<00:00, 60.14it/s, loss=0.6727]
Epoch 36/100:  80%|████████  | 61/76 [00:01<00:00, 60.14it/s, loss=0.8192]
Epoch 36/100:  80%|████████  | 61/76 [00:01<00:00, 60.14it/s, loss=0.8506]
Epoch 36/100:  80%|████████  | 61/76 [00:01<00:00, 60.14it/s, loss=1.1276]
Epoch 36/100:  89%|████████▉ | 68/76 [00:01<00:00, 59.65it/s, loss=1.1276]
Epoch 36/100:  89%|████████▉ | 68/76 [00:01<00:00, 59.65it/s, loss=1.0096]
Epoch 36/100:  89%|████████▉ | 68/76 [00:01<00:00, 59.65it/s, loss=1.0517]
Epoch 36/100:  89%|████████▉ | 68/76 [00:01<00:00, 59.65it/s, loss=1.0146]
Epoch 36/100:  89%|████████▉ | 68/76 [00:01<00:00, 59.65it/s, loss=0.8716]
Epoch 36/100:  89%|████████▉ | 68/76 [00:01<00:00, 59.65it/s, loss=0.9136]
Epoch 36/100:  89%|████████▉ | 68/76 [00:01<00:00, 59.65it/s, loss=0.7403]
Epoch 36/100:  89%|████████▉ | 68/76 [00:01<00:00, 59.65it/s, loss=0.6535]
Epoch 36/100:  99%|█████████▊| 75/76 [00:01<00:00, 60.26it/s, loss=0.6535]
Epoch 36/100:  99%|█████████▊| 75/76 [00:01<00:00, 60.26it/s, loss=0.9127]
Epoch 36/100: 100%|██████████| 76/76 [00:01<00:00, 60.05it/s, loss=0.9127]
Epoch 36/100 - avg_loss: 0.7878

Epoch 37/100:   0%|          | 0/76 [00:00<?, ?it/s]
Epoch 37/100:   0%|          | 0/76 [00:00<?, ?it/s, loss=0.9244]
Epoch 37/100:   0%|          | 0/76 [00:00<?, ?it/s, loss=0.5839]
Epoch 37/100:   0%|          | 0/76 [00:00<?, ?it/s, loss=0.5428]
Epoch 37/100:   0%|          | 0/76 [00:00<?, ?it/s, loss=0.6262]
Epoch 37/100:   0%|          | 0/76 [00:00<?, ?it/s, loss=0.5092]
Epoch 37/100:   0%|          | 0/76 [00:00<?, ?it/s, loss=0.6825]
Epoch 37/100:   0%|          | 0/76 [00:00<?, ?it/s, loss=0.6270]
Epoch 37/100:   9%|▉         | 7/76 [00:00<00:01, 60.20it/s, loss=0.6270]
Epoch 37/100:   9%|▉         | 7/76 [00:00<00:01, 60.20it/s, loss=0.5499]
Epoch 37/100:   9%|▉         | 7/76 [00:00<00:01, 60.20it/s, loss=0.7946]
Epoch 37/100:   9%|▉         | 7/76 [00:00<00:01, 60.20it/s, loss=0.7026]
Epoch 37/100:   9%|▉         | 7/76 [00:00<00:01, 60.20it/s, loss=0.6477]
Epoch 37/100:   9%|▉         | 7/76 [00:00<00:01, 60.20it/s, loss=0.5522]
Epoch 37/100:   9%|▉         | 7/76 [00:00<00:01, 60.20it/s, loss=0.7636]
Epoch 37/100:   9%|▉         | 7/76 [00:00<00:01, 60.20it/s, loss=0.6989]
Epoch 37/100:  18%|█▊        | 14/76 [00:00<00:01, 60.17it/s, loss=0.6989]
Epoch 37/100:  18%|█▊        | 14/76 [00:00<00:01, 60.17it/s, loss=0.7677]
Epoch 37/100:  18%|█▊        | 14/76 [00:00<00:01, 60.17it/s, loss=0.7093]
Epoch 37/100:  18%|█▊        | 14/76 [00:00<00:01, 60.17it/s, loss=0.9064]
Epoch 37/100:  18%|█▊        | 14/76 [00:00<00:01, 60.17it/s, loss=0.7682]
Epoch 37/100:  18%|█▊        | 14/76 [00:00<00:01, 60.17it/s, loss=0.7157]
Epoch 37/100:  18%|█▊        | 14/76 [00:00<00:01, 60.17it/s, loss=0.8781]
Epoch 37/100:  18%|█▊        | 14/76 [00:00<00:01, 60.17it/s, loss=0.6601]
Epoch 37/100:  28%|██▊       | 21/76 [00:00<00:00, 59.79it/s, loss=0.6601]
Epoch 37/100:  28%|██▊       | 21/76 [00:00<00:00, 59.79it/s, loss=0.7125]
Epoch 37/100:  28%|██▊       | 21/76 [00:00<00:00, 59.79it/s, loss=0.7729]
Epoch 37/100:  28%|██▊       | 21/76 [00:00<00:00, 59.79it/s, loss=0.7077]
Epoch 37/100:  28%|██▊       | 21/76 [00:00<00:00, 59.79it/s, loss=0.5721]
Epoch 37/100:  28%|██▊       | 21/76 [00:00<00:00, 59.79it/s, loss=0.7310]
Epoch 37/100:  28%|██▊       | 21/76 [00:00<00:00, 59.79it/s, loss=0.4891]
Epoch 37/100:  28%|██▊       | 21/76 [00:00<00:00, 59.79it/s, loss=0.5230]
Epoch 37/100:  37%|███▋      | 28/76 [00:00<00:00, 59.91it/s, loss=0.5230]
Epoch 37/100:  37%|███▋      | 28/76 [00:00<00:00, 59.91it/s, loss=0.6390]
Epoch 37/100:  37%|███▋      | 28/76 [00:00<00:00, 59.91it/s, loss=0.6376]
Epoch 37/100:  37%|███▋      | 28/76 [00:00<00:00, 59.91it/s, loss=0.6539]
Epoch 37/100:  37%|███▋      | 28/76 [00:00<00:00, 59.91it/s, loss=0.7107]
Epoch 37/100:  37%|███▋      | 28/76 [00:00<00:00, 59.91it/s, loss=0.5667]
Epoch 37/100:  37%|███▋      | 28/76 [00:00<00:00, 59.91it/s, loss=0.6284]
Epoch 37/100:  37%|███▋      | 28/76 [00:00<00:00, 59.91it/s, loss=0.7842]
Epoch 37/100:  46%|████▌     | 35/76 [00:00<00:00, 59.98it/s, loss=0.7842]
Epoch 37/100:  46%|████▌     | 35/76 [00:00<00:00, 59.98it/s, loss=0.7020]
Epoch 37/100:  46%|████▌     | 35/76 [00:00<00:00, 59.98it/s, loss=0.6648]
Epoch 37/100:  46%|████▌     | 35/76 [00:00<00:00, 59.98it/s, loss=0.8372]
Epoch 37/100:  46%|████▌     | 35/76 [00:00<00:00, 59.98it/s, loss=0.7346]
Epoch 37/100:  46%|████▌     | 35/76 [00:00<00:00, 59.98it/s, loss=0.7280]
Epoch 37/100:  46%|████▌     | 35/76 [00:00<00:00, 59.98it/s, loss=0.9518]
Epoch 37/100:  46%|████▌     | 35/76 [00:00<00:00, 59.98it/s, loss=0.7773]
Epoch 37/100:  55%|█████▌    | 42/76 [00:00<00:00, 60.07it/s, loss=0.7773]
Epoch 37/100:  55%|█████▌    | 42/76 [00:00<00:00, 60.07it/s, loss=0.8216]
Epoch 37/100:  55%|█████▌    | 42/76 [00:00<00:00, 60.07it/s, loss=0.6178]
Epoch 37/100:  55%|█████▌    | 42/76 [00:00<00:00, 60.07it/s, loss=0.9079]
Epoch 37/100:  55%|█████▌    | 42/76 [00:00<00:00, 60.07it/s, loss=0.6143]
Epoch 37/100:  55%|█████▌    | 42/76 [00:00<00:00, 60.07it/s, loss=0.7824]
Epoch 37/100:  55%|█████▌    | 42/76 [00:00<00:00, 60.07it/s, loss=0.7944]
Epoch 37/100:  55%|█████▌    | 42/76 [00:00<00:00, 60.07it/s, loss=0.8644]
Epoch 37/100:  64%|██████▍   | 49/76 [00:00<00:00, 60.00it/s, loss=0.8644]
Epoch 37/100:  64%|██████▍   | 49/76 [00:00<00:00, 60.00it/s, loss=1.0214]
Epoch 37/100:  64%|██████▍   | 49/76 [00:00<00:00, 60.00it/s, loss=0.7782]
Epoch 37/100:  64%|██████▍   | 49/76 [00:00<00:00, 60.00it/s, loss=1.0663]
Epoch 37/100:  64%|██████▍   | 49/76 [00:00<00:00, 60.00it/s, loss=1.0380]
Epoch 37/100:  64%|██████▍   | 49/76 [00:00<00:00, 60.00it/s, loss=0.8405]
Epoch 37/100:  64%|██████▍   | 49/76 [00:00<00:00, 60.00it/s, loss=0.8068]
Epoch 37/100:  64%|██████▍   | 49/76 [00:00<00:00, 60.00it/s, loss=1.0096]
Epoch 37/100:  74%|███████▎  | 56/76 [00:00<00:00, 60.07it/s, loss=1.0096]
Epoch 37/100:  74%|███████▎  | 56/76 [00:00<00:00, 60.07it/s, loss=0.9348]
Epoch 37/100:  74%|███████▎  | 56/76 [00:00<00:00, 60.07it/s, loss=0.5802]
Epoch 37/100:  74%|███████▎  | 56/76 [00:00<00:00, 60.07it/s, loss=0.8064]
Epoch 37/100:  74%|███████▎  | 56/76 [00:00<00:00, 60.07it/s, loss=0.7591]
Epoch 37/100:  74%|███████▎  | 56/76 [00:01<00:00, 60.07it/s, loss=0.5491]
Epoch 37/100:  74%|███████▎  | 56/76 [00:01<00:00, 60.07it/s, loss=0.8885]
Epoch 37/100:  74%|███████▎  | 56/76 [00:01<00:00, 60.07it/s, loss=0.8006]
Epoch 37/100:  83%|████████▎ | 63/76 [00:01<00:00, 60.08it/s, loss=0.8006]
Epoch 37/100:  83%|████████▎ | 63/76 [00:01<00:00, 60.08it/s, loss=0.8936]
Epoch 37/100:  83%|████████▎ | 63/76 [00:01<00:00, 60.08it/s, loss=0.9262]
Epoch 37/100:  83%|████████▎ | 63/76 [00:01<00:00, 60.08it/s, loss=0.8173]
Epoch 37/100:  83%|████████▎ | 63/76 [00:01<00:00, 60.08it/s, loss=1.0105]
Epoch 37/100:  83%|████████▎ | 63/76 [00:01<00:00, 60.08it/s, loss=0.8263]
Epoch 37/100:  83%|████████▎ | 63/76 [00:01<00:00, 60.08it/s, loss=0.9839]
Epoch 37/100:  83%|████████▎ | 63/76 [00:01<00:00, 60.08it/s, loss=0.7976]
Epoch 37/100:  92%|█████████▏| 70/76 [00:01<00:00, 60.10it/s, loss=0.7976]
Epoch 37/100:  92%|█████████▏| 70/76 [00:01<00:00, 60.10it/s, loss=0.9095]
Epoch 37/100:  92%|█████████▏| 70/76 [00:01<00:00, 60.10it/s, loss=0.8535]
Epoch 37/100:  92%|█████████▏| 70/76 [00:01<00:00, 60.10it/s, loss=0.7577]
Epoch 37/100:  92%|█████████▏| 70/76 [00:01<00:00, 60.10it/s, loss=0.9681]
Epoch 37/100:  92%|█████████▏| 70/76 [00:01<00:00, 60.10it/s, loss=1.0537]
Epoch 37/100:  92%|█████████▏| 70/76 [00:01<00:00, 60.10it/s, loss=0.9090]
Epoch 37/100: 100%|██████████| 76/76 [00:01<00:00, 60.05it/s, loss=0.9090]
Epoch 37/100 - avg_loss: 0.7648

Epoch 38/100:   0%|          | 0/76 [00:00<?, ?it/s]
Epoch 38/100:   0%|          | 0/76 [00:00<?, ?it/s, loss=0.6330]
Epoch 38/100:   0%|          | 0/76 [00:00<?, ?it/s, loss=0.7659]
Epoch 38/100:   0%|          | 0/76 [00:00<?, ?it/s, loss=0.7690]
Epoch 38/100:   0%|          | 0/76 [00:00<?, ?it/s, loss=0.6129]
Epoch 38/100:   0%|          | 0/76 [00:00<?, ?it/s, loss=0.6282]
Epoch 38/100:   0%|          | 0/76 [00:00<?, ?it/s, loss=0.7743]
Epoch 38/100:   0%|          | 0/76 [00:00<?, ?it/s, loss=0.5733]
Epoch 38/100:   9%|▉         | 7/76 [00:00<00:01, 60.18it/s, loss=0.5733]
Epoch 38/100:   9%|▉         | 7/76 [00:00<00:01, 60.18it/s, loss=0.4912]
Epoch 38/100:   9%|▉         | 7/76 [00:00<00:01, 60.18it/s, loss=0.6646]
Epoch 38/100:   9%|▉         | 7/76 [00:00<00:01, 60.18it/s, loss=0.4700]
Epoch 38/100:   9%|▉         | 7/76 [00:00<00:01, 60.18it/s, loss=0.6549]
Epoch 38/100:   9%|▉         | 7/76 [00:00<00:01, 60.18it/s, loss=0.6770]
Epoch 38/100:   9%|▉         | 7/76 [00:00<00:01, 60.18it/s, loss=0.5854]
Epoch 38/100:   9%|▉         | 7/76 [00:00<00:01, 60.18it/s, loss=0.7240]
Epoch 38/100:  18%|█▊        | 14/76 [00:00<00:01, 60.17it/s, loss=0.7240]
Epoch 38/100:  18%|█▊        | 14/76 [00:00<00:01, 60.17it/s, loss=0.8019]
Epoch 38/100:  18%|█▊        | 14/76 [00:00<00:01, 60.17it/s, loss=0.7766]
Epoch 38/100:  18%|█▊        | 14/76 [00:00<00:01, 60.17it/s, loss=0.8324]
Epoch 38/100:  18%|█▊        | 14/76 [00:00<00:01, 60.17it/s, loss=0.6198]
Epoch 38/100:  18%|█▊        | 14/76 [00:00<00:01, 60.17it/s, loss=0.6875]
Epoch 38/100:  18%|█▊        | 14/76 [00:00<00:01, 60.17it/s, loss=0.6928]
Epoch 38/100:  18%|█▊        | 14/76 [00:00<00:01, 60.17it/s, loss=0.7813]
Epoch 38/100:  28%|██▊       | 21/76 [00:00<00:00, 60.13it/s, loss=0.7813]
Epoch 38/100:  28%|██▊       | 21/76 [00:00<00:00, 60.13it/s, loss=0.5394]
Epoch 38/100:  28%|██▊       | 21/76 [00:00<00:00, 60.13it/s, loss=0.7449]
Epoch 38/100:  28%|██▊       | 21/76 [00:00<00:00, 60.13it/s, loss=0.8865]
Epoch 38/100:  28%|██▊       | 21/76 [00:00<00:00, 60.13it/s, loss=0.6431]
Epoch 38/100:  28%|██▊       | 21/76 [00:00<00:00, 60.13it/s, loss=0.7338]
Epoch 38/100:  28%|██▊       | 21/76 [00:00<00:00, 60.13it/s, loss=0.5919]
Epoch 38/100:  28%|██▊       | 21/76 [00:00<00:00, 60.13it/s, loss=0.7241]
Epoch 38/100:  37%|███▋      | 28/76 [00:00<00:00, 60.10it/s, loss=0.7241]
Epoch 38/100:  37%|███▋      | 28/76 [00:00<00:00, 60.10it/s, loss=0.5839]
Epoch 38/100:  37%|███▋      | 28/76 [00:00<00:00, 60.10it/s, loss=0.6137]
Epoch 38/100:  37%|███▋      | 28/76 [00:00<00:00, 60.10it/s, loss=0.6790]
Epoch 38/100:  37%|███▋      | 28/76 [00:00<00:00, 60.10it/s, loss=0.9614]
Epoch 38/100:  37%|███▋      | 28/76 [00:00<00:00, 60.10it/s, loss=0.8243]
Epoch 38/100:  37%|███▋      | 28/76 [00:00<00:00, 60.10it/s, loss=0.7737]
Epoch 38/100:  37%|███▋      | 28/76 [00:00<00:00, 60.10it/s, loss=0.6463]
Epoch 38/100:  46%|████▌     | 35/76 [00:00<00:00, 60.07it/s, loss=0.6463]
Epoch 38/100:  46%|████▌     | 35/76 [00:00<00:00, 60.07it/s, loss=0.8192]
Epoch 38/100:  46%|████▌     | 35/76 [00:00<00:00, 60.07it/s, loss=0.7242]
Epoch 38/100:  46%|████▌     | 35/76 [00:00<00:00, 60.07it/s, loss=0.8577]
Epoch 38/100:  46%|████▌     | 35/76 [00:00<00:00, 60.07it/s, loss=0.8431]
Epoch 38/100:  46%|████▌     | 35/76 [00:00<00:00, 60.07it/s, loss=0.5968]
Epoch 38/100:  46%|████▌     | 35/76 [00:00<00:00, 60.07it/s, loss=0.9921]
Epoch 38/100:  46%|████▌     | 35/76 [00:00<00:00, 60.07it/s, loss=0.7504]
Epoch 38/100:  55%|█████▌    | 42/76 [00:00<00:00, 60.04it/s, loss=0.7504]
Epoch 38/100:  55%|█████▌    | 42/76 [00:00<00:00, 60.04it/s, loss=0.5960]
Epoch 38/100:  55%|█████▌    | 42/76 [00:00<00:00, 60.04it/s, loss=0.8144]
Epoch 38/100:  55%|█████▌    | 42/76 [00:00<00:00, 60.04it/s, loss=0.6317]
Epoch 38/100:  55%|█████▌    | 42/76 [00:00<00:00, 60.04it/s, loss=0.8706]
Epoch 38/100:  55%|█████▌    | 42/76 [00:00<00:00, 60.04it/s, loss=0.8792]
Epoch 38/100:  55%|█████▌    | 42/76 [00:00<00:00, 60.04it/s, loss=0.7017]
Epoch 38/100:  55%|█████▌    | 42/76 [00:00<00:00, 60.04it/s, loss=0.8676]
Epoch 38/100:  64%|██████▍   | 49/76 [00:00<00:00, 60.09it/s, loss=0.8676]
Epoch 38/100:  64%|██████▍   | 49/76 [00:00<00:00, 60.09it/s, loss=0.5568]
Epoch 38/100:  64%|██████▍   | 49/76 [00:00<00:00, 60.09it/s, loss=0.8955]
Epoch 38/100:  64%|██████▍   | 49/76 [00:00<00:00, 60.09it/s, loss=0.7349]
Epoch 38/100:  64%|██████▍   | 49/76 [00:00<00:00, 60.09it/s, loss=0.7949]
Epoch 38/100:  64%|██████▍   | 49/76 [00:00<00:00, 60.09it/s, loss=0.8775]
Epoch 38/100:  64%|██████▍   | 49/76 [00:00<00:00, 60.09it/s, loss=0.6731]
Epoch 38/100:  64%|██████▍   | 49/76 [00:00<00:00, 60.09it/s, loss=0.8876]
Epoch 38/100:  74%|███████▎  | 56/76 [00:00<00:00, 60.13it/s, loss=0.8876]
Epoch 38/100:  74%|███████▎  | 56/76 [00:00<00:00, 60.13it/s, loss=0.7040]
Epoch 38/100:  74%|███████▎  | 56/76 [00:00<00:00, 60.13it/s, loss=0.9224]
Epoch 38/100:  74%|███████▎  | 56/76 [00:00<00:00, 60.13it/s, loss=1.1330]
Epoch 38/100:  74%|███████▎  | 56/76 [00:00<00:00, 60.13it/s, loss=0.6124]
Epoch 38/100:  74%|███████▎  | 56/76 [00:01<00:00, 60.13it/s, loss=0.8050]
Epoch 38/100:  74%|███████▎  | 56/76 [00:01<00:00, 60.13it/s, loss=0.9772]
Epoch 38/100:  74%|███████▎  | 56/76 [00:01<00:00, 60.13it/s, loss=0.8776]
Epoch 38/100:  83%|████████▎ | 63/76 [00:01<00:00, 59.82it/s, loss=0.8776]
Epoch 38/100:  83%|████████▎ | 63/76 [00:01<00:00, 59.82it/s, loss=0.9683]
Epoch 38/100:  83%|████████▎ | 63/76 [00:01<00:00, 59.82it/s, loss=0.5137]
Epoch 38/100:  83%|████████▎ | 63/76 [00:01<00:00, 59.82it/s, loss=0.8084]
Epoch 38/100:  83%|████████▎ | 63/76 [00:01<00:00, 59.82it/s, loss=1.0136]
Epoch 38/100:  83%|████████▎ | 63/76 [00:01<00:00, 59.82it/s, loss=0.6775]
Epoch 38/100:  83%|████████▎ | 63/76 [00:01<00:00, 59.82it/s, loss=0.6509]
Epoch 38/100:  83%|████████▎ | 63/76 [00:01<00:00, 59.82it/s, loss=0.5903]
Epoch 38/100:  92%|█████████▏| 70/76 [00:01<00:00, 60.11it/s, loss=0.5903]
Epoch 38/100:  92%|█████████▏| 70/76 [00:01<00:00, 60.11it/s, loss=0.8460]
Epoch 38/100:  92%|█████████▏| 70/76 [00:01<00:00, 60.11it/s, loss=0.8351]
Epoch 38/100:  92%|█████████▏| 70/76 [00:01<00:00, 60.11it/s, loss=0.8907]
Epoch 38/100:  92%|█████████▏| 70/76 [00:01<00:00, 60.11it/s, loss=0.9484]
Epoch 38/100:  92%|█████████▏| 70/76 [00:01<00:00, 60.11it/s, loss=0.9636]
Epoch 38/100:  92%|█████████▏| 70/76 [00:01<00:00, 60.11it/s, loss=0.8498]
Epoch 38/100: 100%|██████████| 76/76 [00:01<00:00, 60.09it/s, loss=0.8498]
Epoch 38/100 - avg_loss: 0.7515

Epoch 39/100:   0%|          | 0/76 [00:00<?, ?it/s]
Epoch 39/100:   0%|          | 0/76 [00:00<?, ?it/s, loss=0.6641]
Epoch 39/100:   0%|          | 0/76 [00:00<?, ?it/s, loss=0.5910]
Epoch 39/100:   0%|          | 0/76 [00:00<?, ?it/s, loss=0.6173]
Epoch 39/100:   0%|          | 0/76 [00:00<?, ?it/s, loss=0.6976]
Epoch 39/100:   0%|          | 0/76 [00:00<?, ?it/s, loss=0.3936]
Epoch 39/100:   0%|          | 0/76 [00:00<?, ?it/s, loss=0.5000]
Epoch 39/100:   0%|          | 0/76 [00:00<?, ?it/s, loss=0.7478]
Epoch 39/100:   9%|▉         | 7/76 [00:00<00:01, 60.23it/s, loss=0.7478]
Epoch 39/100:   9%|▉         | 7/76 [00:00<00:01, 60.23it/s, loss=0.5956]
Epoch 39/100:   9%|▉         | 7/76 [00:00<00:01, 60.23it/s, loss=0.6812]
Epoch 39/100:   9%|▉         | 7/76 [00:00<00:01, 60.23it/s, loss=0.6364]
Epoch 39/100:   9%|▉         | 7/76 [00:00<00:01, 60.23it/s, loss=0.7373]
Epoch 39/100:   9%|▉         | 7/76 [00:00<00:01, 60.23it/s, loss=0.7377]
Epoch 39/100:   9%|▉         | 7/76 [00:00<00:01, 60.23it/s, loss=0.6019]
Epoch 39/100:   9%|▉         | 7/76 [00:00<00:01, 60.23it/s, loss=0.6232]
Epoch 39/100:  18%|█▊        | 14/76 [00:00<00:01, 60.13it/s, loss=0.6232]
Epoch 39/100:  18%|█▊        | 14/76 [00:00<00:01, 60.13it/s, loss=0.7010]
Epoch 39/100:  18%|█▊        | 14/76 [00:00<00:01, 60.13it/s, loss=0.6752]
Epoch 39/100:  18%|█▊        | 14/76 [00:00<00:01, 60.13it/s, loss=0.6011]
Epoch 39/100:  18%|█▊        | 14/76 [00:00<00:01, 60.13it/s, loss=0.5380]
Epoch 39/100:  18%|█▊        | 14/76 [00:00<00:01, 60.13it/s, loss=0.6120]
Epoch 39/100:  18%|█▊        | 14/76 [00:00<00:01, 60.13it/s, loss=0.6100]
Epoch 39/100:  18%|█▊        | 14/76 [00:00<00:01, 60.13it/s, loss=0.7356]
Epoch 39/100:  28%|██▊       | 21/76 [00:00<00:00, 60.06it/s, loss=0.7356]
Epoch 39/100:  28%|██▊       | 21/76 [00:00<00:00, 60.06it/s, loss=0.7255]
Epoch 39/100:  28%|██▊       | 21/76 [00:00<00:00, 60.06it/s, loss=0.6140]
Epoch 39/100:  28%|██▊       | 21/76 [00:00<00:00, 60.06it/s, loss=0.4928]
Epoch 39/100:  28%|██▊       | 21/76 [00:00<00:00, 60.06it/s, loss=0.8078]
Epoch 39/100:  28%|██▊       | 21/76 [00:00<00:00, 60.06it/s, loss=0.5945]
Epoch 39/100:  28%|██▊       | 21/76 [00:00<00:00, 60.06it/s, loss=0.9635]
Epoch 39/100:  28%|██▊       | 21/76 [00:00<00:00, 60.06it/s, loss=0.5563]
Epoch 39/100:  37%|███▋      | 28/76 [00:00<00:00, 60.06it/s, loss=0.5563]
Epoch 39/100:  37%|███▋      | 28/76 [00:00<00:00, 60.06it/s, loss=0.7126]
Epoch 39/100:  37%|███▋      | 28/76 [00:00<00:00, 60.06it/s, loss=0.5162]
Epoch 39/100:  37%|███▋      | 28/76 [00:00<00:00, 60.06it/s, loss=0.6241]
Epoch 39/100:  37%|███▋      | 28/76 [00:00<00:00, 60.06it/s, loss=0.7128]
Epoch 39/100:  37%|███▋      | 28/76 [00:00<00:00, 60.06it/s, loss=0.8306]
Epoch 39/100:  37%|███▋      | 28/76 [00:00<00:00, 60.06it/s, loss=0.7315]
Epoch 39/100:  37%|███▋      | 28/76 [00:00<00:00, 60.06it/s, loss=0.6603]
Epoch 39/100:  46%|████▌     | 35/76 [00:00<00:00, 60.08it/s, loss=0.6603]
Epoch 39/100:  46%|████▌     | 35/76 [00:00<00:00, 60.08it/s, loss=0.8493]
Epoch 39/100:  46%|████▌     | 35/76 [00:00<00:00, 60.08it/s, loss=0.7138]
Epoch 39/100:  46%|████▌     | 35/76 [00:00<00:00, 60.08it/s, loss=0.7460]
Epoch 39/100:  46%|████▌     | 35/76 [00:00<00:00, 60.08it/s, loss=0.8724]
Epoch 39/100:  46%|████▌     | 35/76 [00:00<00:00, 60.08it/s, loss=0.8670]
Epoch 39/100:  46%|████▌     | 35/76 [00:00<00:00, 60.08it/s, loss=1.0319]
Epoch 39/100:  46%|████▌     | 35/76 [00:00<00:00, 60.08it/s, loss=0.8788]
Epoch 39/100:  55%|█████▌    | 42/76 [00:00<00:00, 60.10it/s, loss=0.8788]
Epoch 39/100:  55%|█████▌    | 42/76 [00:00<00:00, 60.10it/s, loss=0.6324]
Epoch 39/100:  55%|█████▌    | 42/76 [00:00<00:00, 60.10it/s, loss=0.9899]
Epoch 39/100:  55%|█████▌    | 42/76 [00:00<00:00, 60.10it/s, loss=0.7109]
Epoch 39/100:  55%|█████▌    | 42/76 [00:00<00:00, 60.10it/s, loss=0.5824]
Epoch 39/100:  55%|█████▌    | 42/76 [00:00<00:00, 60.10it/s, loss=0.6919]
Epoch 39/100:  55%|█████▌    | 42/76 [00:00<00:00, 60.10it/s, loss=0.8354]
Epoch 39/100:  55%|█████▌    | 42/76 [00:00<00:00, 60.10it/s, loss=0.5532]
Epoch 39/100:  64%|██████▍   | 49/76 [00:00<00:00, 60.00it/s, loss=0.5532]
Epoch 39/100:  64%|██████▍   | 49/76 [00:00<00:00, 60.00it/s, loss=0.6308]
Epoch 39/100:  64%|██████▍   | 49/76 [00:00<00:00, 60.00it/s, loss=0.8784]
Epoch 39/100:  64%|██████▍   | 49/76 [00:00<00:00, 60.00it/s, loss=0.8517]
Epoch 39/100:  64%|██████▍   | 49/76 [00:00<00:00, 60.00it/s, loss=0.5626]
Epoch 39/100:  64%|██████▍   | 49/76 [00:00<00:00, 60.00it/s, loss=0.9356]
Epoch 39/100:  64%|██████▍   | 49/76 [00:00<00:00, 60.00it/s, loss=0.8225]
Epoch 39/100:  64%|██████▍   | 49/76 [00:00<00:00, 60.00it/s, loss=0.7573]
Epoch 39/100:  74%|███████▎  | 56/76 [00:00<00:00, 60.05it/s, loss=0.7573]
Epoch 39/100:  74%|███████▎  | 56/76 [00:00<00:00, 60.05it/s, loss=0.7342]
Epoch 39/100:  74%|███████▎  | 56/76 [00:00<00:00, 60.05it/s, loss=0.7875]
Epoch 39/100:  74%|███████▎  | 56/76 [00:00<00:00, 60.05it/s, loss=0.6777]
Epoch 39/100:  74%|███████▎  | 56/76 [00:00<00:00, 60.05it/s, loss=0.8469]
Epoch 39/100:  74%|███████▎  | 56/76 [00:01<00:00, 60.05it/s, loss=0.8140]
Epoch 39/100:  74%|███████▎  | 56/76 [00:01<00:00, 60.05it/s, loss=0.9298]
Epoch 39/100:  74%|███████▎  | 56/76 [00:01<00:00, 60.05it/s, loss=0.6350]
Epoch 39/100:  83%|████████▎ | 63/76 [00:01<00:00, 60.07it/s, loss=0.6350]
Epoch 39/100:  83%|████████▎ | 63/76 [00:01<00:00, 60.07it/s, loss=0.7940]
Epoch 39/100:  83%|████████▎ | 63/76 [00:01<00:00, 60.07it/s, loss=0.8294]
Epoch 39/100:  83%|████████▎ | 63/76 [00:01<00:00, 60.07it/s, loss=0.8067]
Epoch 39/100:  83%|████████▎ | 63/76 [00:01<00:00, 60.07it/s, loss=0.8750]
Epoch 39/100:  83%|████████▎ | 63/76 [00:01<00:00, 60.07it/s, loss=0.9163]
Epoch 39/100:  83%|████████▎ | 63/76 [00:01<00:00, 60.07it/s, loss=0.8492]
Epoch 39/100:  83%|████████▎ | 63/76 [00:01<00:00, 60.07it/s, loss=0.9787]
Epoch 39/100:  92%|█████████▏| 70/76 [00:01<00:00, 60.08it/s, loss=0.9787]
Epoch 39/100:  92%|█████████▏| 70/76 [00:01<00:00, 60.08it/s, loss=0.8669]
Epoch 39/100:  92%|█████████▏| 70/76 [00:01<00:00, 60.08it/s, loss=1.0003]
Epoch 39/100:  92%|█████████▏| 70/76 [00:01<00:00, 60.08it/s, loss=0.8647]
Epoch 39/100:  92%|█████████▏| 70/76 [00:01<00:00, 60.08it/s, loss=0.7898]
Epoch 39/100:  92%|█████████▏| 70/76 [00:01<00:00, 60.08it/s, loss=0.6692]
Epoch 39/100:  92%|█████████▏| 70/76 [00:01<00:00, 60.08it/s, loss=0.9352]
Epoch 39/100: 100%|██████████| 76/76 [00:01<00:00, 60.08it/s, loss=0.9352]
Epoch 39/100 - avg_loss: 0.7347

Epoch 40/100:   0%|          | 0/76 [00:00<?, ?it/s]
Epoch 40/100:   0%|          | 0/76 [00:00<?, ?it/s, loss=0.5422]
Epoch 40/100:   0%|          | 0/76 [00:00<?, ?it/s, loss=0.6592]
Epoch 40/100:   0%|          | 0/76 [00:00<?, ?it/s, loss=0.6723]
Epoch 40/100:   0%|          | 0/76 [00:00<?, ?it/s, loss=0.5317]
Epoch 40/100:   0%|          | 0/76 [00:00<?, ?it/s, loss=0.6826]
Epoch 40/100:   0%|          | 0/76 [00:00<?, ?it/s, loss=0.4480]
Epoch 40/100:   0%|          | 0/76 [00:00<?, ?it/s, loss=0.7394]
Epoch 40/100:   9%|▉         | 7/76 [00:00<00:01, 60.07it/s, loss=0.7394]
Epoch 40/100:   9%|▉         | 7/76 [00:00<00:01, 60.07it/s, loss=0.5580]
Epoch 40/100:   9%|▉         | 7/76 [00:00<00:01, 60.07it/s, loss=0.6539]
Epoch 40/100:   9%|▉         | 7/76 [00:00<00:01, 60.07it/s, loss=0.8609]
Epoch 40/100:   9%|▉         | 7/76 [00:00<00:01, 60.07it/s, loss=0.4915]
Epoch 40/100:   9%|▉         | 7/76 [00:00<00:01, 60.07it/s, loss=0.5053]
Epoch 40/100:   9%|▉         | 7/76 [00:00<00:01, 60.07it/s, loss=0.4099]
Epoch 40/100:   9%|▉         | 7/76 [00:00<00:01, 60.07it/s, loss=0.6284]
Epoch 40/100:  18%|█▊        | 14/76 [00:00<00:01, 60.08it/s, loss=0.6284]
Epoch 40/100:  18%|█▊        | 14/76 [00:00<00:01, 60.08it/s, loss=0.5551]
Epoch 40/100:  18%|█▊        | 14/76 [00:00<00:01, 60.08it/s, loss=0.5927]
Epoch 40/100:  18%|█▊        | 14/76 [00:00<00:01, 60.08it/s, loss=0.6803]
Epoch 40/100:  18%|█▊        | 14/76 [00:00<00:01, 60.08it/s, loss=0.6263]
Epoch 40/100:  18%|█▊        | 14/76 [00:00<00:01, 60.08it/s, loss=0.8532]
Epoch 40/100:  18%|█▊        | 14/76 [00:00<00:01, 60.08it/s, loss=0.6291]
Epoch 40/100:  18%|█▊        | 14/76 [00:00<00:01, 60.08it/s, loss=0.7610]
Epoch 40/100:  28%|██▊       | 21/76 [00:00<00:00, 60.12it/s, loss=0.7610]
Epoch 40/100:  28%|██▊       | 21/76 [00:00<00:00, 60.12it/s, loss=0.8111]
Epoch 40/100:  28%|██▊       | 21/76 [00:00<00:00, 60.12it/s, loss=0.8755]
Epoch 40/100:  28%|██▊       | 21/76 [00:00<00:00, 60.12it/s, loss=0.8496]
Epoch 40/100:  28%|██▊       | 21/76 [00:00<00:00, 60.12it/s, loss=0.7672]
Epoch 40/100:  28%|██▊       | 21/76 [00:00<00:00, 60.12it/s, loss=0.8960]
Epoch 40/100:  28%|██▊       | 21/76 [00:00<00:00, 60.12it/s, loss=0.7685]
Epoch 40/100:  28%|██▊       | 21/76 [00:00<00:00, 60.12it/s, loss=0.6580]
Epoch 40/100:  37%|███▋      | 28/76 [00:00<00:00, 60.09it/s, loss=0.6580]
Epoch 40/100:  37%|███▋      | 28/76 [00:00<00:00, 60.09it/s, loss=0.5474]
Epoch 40/100:  37%|███▋      | 28/76 [00:00<00:00, 60.09it/s, loss=0.8137]
Epoch 40/100:  37%|███▋      | 28/76 [00:00<00:00, 60.09it/s, loss=0.5958]
Epoch 40/100:  37%|███▋      | 28/76 [00:00<00:00, 60.09it/s, loss=0.6165]
Epoch 40/100:  37%|███▋      | 28/76 [00:00<00:00, 60.09it/s, loss=0.7486]
Epoch 40/100:  37%|███▋      | 28/76 [00:00<00:00, 60.09it/s, loss=0.6606]
Epoch 40/100:  37%|███▋      | 28/76 [00:00<00:00, 60.09it/s, loss=0.7069]
Epoch 40/100:  46%|████▌     | 35/76 [00:00<00:00, 60.10it/s, loss=0.7069]
Epoch 40/100:  46%|████▌     | 35/76 [00:00<00:00, 60.10it/s, loss=0.6142]
Epoch 40/100:  46%|████▌     | 35/76 [00:00<00:00, 60.10it/s, loss=0.7461]
Epoch 40/100:  46%|████▌     | 35/76 [00:00<00:00, 60.10it/s, loss=0.9229]
Epoch 40/100:  46%|████▌     | 35/76 [00:00<00:00, 60.10it/s, loss=0.7930]
Epoch 40/100:  46%|████▌     | 35/76 [00:00<00:00, 60.10it/s, loss=0.6331]
Epoch 40/100:  46%|████▌     | 35/76 [00:00<00:00, 60.10it/s, loss=0.7632]
Epoch 40/100:  46%|████▌     | 35/76 [00:00<00:00, 60.10it/s, loss=0.7452]
Epoch 40/100:  55%|█████▌    | 42/76 [00:00<00:00, 60.14it/s, loss=0.7452]
Epoch 40/100:  55%|█████▌    | 42/76 [00:00<00:00, 60.14it/s, loss=0.9234]
Epoch 40/100:  55%|█████▌    | 42/76 [00:00<00:00, 60.14it/s, loss=0.7037]
Epoch 40/100:  55%|█████▌    | 42/76 [00:00<00:00, 60.14it/s, loss=0.7342]
Epoch 40/100:  55%|█████▌    | 42/76 [00:00<00:00, 60.14it/s, loss=0.4901]
Epoch 40/100:  55%|█████▌    | 42/76 [00:00<00:00, 60.14it/s, loss=0.8812]
Epoch 40/100:  55%|█████▌    | 42/76 [00:00<00:00, 60.14it/s, loss=0.8157]
Epoch 40/100:  55%|█████▌    | 42/76 [00:00<00:00, 60.14it/s, loss=0.7553]
Epoch 40/100:  64%|██████▍   | 49/76 [00:00<00:00, 60.18it/s, loss=0.7553]
Epoch 40/100:  64%|██████▍   | 49/76 [00:00<00:00, 60.18it/s, loss=0.7686]
Epoch 40/100:  64%|██████▍   | 49/76 [00:00<00:00, 60.18it/s, loss=0.7321]
Epoch 40/100:  64%|██████▍   | 49/76 [00:00<00:00, 60.18it/s, loss=0.5331]
Epoch 40/100:  64%|██████▍   | 49/76 [00:00<00:00, 60.18it/s, loss=1.0917]
Epoch 40/100:  64%|██████▍   | 49/76 [00:00<00:00, 60.18it/s, loss=0.6904]
Epoch 40/100:  64%|██████▍   | 49/76 [00:00<00:00, 60.18it/s, loss=0.8754]
Epoch 40/100:  64%|██████▍   | 49/76 [00:00<00:00, 60.18it/s, loss=0.7659]
Epoch 40/100:  74%|███████▎  | 56/76 [00:00<00:00, 60.21it/s, loss=0.7659]
Epoch 40/100:  74%|███████▎  | 56/76 [00:00<00:00, 60.21it/s, loss=1.0004]
Epoch 40/100:  74%|███████▎  | 56/76 [00:00<00:00, 60.21it/s, loss=0.6950]
Epoch 40/100:  74%|███████▎  | 56/76 [00:00<00:00, 60.21it/s, loss=0.7110]
Epoch 40/100:  74%|███████▎  | 56/76 [00:00<00:00, 60.21it/s, loss=0.8796]
Epoch 40/100:  74%|███████▎  | 56/76 [00:01<00:00, 60.21it/s, loss=0.9492]
Epoch 40/100:  74%|███████▎  | 56/76 [00:01<00:00, 60.21it/s, loss=0.7361]
Epoch 40/100:  74%|███████▎  | 56/76 [00:01<00:00, 60.21it/s, loss=0.7006]
Epoch 40/100:  83%|████████▎ | 63/76 [00:01<00:00, 60.45it/s, loss=0.7006]
Epoch 40/100:  83%|████████▎ | 63/76 [00:01<00:00, 60.45it/s, loss=0.9066]
Epoch 40/100:  83%|████████▎ | 63/76 [00:01<00:00, 60.45it/s, loss=0.6435]
Epoch 40/100:  83%|████████▎ | 63/76 [00:01<00:00, 60.45it/s, loss=0.5672]
Epoch 40/100:  83%|████████▎ | 63/76 [00:01<00:00, 60.45it/s, loss=0.8400]
Epoch 40/100:  83%|████████▎ | 63/76 [00:01<00:00, 60.45it/s, loss=0.7552]
Epoch 40/100:  83%|████████▎ | 63/76 [00:01<00:00, 60.45it/s, loss=0.8780]
Epoch 40/100:  83%|████████▎ | 63/76 [00:01<00:00, 60.45it/s, loss=0.6279]
Epoch 40/100:  92%|█████████▏| 70/76 [00:01<00:00, 60.11it/s, loss=0.6279]
Epoch 40/100:  92%|█████████▏| 70/76 [00:01<00:00, 60.11it/s, loss=0.7788]
Epoch 40/100:  92%|█████████▏| 70/76 [00:01<00:00, 60.11it/s, loss=0.7183]
Epoch 40/100:  92%|█████████▏| 70/76 [00:01<00:00, 60.11it/s, loss=0.9243]
Epoch 40/100:  92%|█████████▏| 70/76 [00:01<00:00, 60.11it/s, loss=0.6675]
Epoch 40/100:  92%|█████████▏| 70/76 [00:01<00:00, 60.11it/s, loss=1.0634]
Epoch 40/100:  92%|█████████▏| 70/76 [00:01<00:00, 60.11it/s, loss=0.8611]
Epoch 40/100: 100%|██████████| 76/76 [00:01<00:00, 60.17it/s, loss=0.8611]
Epoch 40/100 - avg_loss: 0.7274

Epoch 41/100:   0%|          | 0/76 [00:00<?, ?it/s]
Epoch 41/100:   0%|          | 0/76 [00:00<?, ?it/s, loss=0.6347]
Epoch 41/100:   0%|          | 0/76 [00:00<?, ?it/s, loss=0.5468]
Epoch 41/100:   0%|          | 0/76 [00:00<?, ?it/s, loss=0.6765]
Epoch 41/100:   0%|          | 0/76 [00:00<?, ?it/s, loss=0.5582]
Epoch 41/100:   0%|          | 0/76 [00:00<?, ?it/s, loss=0.5878]
Epoch 41/100:   0%|          | 0/76 [00:00<?, ?it/s, loss=0.6627]
Epoch 41/100:   0%|          | 0/76 [00:00<?, ?it/s, loss=0.5523]
Epoch 41/100:   9%|▉         | 7/76 [00:00<00:01, 60.12it/s, loss=0.5523]
Epoch 41/100:   9%|▉         | 7/76 [00:00<00:01, 60.12it/s, loss=0.7567]
Epoch 41/100:   9%|▉         | 7/76 [00:00<00:01, 60.12it/s, loss=0.6072]
Epoch 41/100:   9%|▉         | 7/76 [00:00<00:01, 60.12it/s, loss=0.6541]
Epoch 41/100:   9%|▉         | 7/76 [00:00<00:01, 60.12it/s, loss=0.6655]
Epoch 41/100:   9%|▉         | 7/76 [00:00<00:01, 60.12it/s, loss=0.7945]
Epoch 41/100:   9%|▉         | 7/76 [00:00<00:01, 60.12it/s, loss=0.6923]
Epoch 41/100:   9%|▉         | 7/76 [00:00<00:01, 60.12it/s, loss=0.6572]
Epoch 41/100:  18%|█▊        | 14/76 [00:00<00:00, 62.58it/s, loss=0.6572]
Epoch 41/100:  18%|█▊        | 14/76 [00:00<00:00, 62.58it/s, loss=0.5109]
Epoch 41/100:  18%|█▊        | 14/76 [00:00<00:00, 62.58it/s, loss=0.5732]
Epoch 41/100:  18%|█▊        | 14/76 [00:00<00:00, 62.58it/s, loss=0.7506]
Epoch 41/100:  18%|█▊        | 14/76 [00:00<00:00, 62.58it/s, loss=0.5674]
Epoch 41/100:  18%|█▊        | 14/76 [00:00<00:00, 62.58it/s, loss=0.8491]
Epoch 41/100:  18%|█▊        | 14/76 [00:00<00:00, 62.58it/s, loss=0.6855]
Epoch 41/100:  18%|█▊        | 14/76 [00:00<00:00, 62.58it/s, loss=0.6685]
Epoch 41/100:  28%|██▊       | 21/76 [00:00<00:00, 61.01it/s, loss=0.6685]
Epoch 41/100:  28%|██▊       | 21/76 [00:00<00:00, 61.01it/s, loss=0.7809]
Epoch 41/100:  28%|██▊       | 21/76 [00:00<00:00, 61.01it/s, loss=0.9039]
Epoch 41/100:  28%|██▊       | 21/76 [00:00<00:00, 61.01it/s, loss=0.6072]
Epoch 41/100:  28%|██▊       | 21/76 [00:00<00:00, 61.01it/s, loss=0.7462]
Epoch 41/100:  28%|██▊       | 21/76 [00:00<00:00, 61.01it/s, loss=0.6374]
Epoch 41/100:  28%|██▊       | 21/76 [00:00<00:00, 61.01it/s, loss=0.6926]
Epoch 41/100:  28%|██▊       | 21/76 [00:00<00:00, 61.01it/s, loss=0.7788]
Epoch 41/100:  37%|███▋      | 28/76 [00:00<00:00, 60.34it/s, loss=0.7788]
Epoch 41/100:  37%|███▋      | 28/76 [00:00<00:00, 60.34it/s, loss=0.6905]
Epoch 41/100:  37%|███▋      | 28/76 [00:00<00:00, 60.34it/s, loss=0.5832]
Epoch 41/100:  37%|███▋      | 28/76 [00:00<00:00, 60.34it/s, loss=0.9528]
Epoch 41/100:  37%|███▋      | 28/76 [00:00<00:00, 60.34it/s, loss=0.8871]
Epoch 41/100:  37%|███▋      | 28/76 [00:00<00:00, 60.34it/s, loss=0.5030]
Epoch 41/100:  37%|███▋      | 28/76 [00:00<00:00, 60.34it/s, loss=0.7060]
Epoch 41/100:  37%|███▋      | 28/76 [00:00<00:00, 60.34it/s, loss=0.9852]
Epoch 41/100:  46%|████▌     | 35/76 [00:00<00:00, 60.02it/s, loss=0.9852]
Epoch 41/100:  46%|████▌     | 35/76 [00:00<00:00, 60.02it/s, loss=0.7098]
Epoch 41/100:  46%|████▌     | 35/76 [00:00<00:00, 60.02it/s, loss=1.0048]
Epoch 41/100:  46%|████▌     | 35/76 [00:00<00:00, 60.02it/s, loss=0.6945]
Epoch 41/100:  46%|████▌     | 35/76 [00:00<00:00, 60.02it/s, loss=0.8141]
Epoch 41/100:  46%|████▌     | 35/76 [00:00<00:00, 60.02it/s, loss=0.6888]
Epoch 41/100:  46%|████▌     | 35/76 [00:00<00:00, 60.02it/s, loss=0.6782]
Epoch 41/100:  46%|████▌     | 35/76 [00:00<00:00, 60.02it/s, loss=0.8979]
Epoch 41/100:  55%|█████▌    | 42/76 [00:00<00:00, 59.91it/s, loss=0.8979]
Epoch 41/100:  55%|█████▌    | 42/76 [00:00<00:00, 59.91it/s, loss=0.6482]
Epoch 41/100:  55%|█████▌    | 42/76 [00:00<00:00, 59.91it/s, loss=0.6290]
Epoch 41/100:  55%|█████▌    | 42/76 [00:00<00:00, 59.91it/s, loss=0.5495]
Epoch 41/100:  55%|█████▌    | 42/76 [00:00<00:00, 59.91it/s, loss=0.7700]
Epoch 41/100:  55%|█████▌    | 42/76 [00:00<00:00, 59.91it/s, loss=0.6364]
Epoch 41/100:  55%|█████▌    | 42/76 [00:00<00:00, 59.91it/s, loss=0.6436]
Epoch 41/100:  63%|██████▎   | 48/76 [00:00<00:00, 59.88it/s, loss=0.6436]
Epoch 41/100:  63%|██████▎   | 48/76 [00:00<00:00, 59.88it/s, loss=0.6274]
Epoch 41/100:  63%|██████▎   | 48/76 [00:00<00:00, 59.88it/s, loss=0.8371]
Epoch 41/100:  63%|██████▎   | 48/76 [00:00<00:00, 59.88it/s, loss=0.6986]
Epoch 41/100:  63%|██████▎   | 48/76 [00:00<00:00, 59.88it/s, loss=0.6874]
Epoch 41/100:  63%|██████▎   | 48/76 [00:00<00:00, 59.88it/s, loss=0.8723]
Epoch 41/100:  63%|██████▎   | 48/76 [00:00<00:00, 59.88it/s, loss=0.8636]
Epoch 41/100:  71%|███████   | 54/76 [00:00<00:00, 59.88it/s, loss=0.8636]
Epoch 41/100:  71%|███████   | 54/76 [00:00<00:00, 59.88it/s, loss=0.6631]
Epoch 41/100:  71%|███████   | 54/76 [00:00<00:00, 59.88it/s, loss=0.9022]
Epoch 41/100:  71%|███████   | 54/76 [00:00<00:00, 59.88it/s, loss=0.6943]
Epoch 41/100:  71%|███████   | 54/76 [00:00<00:00, 59.88it/s, loss=0.4495]
Epoch 41/100:  71%|███████   | 54/76 [00:00<00:00, 59.88it/s, loss=0.8095]
Epoch 41/100:  71%|███████   | 54/76 [00:00<00:00, 59.88it/s, loss=0.7572]
Epoch 41/100:  79%|███████▉  | 60/76 [00:00<00:00, 59.90it/s, loss=0.7572]
Epoch 41/100:  79%|███████▉  | 60/76 [00:01<00:00, 59.90it/s, loss=0.8094]
Epoch 41/100:  79%|███████▉  | 60/76 [00:01<00:00, 59.90it/s, loss=0.6959]
Epoch 41/100:  79%|███████▉  | 60/76 [00:01<00:00, 59.90it/s, loss=0.8839]
Epoch 41/100:  79%|███████▉  | 60/76 [00:01<00:00, 59.90it/s, loss=0.6636]
Epoch 41/100:  79%|███████▉  | 60/76 [00:01<00:00, 59.90it/s, loss=0.6203]
Epoch 41/100:  79%|███████▉  | 60/76 [00:01<00:00, 59.90it/s, loss=0.8420]
Epoch 41/100:  79%|███████▉  | 60/76 [00:01<00:00, 59.90it/s, loss=0.7106]
Epoch 41/100:  88%|████████▊ | 67/76 [00:01<00:00, 59.97it/s, loss=0.7106]
Epoch 41/100:  88%|████████▊ | 67/76 [00:01<00:00, 59.97it/s, loss=0.9042]
Epoch 41/100:  88%|████████▊ | 67/76 [00:01<00:00, 59.97it/s, loss=0.8141]
Epoch 41/100:  88%|████████▊ | 67/76 [00:01<00:00, 59.97it/s, loss=0.8560]
Epoch 41/100:  88%|████████▊ | 67/76 [00:01<00:00, 59.97it/s, loss=0.7619]
Epoch 41/100:  88%|████████▊ | 67/76 [00:01<00:00, 59.97it/s, loss=0.6284]
Epoch 41/100:  88%|████████▊ | 67/76 [00:01<00:00, 59.97it/s, loss=0.6228]
Epoch 41/100:  96%|█████████▌| 73/76 [00:01<00:00, 59.27it/s, loss=0.6228]
Epoch 41/100:  96%|█████████▌| 73/76 [00:01<00:00, 59.27it/s, loss=0.8838]
Epoch 41/100:  96%|█████████▌| 73/76 [00:01<00:00, 59.27it/s, loss=0.7924]
Epoch 41/100:  96%|█████████▌| 73/76 [00:01<00:00, 59.27it/s, loss=1.0136]
Epoch 41/100: 100%|██████████| 76/76 [00:01<00:00, 59.98it/s, loss=1.0136]
Epoch 41/100 - avg_loss: 0.7215

Epoch 42/100:   0%|          | 0/76 [00:00<?, ?it/s]
Epoch 42/100:   0%|          | 0/76 [00:00<?, ?it/s, loss=0.5772]
Epoch 42/100:   0%|          | 0/76 [00:00<?, ?it/s, loss=0.6788]
Epoch 42/100:   0%|          | 0/76 [00:00<?, ?it/s, loss=0.4994]
Epoch 42/100:   0%|          | 0/76 [00:00<?, ?it/s, loss=0.6512]
Epoch 42/100:   0%|          | 0/76 [00:00<?, ?it/s, loss=0.6088]
Epoch 42/100:   0%|          | 0/76 [00:00<?, ?it/s, loss=0.5544]
Epoch 42/100:   0%|          | 0/76 [00:00<?, ?it/s, loss=0.6170]
Epoch 42/100:   9%|▉         | 7/76 [00:00<00:01, 60.03it/s, loss=0.6170]
Epoch 42/100:   9%|▉         | 7/76 [00:00<00:01, 60.03it/s, loss=0.8820]
Epoch 42/100:   9%|▉         | 7/76 [00:00<00:01, 60.03it/s, loss=0.4066]
Epoch 42/100:   9%|▉         | 7/76 [00:00<00:01, 60.03it/s, loss=0.5836]
Epoch 42/100:   9%|▉         | 7/76 [00:00<00:01, 60.03it/s, loss=0.5087]
Epoch 42/100:   9%|▉         | 7/76 [00:00<00:01, 60.03it/s, loss=0.5782]
Epoch 42/100:   9%|▉         | 7/76 [00:00<00:01, 60.03it/s, loss=0.5859]
Epoch 42/100:   9%|▉         | 7/76 [00:00<00:01, 60.03it/s, loss=0.6391]
Epoch 42/100:  18%|█▊        | 14/76 [00:00<00:01, 60.04it/s, loss=0.6391]
Epoch 42/100:  18%|█▊        | 14/76 [00:00<00:01, 60.04it/s, loss=0.7967]
Epoch 42/100:  18%|█▊        | 14/76 [00:00<00:01, 60.04it/s, loss=0.6131]
Epoch 42/100:  18%|█▊        | 14/76 [00:00<00:01, 60.04it/s, loss=0.7047]
Epoch 42/100:  18%|█▊        | 14/76 [00:00<00:01, 60.04it/s, loss=0.6527]
Epoch 42/100:  18%|█▊        | 14/76 [00:00<00:01, 60.04it/s, loss=0.7985]
Epoch 42/100:  18%|█▊        | 14/76 [00:00<00:01, 60.04it/s, loss=0.4511]
Epoch 42/100:  18%|█▊        | 14/76 [00:00<00:01, 60.04it/s, loss=0.6128]
Epoch 42/100:  28%|██▊       | 21/76 [00:00<00:00, 60.05it/s, loss=0.6128]
Epoch 42/100:  28%|██▊       | 21/76 [00:00<00:00, 60.05it/s, loss=0.6808]
Epoch 42/100:  28%|██▊       | 21/76 [00:00<00:00, 60.05it/s, loss=0.6755]
Epoch 42/100:  28%|██▊       | 21/76 [00:00<00:00, 60.05it/s, loss=0.7016]
Epoch 42/100:  28%|██▊       | 21/76 [00:00<00:00, 60.05it/s, loss=0.8751]
Epoch 42/100:  28%|██▊       | 21/76 [00:00<00:00, 60.05it/s, loss=0.6753]
Epoch 42/100:  28%|██▊       | 21/76 [00:00<00:00, 60.05it/s, loss=0.4926]
Epoch 42/100:  28%|██▊       | 21/76 [00:00<00:00, 60.05it/s, loss=0.6324]
Epoch 42/100:  37%|███▋      | 28/76 [00:00<00:00, 60.07it/s, loss=0.6324]
Epoch 42/100:  37%|███▋      | 28/76 [00:00<00:00, 60.07it/s, loss=0.5323]
Epoch 42/100:  37%|███▋      | 28/76 [00:00<00:00, 60.07it/s, loss=0.5917]
Epoch 42/100:  37%|███▋      | 28/76 [00:00<00:00, 60.07it/s, loss=0.7428]
Epoch 42/100:  37%|███▋      | 28/76 [00:00<00:00, 60.07it/s, loss=0.5573]
Epoch 42/100:  37%|███▋      | 28/76 [00:00<00:00, 60.07it/s, loss=0.7537]
Epoch 42/100:  37%|███▋      | 28/76 [00:00<00:00, 60.07it/s, loss=0.6925]
Epoch 42/100:  37%|███▋      | 28/76 [00:00<00:00, 60.07it/s, loss=0.7323]
Epoch 42/100:  46%|████▌     | 35/76 [00:00<00:00, 60.05it/s, loss=0.7323]
Epoch 42/100:  46%|████▌     | 35/76 [00:00<00:00, 60.05it/s, loss=0.6794]
Epoch 42/100:  46%|████▌     | 35/76 [00:00<00:00, 60.05it/s, loss=0.8212]
Epoch 42/100:  46%|████▌     | 35/76 [00:00<00:00, 60.05it/s, loss=0.8436]
Epoch 42/100:  46%|████▌     | 35/76 [00:00<00:00, 60.05it/s, loss=0.8440]
Epoch 42/100:  46%|████▌     | 35/76 [00:00<00:00, 60.05it/s, loss=0.6563]
Epoch 42/100:  46%|████▌     | 35/76 [00:00<00:00, 60.05it/s, loss=0.6761]
Epoch 42/100:  46%|████▌     | 35/76 [00:00<00:00, 60.05it/s, loss=0.5597]
Epoch 42/100:  55%|█████▌    | 42/76 [00:00<00:00, 60.09it/s, loss=0.5597]
Epoch 42/100:  55%|█████▌    | 42/76 [00:00<00:00, 60.09it/s, loss=0.8962]
Epoch 42/100:  55%|█████▌    | 42/76 [00:00<00:00, 60.09it/s, loss=0.7783]
Epoch 42/100:  55%|█████▌    | 42/76 [00:00<00:00, 60.09it/s, loss=0.5953]
Epoch 42/100:  55%|█████▌    | 42/76 [00:00<00:00, 60.09it/s, loss=0.7344]
Epoch 42/100:  55%|█████▌    | 42/76 [00:00<00:00, 60.09it/s, loss=0.8587]
Epoch 42/100:  55%|█████▌    | 42/76 [00:00<00:00, 60.09it/s, loss=0.8470]
Epoch 42/100:  55%|█████▌    | 42/76 [00:00<00:00, 60.09it/s, loss=0.4141]
Epoch 42/100:  64%|██████▍   | 49/76 [00:00<00:00, 60.11it/s, loss=0.4141]
Epoch 42/100:  64%|██████▍   | 49/76 [00:00<00:00, 60.11it/s, loss=0.6359]
Epoch 42/100:  64%|██████▍   | 49/76 [00:00<00:00, 60.11it/s, loss=0.8977]
Epoch 42/100:  64%|██████▍   | 49/76 [00:00<00:00, 60.11it/s, loss=0.9753]
Epoch 42/100:  64%|██████▍   | 49/76 [00:00<00:00, 60.11it/s, loss=0.5768]
Epoch 42/100:  64%|██████▍   | 49/76 [00:00<00:00, 60.11it/s, loss=0.7617]
Epoch 42/100:  64%|██████▍   | 49/76 [00:00<00:00, 60.11it/s, loss=0.7886]
Epoch 42/100:  64%|██████▍   | 49/76 [00:00<00:00, 60.11it/s, loss=0.7012]
Epoch 42/100:  74%|███████▎  | 56/76 [00:00<00:00, 60.15it/s, loss=0.7012]
Epoch 42/100:  74%|███████▎  | 56/76 [00:00<00:00, 60.15it/s, loss=0.8367]
Epoch 42/100:  74%|███████▎  | 56/76 [00:00<00:00, 60.15it/s, loss=0.7804]
Epoch 42/100:  74%|███████▎  | 56/76 [00:00<00:00, 60.15it/s, loss=0.9223]
Epoch 42/100:  74%|███████▎  | 56/76 [00:00<00:00, 60.15it/s, loss=0.5437]
Epoch 42/100:  74%|███████▎  | 56/76 [00:01<00:00, 60.15it/s, loss=0.7864]
Epoch 42/100:  74%|███████▎  | 56/76 [00:01<00:00, 60.15it/s, loss=0.7021]
Epoch 42/100:  74%|███████▎  | 56/76 [00:01<00:00, 60.15it/s, loss=0.7775]
Epoch 42/100:  83%|████████▎ | 63/76 [00:01<00:00, 60.13it/s, loss=0.7775]
Epoch 42/100:  83%|████████▎ | 63/76 [00:01<00:00, 60.13it/s, loss=0.6877]
Epoch 42/100:  83%|████████▎ | 63/76 [00:01<00:00, 60.13it/s, loss=0.8086]
Epoch 42/100:  83%|████████▎ | 63/76 [00:01<00:00, 60.13it/s, loss=0.7309]
Epoch 42/100:  83%|████████▎ | 63/76 [00:01<00:00, 60.13it/s, loss=0.7540]
Epoch 42/100:  83%|████████▎ | 63/76 [00:01<00:00, 60.13it/s, loss=0.7470]
Epoch 42/100:  83%|████████▎ | 63/76 [00:01<00:00, 60.13it/s, loss=0.9145]
Epoch 42/100:  83%|████████▎ | 63/76 [00:01<00:00, 60.13it/s, loss=0.7308]
Epoch 42/100:  92%|█████████▏| 70/76 [00:01<00:00, 60.10it/s, loss=0.7308]
Epoch 42/100:  92%|█████████▏| 70/76 [00:01<00:00, 60.10it/s, loss=0.7544]
Epoch 42/100:  92%|█████████▏| 70/76 [00:01<00:00, 60.10it/s, loss=0.6869]
Epoch 42/100:  92%|█████████▏| 70/76 [00:01<00:00, 60.10it/s, loss=0.8008]
Epoch 42/100:  92%|█████████▏| 70/76 [00:01<00:00, 60.10it/s, loss=0.5997]
Epoch 42/100:  92%|█████████▏| 70/76 [00:01<00:00, 60.10it/s, loss=1.0090]
Epoch 42/100:  92%|█████████▏| 70/76 [00:01<00:00, 60.10it/s, loss=0.6709]
Epoch 42/100: 100%|██████████| 76/76 [00:01<00:00, 60.10it/s, loss=0.6709]
Epoch 42/100 - avg_loss: 0.6990

Epoch 43/100:   0%|          | 0/76 [00:00<?, ?it/s]
Epoch 43/100:   0%|          | 0/76 [00:00<?, ?it/s, loss=0.4923]
Epoch 43/100:   0%|          | 0/76 [00:00<?, ?it/s, loss=0.6255]
Epoch 43/100:   0%|          | 0/76 [00:00<?, ?it/s, loss=0.9769]
Epoch 43/100:   0%|          | 0/76 [00:00<?, ?it/s, loss=0.7215]
Epoch 43/100:   0%|          | 0/76 [00:00<?, ?it/s, loss=0.4838]
Epoch 43/100:   0%|          | 0/76 [00:00<?, ?it/s, loss=0.3903]
Epoch 43/100:   0%|          | 0/76 [00:00<?, ?it/s, loss=0.6032]
Epoch 43/100:   9%|▉         | 7/76 [00:00<00:01, 60.20it/s, loss=0.6032]
Epoch 43/100:   9%|▉         | 7/76 [00:00<00:01, 60.20it/s, loss=0.6223]
Epoch 43/100:   9%|▉         | 7/76 [00:00<00:01, 60.20it/s, loss=0.6123]
Epoch 43/100:   9%|▉         | 7/76 [00:00<00:01, 60.20it/s, loss=0.5849]
Epoch 43/100:   9%|▉         | 7/76 [00:00<00:01, 60.20it/s, loss=0.6591]
Epoch 43/100:   9%|▉         | 7/76 [00:00<00:01, 60.20it/s, loss=0.6323]
Epoch 43/100:   9%|▉         | 7/76 [00:00<00:01, 60.20it/s, loss=0.6849]
Epoch 43/100:   9%|▉         | 7/76 [00:00<00:01, 60.20it/s, loss=0.5445]
Epoch 43/100:  18%|█▊        | 14/76 [00:00<00:01, 59.86it/s, loss=0.5445]
Epoch 43/100:  18%|█▊        | 14/76 [00:00<00:01, 59.86it/s, loss=0.5265]
Epoch 43/100:  18%|█▊        | 14/76 [00:00<00:01, 59.86it/s, loss=0.6145]
Epoch 43/100:  18%|█▊        | 14/76 [00:00<00:01, 59.86it/s, loss=0.7424]
Epoch 43/100:  18%|█▊        | 14/76 [00:00<00:01, 59.86it/s, loss=0.5701]
Epoch 43/100:  18%|█▊        | 14/76 [00:00<00:01, 59.86it/s, loss=0.4031]
Epoch 43/100:  18%|█▊        | 14/76 [00:00<00:01, 59.86it/s, loss=0.7021]
Epoch 43/100:  26%|██▋       | 20/76 [00:00<00:00, 59.92it/s, loss=0.7021]
Epoch 43/100:  26%|██▋       | 20/76 [00:00<00:00, 59.92it/s, loss=0.7581]
Epoch 43/100:  26%|██▋       | 20/76 [00:00<00:00, 59.92it/s, loss=0.5030]
Epoch 43/100:  26%|██▋       | 20/76 [00:00<00:00, 59.92it/s, loss=0.8441]
Epoch 43/100:  26%|██▋       | 20/76 [00:00<00:00, 59.92it/s, loss=0.5026]
Epoch 43/100:  26%|██▋       | 20/76 [00:00<00:00, 59.92it/s, loss=0.5359]
Epoch 43/100:  26%|██▋       | 20/76 [00:00<00:00, 59.92it/s, loss=0.7599]
Epoch 43/100:  26%|██▋       | 20/76 [00:00<00:00, 59.92it/s, loss=0.7499]
Epoch 43/100:  36%|███▌      | 27/76 [00:00<00:00, 60.01it/s, loss=0.7499]
Epoch 43/100:  36%|███▌      | 27/76 [00:00<00:00, 60.01it/s, loss=0.5275]
Epoch 43/100:  36%|███▌      | 27/76 [00:00<00:00, 60.01it/s, loss=0.5925]
Epoch 43/100:  36%|███▌      | 27/76 [00:00<00:00, 60.01it/s, loss=0.6113]
Epoch 43/100:  36%|███▌      | 27/76 [00:00<00:00, 60.01it/s, loss=0.6979]
Epoch 43/100:  36%|███▌      | 27/76 [00:00<00:00, 60.01it/s, loss=0.7498]
Epoch 43/100:  36%|███▌      | 27/76 [00:00<00:00, 60.01it/s, loss=0.6200]
Epoch 43/100:  36%|███▌      | 27/76 [00:00<00:00, 60.01it/s, loss=0.9313]
Epoch 43/100:  45%|████▍     | 34/76 [00:00<00:00, 60.05it/s, loss=0.9313]
Epoch 43/100:  45%|████▍     | 34/76 [00:00<00:00, 60.05it/s, loss=0.6885]
Epoch 43/100:  45%|████▍     | 34/76 [00:00<00:00, 60.05it/s, loss=0.4672]
Epoch 43/100:  45%|████▍     | 34/76 [00:00<00:00, 60.05it/s, loss=0.9372]
Epoch 43/100:  45%|████▍     | 34/76 [00:00<00:00, 60.05it/s, loss=0.5572]
Epoch 43/100:  45%|████▍     | 34/76 [00:00<00:00, 60.05it/s, loss=0.7350]
Epoch 43/100:  45%|████▍     | 34/76 [00:00<00:00, 60.05it/s, loss=0.6817]
Epoch 43/100:  45%|████▍     | 34/76 [00:00<00:00, 60.05it/s, loss=0.5616]
Epoch 43/100:  54%|█████▍    | 41/76 [00:00<00:00, 60.09it/s, loss=0.5616]
Epoch 43/100:  54%|█████▍    | 41/76 [00:00<00:00, 60.09it/s, loss=0.4749]
Epoch 43/100:  54%|█████▍    | 41/76 [00:00<00:00, 60.09it/s, loss=0.5509]
Epoch 43/100:  54%|█████▍    | 41/76 [00:00<00:00, 60.09it/s, loss=0.8804]
Epoch 43/100:  54%|█████▍    | 41/76 [00:00<00:00, 60.09it/s, loss=0.7597]
Epoch 43/100:  54%|█████▍    | 41/76 [00:00<00:00, 60.09it/s, loss=0.6769]
Epoch 43/100:  54%|█████▍    | 41/76 [00:00<00:00, 60.09it/s, loss=0.8090]
Epoch 43/100:  54%|█████▍    | 41/76 [00:00<00:00, 60.09it/s, loss=0.7001]
Epoch 43/100:  63%|██████▎   | 48/76 [00:00<00:00, 60.01it/s, loss=0.7001]
Epoch 43/100:  63%|██████▎   | 48/76 [00:00<00:00, 60.01it/s, loss=0.5047]
Epoch 43/100:  63%|██████▎   | 48/76 [00:00<00:00, 60.01it/s, loss=0.6222]
Epoch 43/100:  63%|██████▎   | 48/76 [00:00<00:00, 60.01it/s, loss=0.5571]
Epoch 43/100:  63%|██████▎   | 48/76 [00:00<00:00, 60.01it/s, loss=0.7865]
Epoch 43/100:  63%|██████▎   | 48/76 [00:00<00:00, 60.01it/s, loss=0.8358]
Epoch 43/100:  63%|██████▎   | 48/76 [00:00<00:00, 60.01it/s, loss=1.0046]
Epoch 43/100:  63%|██████▎   | 48/76 [00:00<00:00, 60.01it/s, loss=0.7923]
Epoch 43/100:  72%|███████▏  | 55/76 [00:00<00:00, 60.05it/s, loss=0.7923]
Epoch 43/100:  72%|███████▏  | 55/76 [00:00<00:00, 60.05it/s, loss=0.7058]
Epoch 43/100:  72%|███████▏  | 55/76 [00:00<00:00, 60.05it/s, loss=0.7339]
Epoch 43/100:  72%|███████▏  | 55/76 [00:00<00:00, 60.05it/s, loss=0.7768]
Epoch 43/100:  72%|███████▏  | 55/76 [00:00<00:00, 60.05it/s, loss=0.8425]
Epoch 43/100:  72%|███████▏  | 55/76 [00:00<00:00, 60.05it/s, loss=0.8224]
Epoch 43/100:  72%|███████▏  | 55/76 [00:01<00:00, 60.05it/s, loss=0.9036]
Epoch 43/100:  72%|███████▏  | 55/76 [00:01<00:00, 60.05it/s, loss=0.7272]
Epoch 43/100:  82%|████████▏ | 62/76 [00:01<00:00, 60.07it/s, loss=0.7272]
Epoch 43/100:  82%|████████▏ | 62/76 [00:01<00:00, 60.07it/s, loss=0.7477]
Epoch 43/100:  82%|████████▏ | 62/76 [00:01<00:00, 60.07it/s, loss=0.8234]
Epoch 43/100:  82%|████████▏ | 62/76 [00:01<00:00, 60.07it/s, loss=0.6271]
Epoch 43/100:  82%|████████▏ | 62/76 [00:01<00:00, 60.07it/s, loss=0.6478]
Epoch 43/100:  82%|████████▏ | 62/76 [00:01<00:00, 60.07it/s, loss=0.8558]
Epoch 43/100:  82%|████████▏ | 62/76 [00:01<00:00, 60.07it/s, loss=0.8417]
Epoch 43/100:  82%|████████▏ | 62/76 [00:01<00:00, 60.07it/s, loss=0.9042]
Epoch 43/100:  91%|█████████ | 69/76 [00:01<00:00, 60.09it/s, loss=0.9042]
Epoch 43/100:  91%|█████████ | 69/76 [00:01<00:00, 60.09it/s, loss=0.7441]
Epoch 43/100:  91%|█████████ | 69/76 [00:01<00:00, 60.09it/s, loss=0.7960]
Epoch 43/100:  91%|█████████ | 69/76 [00:01<00:00, 60.09it/s, loss=0.9543]
Epoch 43/100:  91%|█████████ | 69/76 [00:01<00:00, 60.09it/s, loss=0.7490]
Epoch 43/100:  91%|█████████ | 69/76 [00:01<00:00, 60.09it/s, loss=0.6603]
Epoch 43/100:  91%|█████████ | 69/76 [00:01<00:00, 60.09it/s, loss=0.8290]
Epoch 43/100:  91%|█████████ | 69/76 [00:01<00:00, 60.09it/s, loss=0.6622]
Epoch 43/100: 100%|██████████| 76/76 [00:01<00:00, 60.13it/s, loss=0.6622]
Epoch 43/100: 100%|██████████| 76/76 [00:01<00:00, 60.06it/s, loss=0.6622]
Epoch 43/100 - avg_loss: 0.6910

Epoch 44/100:   0%|          | 0/76 [00:00<?, ?it/s]
Epoch 44/100:   0%|          | 0/76 [00:00<?, ?it/s, loss=0.8436]
Epoch 44/100:   0%|          | 0/76 [00:00<?, ?it/s, loss=0.5103]
Epoch 44/100:   0%|          | 0/76 [00:00<?, ?it/s, loss=0.4489]
Epoch 44/100:   0%|          | 0/76 [00:00<?, ?it/s, loss=0.4559]
Epoch 44/100:   0%|          | 0/76 [00:00<?, ?it/s, loss=0.6897]
Epoch 44/100:   0%|          | 0/76 [00:00<?, ?it/s, loss=0.8212]
Epoch 44/100:   8%|▊         | 6/76 [00:00<00:01, 59.62it/s, loss=0.8212]
Epoch 44/100:   8%|▊         | 6/76 [00:00<00:01, 59.62it/s, loss=0.5321]
Epoch 44/100:   8%|▊         | 6/76 [00:00<00:01, 59.62it/s, loss=0.5920]
Epoch 44/100:   8%|▊         | 6/76 [00:00<00:01, 59.62it/s, loss=0.5891]
Epoch 44/100:   8%|▊         | 6/76 [00:00<00:01, 59.62it/s, loss=0.5069]
Epoch 44/100:   8%|▊         | 6/76 [00:00<00:01, 59.62it/s, loss=0.5282]
Epoch 44/100:   8%|▊         | 6/76 [00:00<00:01, 59.62it/s, loss=0.5667]
Epoch 44/100:  16%|█▌        | 12/76 [00:00<00:01, 58.10it/s, loss=0.5667]
Epoch 44/100:  16%|█▌        | 12/76 [00:00<00:01, 58.10it/s, loss=0.6106]
Epoch 44/100:  16%|█▌        | 12/76 [00:00<00:01, 58.10it/s, loss=0.8565]
Epoch 44/100:  16%|█▌        | 12/76 [00:00<00:01, 58.10it/s, loss=0.6853]
Epoch 44/100:  16%|█▌        | 12/76 [00:00<00:01, 58.10it/s, loss=0.5901]
Epoch 44/100:  16%|█▌        | 12/76 [00:00<00:01, 58.10it/s, loss=0.5212]
Epoch 44/100:  16%|█▌        | 12/76 [00:00<00:01, 58.10it/s, loss=0.9771]
Epoch 44/100:  24%|██▎       | 18/76 [00:00<00:01, 57.98it/s, loss=0.9771]
Epoch 44/100:  24%|██▎       | 18/76 [00:00<00:01, 57.98it/s, loss=0.7221]
Epoch 44/100:  24%|██▎       | 18/76 [00:00<00:01, 57.98it/s, loss=0.7701]
Epoch 44/100:  24%|██▎       | 18/76 [00:00<00:01, 57.98it/s, loss=0.4480]
Epoch 44/100:  24%|██▎       | 18/76 [00:00<00:01, 57.98it/s, loss=0.7062]
Epoch 44/100:  24%|██▎       | 18/76 [00:00<00:01, 57.98it/s, loss=0.8346]
Epoch 44/100:  24%|██▎       | 18/76 [00:00<00:01, 57.98it/s, loss=0.5473]
Epoch 44/100:  32%|███▏      | 24/76 [00:00<00:00, 58.69it/s, loss=0.5473]
Epoch 44/100:  32%|███▏      | 24/76 [00:00<00:00, 58.69it/s, loss=0.6906]
Epoch 44/100:  32%|███▏      | 24/76 [00:00<00:00, 58.69it/s, loss=0.5699]
Epoch 44/100:  32%|███▏      | 24/76 [00:00<00:00, 58.69it/s, loss=0.7603]
Epoch 44/100:  32%|███▏      | 24/76 [00:00<00:00, 58.69it/s, loss=0.6840]
Epoch 44/100:  32%|███▏      | 24/76 [00:00<00:00, 58.69it/s, loss=0.7006]
Epoch 44/100:  32%|███▏      | 24/76 [00:00<00:00, 58.69it/s, loss=0.5982]
Epoch 44/100:  39%|███▉      | 30/76 [00:00<00:00, 59.13it/s, loss=0.5982]
Epoch 44/100:  39%|███▉      | 30/76 [00:00<00:00, 59.13it/s, loss=0.6451]
Epoch 44/100:  39%|███▉      | 30/76 [00:00<00:00, 59.13it/s, loss=0.6115]
Epoch 44/100:  39%|███▉      | 30/76 [00:00<00:00, 59.13it/s, loss=0.4647]
Epoch 44/100:  39%|███▉      | 30/76 [00:00<00:00, 59.13it/s, loss=0.6292]
Epoch 44/100:  39%|███▉      | 30/76 [00:00<00:00, 59.13it/s, loss=0.6721]
Epoch 44/100:  39%|███▉      | 30/76 [00:00<00:00, 59.13it/s, loss=0.5982]
Epoch 44/100:  47%|████▋     | 36/76 [00:00<00:00, 59.32it/s, loss=0.5982]
Epoch 44/100:  47%|████▋     | 36/76 [00:00<00:00, 59.32it/s, loss=0.5197]
Epoch 44/100:  47%|████▋     | 36/76 [00:00<00:00, 59.32it/s, loss=0.5593]
Epoch 44/100:  47%|████▋     | 36/76 [00:00<00:00, 59.32it/s, loss=0.7070]
Epoch 44/100:  47%|████▋     | 36/76 [00:00<00:00, 59.32it/s, loss=0.7183]
Epoch 44/100:  47%|████▋     | 36/76 [00:00<00:00, 59.32it/s, loss=0.5367]
Epoch 44/100:  47%|████▋     | 36/76 [00:00<00:00, 59.32it/s, loss=0.6811]
Epoch 44/100:  47%|████▋     | 36/76 [00:00<00:00, 59.32it/s, loss=1.0459]
Epoch 44/100:  57%|█████▋    | 43/76 [00:00<00:00, 59.61it/s, loss=1.0459]
Epoch 44/100:  57%|█████▋    | 43/76 [00:00<00:00, 59.61it/s, loss=0.6872]
Epoch 44/100:  57%|█████▋    | 43/76 [00:00<00:00, 59.61it/s, loss=0.5330]
Epoch 44/100:  57%|█████▋    | 43/76 [00:00<00:00, 59.61it/s, loss=0.6212]
Epoch 44/100:  57%|█████▋    | 43/76 [00:00<00:00, 59.61it/s, loss=0.6580]
Epoch 44/100:  57%|█████▋    | 43/76 [00:00<00:00, 59.61it/s, loss=0.6228]
Epoch 44/100:  57%|█████▋    | 43/76 [00:00<00:00, 59.61it/s, loss=0.5417]
Epoch 44/100:  57%|█████▋    | 43/76 [00:00<00:00, 59.61it/s, loss=0.7046]
Epoch 44/100:  66%|██████▌   | 50/76 [00:00<00:00, 59.75it/s, loss=0.7046]
Epoch 44/100:  66%|██████▌   | 50/76 [00:00<00:00, 59.75it/s, loss=0.5587]
Epoch 44/100:  66%|██████▌   | 50/76 [00:00<00:00, 59.75it/s, loss=0.5671]
Epoch 44/100:  66%|██████▌   | 50/76 [00:00<00:00, 59.75it/s, loss=0.8497]
Epoch 44/100:  66%|██████▌   | 50/76 [00:00<00:00, 59.75it/s, loss=0.9496]
Epoch 44/100:  66%|██████▌   | 50/76 [00:00<00:00, 59.75it/s, loss=0.6692]
Epoch 44/100:  66%|██████▌   | 50/76 [00:00<00:00, 59.75it/s, loss=0.6951]
Epoch 44/100:  66%|██████▌   | 50/76 [00:00<00:00, 59.75it/s, loss=0.6854]
Epoch 44/100:  75%|███████▌  | 57/76 [00:00<00:00, 59.89it/s, loss=0.6854]
Epoch 44/100:  75%|███████▌  | 57/76 [00:00<00:00, 59.89it/s, loss=0.7607]
Epoch 44/100:  75%|███████▌  | 57/76 [00:00<00:00, 59.89it/s, loss=0.8110]
Epoch 44/100:  75%|███████▌  | 57/76 [00:01<00:00, 59.89it/s, loss=0.7815]
Epoch 44/100:  75%|███████▌  | 57/76 [00:01<00:00, 59.89it/s, loss=0.5964]
Epoch 44/100:  75%|███████▌  | 57/76 [00:01<00:00, 59.89it/s, loss=0.7999]
Epoch 44/100:  75%|███████▌  | 57/76 [00:01<00:00, 59.89it/s, loss=0.4954]
Epoch 44/100:  83%|████████▎ | 63/76 [00:01<00:00, 59.81it/s, loss=0.4954]
Epoch 44/100:  83%|████████▎ | 63/76 [00:01<00:00, 59.81it/s, loss=0.6949]
Epoch 44/100:  83%|████████▎ | 63/76 [00:01<00:00, 59.81it/s, loss=0.5538]
Epoch 44/100:  83%|████████▎ | 63/76 [00:01<00:00, 59.81it/s, loss=1.0757]
Epoch 44/100:  83%|████████▎ | 63/76 [00:01<00:00, 59.81it/s, loss=0.8774]
Epoch 44/100:  83%|████████▎ | 63/76 [00:01<00:00, 59.81it/s, loss=0.8722]
Epoch 44/100:  83%|████████▎ | 63/76 [00:01<00:00, 59.81it/s, loss=0.7447]
Epoch 44/100:  83%|████████▎ | 63/76 [00:01<00:00, 59.81it/s, loss=0.8418]
Epoch 44/100:  92%|█████████▏| 70/76 [00:01<00:00, 59.88it/s, loss=0.8418]
Epoch 44/100:  92%|█████████▏| 70/76 [00:01<00:00, 59.88it/s, loss=0.9689]
Epoch 44/100:  92%|█████████▏| 70/76 [00:01<00:00, 59.88it/s, loss=0.9412]
Epoch 44/100:  92%|█████████▏| 70/76 [00:01<00:00, 59.88it/s, loss=0.7022]
Epoch 44/100:  92%|█████████▏| 70/76 [00:01<00:00, 59.88it/s, loss=0.7261]
Epoch 44/100:  92%|█████████▏| 70/76 [00:01<00:00, 59.88it/s, loss=0.9020]
Epoch 44/100:  92%|█████████▏| 70/76 [00:01<00:00, 59.88it/s, loss=0.9456]
Epoch 44/100: 100%|██████████| 76/76 [00:01<00:00, 59.53it/s, loss=0.9456]
Epoch 44/100 - avg_loss: 0.6866

Epoch 45/100:   0%|          | 0/76 [00:00<?, ?it/s]
Epoch 45/100:   0%|          | 0/76 [00:00<?, ?it/s, loss=0.4272]
Epoch 45/100:   0%|          | 0/76 [00:00<?, ?it/s, loss=0.6090]
Epoch 45/100:   0%|          | 0/76 [00:00<?, ?it/s, loss=0.5593]
Epoch 45/100:   0%|          | 0/76 [00:00<?, ?it/s, loss=0.5732]
Epoch 45/100:   0%|          | 0/76 [00:00<?, ?it/s, loss=0.6044]
Epoch 45/100:   0%|          | 0/76 [00:00<?, ?it/s, loss=0.4886]
Epoch 45/100:   0%|          | 0/76 [00:00<?, ?it/s, loss=0.5910]
Epoch 45/100:   9%|▉         | 7/76 [00:00<00:01, 60.19it/s, loss=0.5910]
Epoch 45/100:   9%|▉         | 7/76 [00:00<00:01, 60.19it/s, loss=0.5533]
Epoch 45/100:   9%|▉         | 7/76 [00:00<00:01, 60.19it/s, loss=0.7150]
Epoch 45/100:   9%|▉         | 7/76 [00:00<00:01, 60.19it/s, loss=0.6777]
Epoch 45/100:   9%|▉         | 7/76 [00:00<00:01, 60.19it/s, loss=0.7671]
Epoch 45/100:   9%|▉         | 7/76 [00:00<00:01, 60.19it/s, loss=0.6562]
Epoch 45/100:   9%|▉         | 7/76 [00:00<00:01, 60.19it/s, loss=0.4416]
Epoch 45/100:   9%|▉         | 7/76 [00:00<00:01, 60.19it/s, loss=0.6241]
Epoch 45/100:  18%|█▊        | 14/76 [00:00<00:01, 59.75it/s, loss=0.6241]
Epoch 45/100:  18%|█▊        | 14/76 [00:00<00:01, 59.75it/s, loss=0.6314]
Epoch 45/100:  18%|█▊        | 14/76 [00:00<00:01, 59.75it/s, loss=0.6138]
Epoch 45/100:  18%|█▊        | 14/76 [00:00<00:01, 59.75it/s, loss=0.5086]
Epoch 45/100:  18%|█▊        | 14/76 [00:00<00:01, 59.75it/s, loss=0.5719]
Epoch 45/100:  18%|█▊        | 14/76 [00:00<00:01, 59.75it/s, loss=0.6940]
Epoch 45/100:  18%|█▊        | 14/76 [00:00<00:01, 59.75it/s, loss=0.5898]
Epoch 45/100:  26%|██▋       | 20/76 [00:00<00:00, 59.63it/s, loss=0.5898]
Epoch 45/100:  26%|██▋       | 20/76 [00:00<00:00, 59.63it/s, loss=0.6176]
Epoch 45/100:  26%|██▋       | 20/76 [00:00<00:00, 59.63it/s, loss=0.6883]
Epoch 45/100:  26%|██▋       | 20/76 [00:00<00:00, 59.63it/s, loss=0.5974]
Epoch 45/100:  26%|██▋       | 20/76 [00:00<00:00, 59.63it/s, loss=0.5968]
Epoch 45/100:  26%|██▋       | 20/76 [00:00<00:00, 59.63it/s, loss=0.8859]
Epoch 45/100:  26%|██▋       | 20/76 [00:00<00:00, 59.63it/s, loss=0.5970]
Epoch 45/100:  34%|███▍      | 26/76 [00:00<00:00, 59.77it/s, loss=0.5970]
Epoch 45/100:  34%|███▍      | 26/76 [00:00<00:00, 59.77it/s, loss=0.8995]
Epoch 45/100:  34%|███▍      | 26/76 [00:00<00:00, 59.77it/s, loss=0.6620]
Epoch 45/100:  34%|███▍      | 26/76 [00:00<00:00, 59.77it/s, loss=0.6448]
Epoch 45/100:  34%|███▍      | 26/76 [00:00<00:00, 59.77it/s, loss=0.6025]
Epoch 45/100:  34%|███▍      | 26/76 [00:00<00:00, 59.77it/s, loss=0.6523]
Epoch 45/100:  34%|███▍      | 26/76 [00:00<00:00, 59.77it/s, loss=0.6317]
Epoch 45/100:  34%|███▍      | 26/76 [00:00<00:00, 59.77it/s, loss=0.6006]
Epoch 45/100:  43%|████▎     | 33/76 [00:00<00:00, 59.86it/s, loss=0.6006]
Epoch 45/100:  43%|████▎     | 33/76 [00:00<00:00, 59.86it/s, loss=0.8057]
Epoch 45/100:  43%|████▎     | 33/76 [00:00<00:00, 59.86it/s, loss=0.6383]
Epoch 45/100:  43%|████▎     | 33/76 [00:00<00:00, 59.86it/s, loss=0.6092]
Epoch 45/100:  43%|████▎     | 33/76 [00:00<00:00, 59.86it/s, loss=0.5684]
Epoch 45/100:  43%|████▎     | 33/76 [00:00<00:00, 59.86it/s, loss=0.5144]
Epoch 45/100:  43%|████▎     | 33/76 [00:00<00:00, 59.86it/s, loss=0.9204]
Epoch 45/100:  43%|████▎     | 33/76 [00:00<00:00, 59.86it/s, loss=0.5494]
Epoch 45/100:  53%|█████▎    | 40/76 [00:00<00:00, 59.93it/s, loss=0.5494]
Epoch 45/100:  53%|█████▎    | 40/76 [00:00<00:00, 59.93it/s, loss=0.6181]
Epoch 45/100:  53%|█████▎    | 40/76 [00:00<00:00, 59.93it/s, loss=0.6218]
Epoch 45/100:  53%|█████▎    | 40/76 [00:00<00:00, 59.93it/s, loss=0.6185]
Epoch 45/100:  53%|█████▎    | 40/76 [00:00<00:00, 59.93it/s, loss=0.6197]
Epoch 45/100:  53%|█████▎    | 40/76 [00:00<00:00, 59.93it/s, loss=0.7864]
Epoch 45/100:  53%|█████▎    | 40/76 [00:00<00:00, 59.93it/s, loss=0.6972]
Epoch 45/100:  61%|██████    | 46/76 [00:00<00:00, 59.95it/s, loss=0.6972]
Epoch 45/100:  61%|██████    | 46/76 [00:00<00:00, 59.95it/s, loss=0.5558]
Epoch 45/100:  61%|██████    | 46/76 [00:00<00:00, 59.95it/s, loss=0.7745]
Epoch 45/100:  61%|██████    | 46/76 [00:00<00:00, 59.95it/s, loss=0.6798]
Epoch 45/100:  61%|██████    | 46/76 [00:00<00:00, 59.95it/s, loss=0.5709]
Epoch 45/100:  61%|██████    | 46/76 [00:00<00:00, 59.95it/s, loss=0.8222]
Epoch 45/100:  61%|██████    | 46/76 [00:00<00:00, 59.95it/s, loss=0.7596]
Epoch 45/100:  68%|██████▊   | 52/76 [00:00<00:00, 59.91it/s, loss=0.7596]
Epoch 45/100:  68%|██████▊   | 52/76 [00:00<00:00, 59.91it/s, loss=0.8273]
Epoch 45/100:  68%|██████▊   | 52/76 [00:00<00:00, 59.91it/s, loss=0.7081]
Epoch 45/100:  68%|██████▊   | 52/76 [00:00<00:00, 59.91it/s, loss=0.5049]
Epoch 45/100:  68%|██████▊   | 52/76 [00:00<00:00, 59.91it/s, loss=0.8197]
Epoch 45/100:  68%|██████▊   | 52/76 [00:00<00:00, 59.91it/s, loss=0.7724]
Epoch 45/100:  68%|██████▊   | 52/76 [00:00<00:00, 59.91it/s, loss=0.6970]
Epoch 45/100:  68%|██████▊   | 52/76 [00:00<00:00, 59.91it/s, loss=0.6014]
Epoch 45/100:  78%|███████▊  | 59/76 [00:00<00:00, 60.00it/s, loss=0.6014]
Epoch 45/100:  78%|███████▊  | 59/76 [00:01<00:00, 60.00it/s, loss=0.6232]
Epoch 45/100:  78%|███████▊  | 59/76 [00:01<00:00, 60.00it/s, loss=0.6579]
Epoch 45/100:  78%|███████▊  | 59/76 [00:01<00:00, 60.00it/s, loss=0.6105]
Epoch 45/100:  78%|███████▊  | 59/76 [00:01<00:00, 60.00it/s, loss=0.7290]
Epoch 45/100:  78%|███████▊  | 59/76 [00:01<00:00, 60.00it/s, loss=0.7798]
Epoch 45/100:  78%|███████▊  | 59/76 [00:01<00:00, 60.00it/s, loss=0.6574]
Epoch 45/100:  78%|███████▊  | 59/76 [00:01<00:00, 60.00it/s, loss=0.8142]
Epoch 45/100:  87%|████████▋ | 66/76 [00:01<00:00, 60.01it/s, loss=0.8142]
Epoch 45/100:  87%|████████▋ | 66/76 [00:01<00:00, 60.01it/s, loss=0.5879]
Epoch 45/100:  87%|████████▋ | 66/76 [00:01<00:00, 60.01it/s, loss=0.8106]
Epoch 45/100:  87%|████████▋ | 66/76 [00:01<00:00, 60.01it/s, loss=0.7298]
Epoch 45/100:  87%|████████▋ | 66/76 [00:01<00:00, 60.01it/s, loss=0.7314]
Epoch 45/100:  87%|████████▋ | 66/76 [00:01<00:00, 60.01it/s, loss=0.8113]
Epoch 45/100:  87%|████████▋ | 66/76 [00:01<00:00, 60.01it/s, loss=0.5916]
Epoch 45/100:  87%|████████▋ | 66/76 [00:01<00:00, 60.01it/s, loss=0.7207]
Epoch 45/100:  96%|█████████▌| 73/76 [00:01<00:00, 60.05it/s, loss=0.7207]
Epoch 45/100:  96%|█████████▌| 73/76 [00:01<00:00, 60.05it/s, loss=0.5929]
Epoch 45/100:  96%|█████████▌| 73/76 [00:01<00:00, 60.05it/s, loss=0.7319]
Epoch 45/100:  96%|█████████▌| 73/76 [00:01<00:00, 60.05it/s, loss=0.7699]
Epoch 45/100: 100%|██████████| 76/76 [00:01<00:00, 59.95it/s, loss=0.7699]
Epoch 45/100 - avg_loss: 0.6603

Epoch 46/100:   0%|          | 0/76 [00:00<?, ?it/s]
Epoch 46/100:   0%|          | 0/76 [00:00<?, ?it/s, loss=0.4961]
Epoch 46/100:   0%|          | 0/76 [00:00<?, ?it/s, loss=0.4298]
Epoch 46/100:   0%|          | 0/76 [00:00<?, ?it/s, loss=0.5216]
Epoch 46/100:   0%|          | 0/76 [00:00<?, ?it/s, loss=0.7563]
Epoch 46/100:   0%|          | 0/76 [00:00<?, ?it/s, loss=0.5508]
Epoch 46/100:   0%|          | 0/76 [00:00<?, ?it/s, loss=0.6080]
Epoch 46/100:   8%|▊         | 6/76 [00:00<00:01, 59.96it/s, loss=0.6080]
Epoch 46/100:   8%|▊         | 6/76 [00:00<00:01, 59.96it/s, loss=0.5256]
Epoch 46/100:   8%|▊         | 6/76 [00:00<00:01, 59.96it/s, loss=0.5651]
Epoch 46/100:   8%|▊         | 6/76 [00:00<00:01, 59.96it/s, loss=0.5656]
Epoch 46/100:   8%|▊         | 6/76 [00:00<00:01, 59.96it/s, loss=0.8454]
Epoch 46/100:   8%|▊         | 6/76 [00:00<00:01, 59.96it/s, loss=0.8049]
Epoch 46/100:   8%|▊         | 6/76 [00:00<00:01, 59.96it/s, loss=0.6366]
Epoch 46/100:   8%|▊         | 6/76 [00:00<00:01, 59.96it/s, loss=0.5675]
Epoch 46/100:  17%|█▋        | 13/76 [00:00<00:01, 60.07it/s, loss=0.5675]
Epoch 46/100:  17%|█▋        | 13/76 [00:00<00:01, 60.07it/s, loss=0.7874]
Epoch 46/100:  17%|█▋        | 13/76 [00:00<00:01, 60.07it/s, loss=0.5544]
Epoch 46/100:  17%|█▋        | 13/76 [00:00<00:01, 60.07it/s, loss=0.6872]
Epoch 46/100:  17%|█▋        | 13/76 [00:00<00:01, 60.07it/s, loss=0.5722]
Epoch 46/100:  17%|█▋        | 13/76 [00:00<00:01, 60.07it/s, loss=0.5788]
Epoch 46/100:  17%|█▋        | 13/76 [00:00<00:01, 60.07it/s, loss=0.5247]
Epoch 46/100:  17%|█▋        | 13/76 [00:00<00:01, 60.07it/s, loss=0.4718]
Epoch 46/100:  26%|██▋       | 20/76 [00:00<00:00, 60.07it/s, loss=0.4718]
Epoch 46/100:  26%|██▋       | 20/76 [00:00<00:00, 60.07it/s, loss=0.5751]
Epoch 46/100:  26%|██▋       | 20/76 [00:00<00:00, 60.07it/s, loss=0.4580]
Epoch 46/100:  26%|██▋       | 20/76 [00:00<00:00, 60.07it/s, loss=0.5712]
Epoch 46/100:  26%|██▋       | 20/76 [00:00<00:00, 60.07it/s, loss=0.5344]
Epoch 46/100:  26%|██▋       | 20/76 [00:00<00:00, 60.07it/s, loss=0.7832]
Epoch 46/100:  26%|██▋       | 20/76 [00:00<00:00, 60.07it/s, loss=0.4925]
Epoch 46/100:  26%|██▋       | 20/76 [00:00<00:00, 60.07it/s, loss=0.6641]
Epoch 46/100:  36%|███▌      | 27/76 [00:00<00:00, 60.09it/s, loss=0.6641]
Epoch 46/100:  36%|███▌      | 27/76 [00:00<00:00, 60.09it/s, loss=0.6292]
Epoch 46/100:  36%|███▌      | 27/76 [00:00<00:00, 60.09it/s, loss=0.5530]
Epoch 46/100:  36%|███▌      | 27/76 [00:00<00:00, 60.09it/s, loss=0.5220]
Epoch 46/100:  36%|███▌      | 27/76 [00:00<00:00, 60.09it/s, loss=0.6420]
Epoch 46/100:  36%|███▌      | 27/76 [00:00<00:00, 60.09it/s, loss=0.6936]
Epoch 46/100:  36%|███▌      | 27/76 [00:00<00:00, 60.09it/s, loss=0.6612]
Epoch 46/100:  36%|███▌      | 27/76 [00:00<00:00, 60.09it/s, loss=0.8557]
Epoch 46/100:  45%|████▍     | 34/76 [00:00<00:00, 59.92it/s, loss=0.8557]
Epoch 46/100:  45%|████▍     | 34/76 [00:00<00:00, 59.92it/s, loss=0.7349]
Epoch 46/100:  45%|████▍     | 34/76 [00:00<00:00, 59.92it/s, loss=0.8080]
Epoch 46/100:  45%|████▍     | 34/76 [00:00<00:00, 59.92it/s, loss=0.7159]
Epoch 46/100:  45%|████▍     | 34/76 [00:00<00:00, 59.92it/s, loss=0.7994]
Epoch 46/100:  45%|████▍     | 34/76 [00:00<00:00, 59.92it/s, loss=0.7668]
Epoch 46/100:  45%|████▍     | 34/76 [00:00<00:00, 59.92it/s, loss=0.6594]
Epoch 46/100:  45%|████▍     | 34/76 [00:00<00:00, 59.92it/s, loss=0.7409]
Epoch 46/100:  54%|█████▍    | 41/76 [00:00<00:00, 59.97it/s, loss=0.7409]
Epoch 46/100:  54%|█████▍    | 41/76 [00:00<00:00, 59.97it/s, loss=0.6591]
Epoch 46/100:  54%|█████▍    | 41/76 [00:00<00:00, 59.97it/s, loss=0.5252]
Epoch 46/100:  54%|█████▍    | 41/76 [00:00<00:00, 59.97it/s, loss=0.6159]
Epoch 46/100:  54%|█████▍    | 41/76 [00:00<00:00, 59.97it/s, loss=0.7319]
Epoch 46/100:  54%|█████▍    | 41/76 [00:00<00:00, 59.97it/s, loss=0.6648]
Epoch 46/100:  54%|█████▍    | 41/76 [00:00<00:00, 59.97it/s, loss=0.6251]
Epoch 46/100:  54%|█████▍    | 41/76 [00:00<00:00, 59.97it/s, loss=0.6678]
Epoch 46/100:  63%|██████▎   | 48/76 [00:00<00:00, 60.02it/s, loss=0.6678]
Epoch 46/100:  63%|██████▎   | 48/76 [00:00<00:00, 60.02it/s, loss=0.6878]
Epoch 46/100:  63%|██████▎   | 48/76 [00:00<00:00, 60.02it/s, loss=0.6701]
Epoch 46/100:  63%|██████▎   | 48/76 [00:00<00:00, 60.02it/s, loss=0.7213]
Epoch 46/100:  63%|██████▎   | 48/76 [00:00<00:00, 60.02it/s, loss=0.7072]
Epoch 46/100:  63%|██████▎   | 48/76 [00:00<00:00, 60.02it/s, loss=0.6123]
Epoch 46/100:  63%|██████▎   | 48/76 [00:00<00:00, 60.02it/s, loss=0.3909]
Epoch 46/100:  63%|██████▎   | 48/76 [00:00<00:00, 60.02it/s, loss=0.6745]
Epoch 46/100:  72%|███████▏  | 55/76 [00:00<00:00, 60.08it/s, loss=0.6745]
Epoch 46/100:  72%|███████▏  | 55/76 [00:00<00:00, 60.08it/s, loss=0.8410]
Epoch 46/100:  72%|███████▏  | 55/76 [00:00<00:00, 60.08it/s, loss=1.0118]
Epoch 46/100:  72%|███████▏  | 55/76 [00:00<00:00, 60.08it/s, loss=0.9411]
Epoch 46/100:  72%|███████▏  | 55/76 [00:00<00:00, 60.08it/s, loss=0.7028]
Epoch 46/100:  72%|███████▏  | 55/76 [00:00<00:00, 60.08it/s, loss=0.8857]
Epoch 46/100:  72%|███████▏  | 55/76 [00:01<00:00, 60.08it/s, loss=0.5043]
Epoch 46/100:  72%|███████▏  | 55/76 [00:01<00:00, 60.08it/s, loss=0.5909]
Epoch 46/100:  82%|████████▏ | 62/76 [00:01<00:00, 60.03it/s, loss=0.5909]
Epoch 46/100:  82%|████████▏ | 62/76 [00:01<00:00, 60.03it/s, loss=0.8333]
Epoch 46/100:  82%|████████▏ | 62/76 [00:01<00:00, 60.03it/s, loss=0.4927]
Epoch 46/100:  82%|████████▏ | 62/76 [00:01<00:00, 60.03it/s, loss=0.8230]
Epoch 46/100:  82%|████████▏ | 62/76 [00:01<00:00, 60.03it/s, loss=0.8328]
Epoch 46/100:  82%|████████▏ | 62/76 [00:01<00:00, 60.03it/s, loss=0.6901]
Epoch 46/100:  82%|████████▏ | 62/76 [00:01<00:00, 60.03it/s, loss=0.7241]
Epoch 46/100:  82%|████████▏ | 62/76 [00:01<00:00, 60.03it/s, loss=0.8373]
Epoch 46/100:  91%|█████████ | 69/76 [00:01<00:00, 60.02it/s, loss=0.8373]
Epoch 46/100:  91%|█████████ | 69/76 [00:01<00:00, 60.02it/s, loss=0.9431]
Epoch 46/100:  91%|█████████ | 69/76 [00:01<00:00, 60.02it/s, loss=0.5907]
Epoch 46/100:  91%|█████████ | 69/76 [00:01<00:00, 60.02it/s, loss=0.7679]
Epoch 46/100:  91%|█████████ | 69/76 [00:01<00:00, 60.02it/s, loss=0.7667]
Epoch 46/100:  91%|█████████ | 69/76 [00:01<00:00, 60.02it/s, loss=0.6712]
Epoch 46/100:  91%|█████████ | 69/76 [00:01<00:00, 60.02it/s, loss=0.7318]
Epoch 46/100:  91%|█████████ | 69/76 [00:01<00:00, 60.02it/s, loss=0.8156]
Epoch 46/100: 100%|██████████| 76/76 [00:01<00:00, 60.06it/s, loss=0.8156]
Epoch 46/100: 100%|██████████| 76/76 [00:01<00:00, 60.03it/s, loss=0.8156]
Epoch 46/100 - avg_loss: 0.6692

Epoch 47/100:   0%|          | 0/76 [00:00<?, ?it/s]
Epoch 47/100:   0%|          | 0/76 [00:00<?, ?it/s, loss=0.4723]
Epoch 47/100:   0%|          | 0/76 [00:00<?, ?it/s, loss=0.7320]
Epoch 47/100:   0%|          | 0/76 [00:00<?, ?it/s, loss=0.5271]
Epoch 47/100:   0%|          | 0/76 [00:00<?, ?it/s, loss=0.5752]
Epoch 47/100:   0%|          | 0/76 [00:00<?, ?it/s, loss=0.6196]
Epoch 47/100:   0%|          | 0/76 [00:00<?, ?it/s, loss=0.3582]
Epoch 47/100:   0%|          | 0/76 [00:00<?, ?it/s, loss=0.5556]
Epoch 47/100:   9%|▉         | 7/76 [00:00<00:01, 60.30it/s, loss=0.5556]
Epoch 47/100:   9%|▉         | 7/76 [00:00<00:01, 60.30it/s, loss=0.5074]
Epoch 47/100:   9%|▉         | 7/76 [00:00<00:01, 60.30it/s, loss=0.4772]
Epoch 47/100:   9%|▉         | 7/76 [00:00<00:01, 60.30it/s, loss=0.5538]
Epoch 47/100:   9%|▉         | 7/76 [00:00<00:01, 60.30it/s, loss=0.5088]
Epoch 47/100:   9%|▉         | 7/76 [00:00<00:01, 60.30it/s, loss=0.5676]
Epoch 47/100:   9%|▉         | 7/76 [00:00<00:01, 60.30it/s, loss=0.6093]
Epoch 47/100:   9%|▉         | 7/76 [00:00<00:01, 60.30it/s, loss=0.7148]
Epoch 47/100:  18%|█▊        | 14/76 [00:00<00:01, 60.20it/s, loss=0.7148]
Epoch 47/100:  18%|█▊        | 14/76 [00:00<00:01, 60.20it/s, loss=0.5428]
Epoch 47/100:  18%|█▊        | 14/76 [00:00<00:01, 60.20it/s, loss=0.5930]
Epoch 47/100:  18%|█▊        | 14/76 [00:00<00:01, 60.20it/s, loss=0.6134]
Epoch 47/100:  18%|█▊        | 14/76 [00:00<00:01, 60.20it/s, loss=0.7394]
Epoch 47/100:  18%|█▊        | 14/76 [00:00<00:01, 60.20it/s, loss=0.4873]
Epoch 47/100:  18%|█▊        | 14/76 [00:00<00:01, 60.20it/s, loss=0.5745]
Epoch 47/100:  18%|█▊        | 14/76 [00:00<00:01, 60.20it/s, loss=0.5734]
Epoch 47/100:  28%|██▊       | 21/76 [00:00<00:00, 60.01it/s, loss=0.5734]
Epoch 47/100:  28%|██▊       | 21/76 [00:00<00:00, 60.01it/s, loss=0.5371]
Epoch 47/100:  28%|██▊       | 21/76 [00:00<00:00, 60.01it/s, loss=0.5183]
Epoch 47/100:  28%|██▊       | 21/76 [00:00<00:00, 60.01it/s, loss=0.6335]
Epoch 47/100:  28%|██▊       | 21/76 [00:00<00:00, 60.01it/s, loss=0.7328]
Epoch 47/100:  28%|██▊       | 21/76 [00:00<00:00, 60.01it/s, loss=0.6319]
Epoch 47/100:  28%|██▊       | 21/76 [00:00<00:00, 60.01it/s, loss=0.5770]
Epoch 47/100:  28%|██▊       | 21/76 [00:00<00:00, 60.01it/s, loss=0.6984]
Epoch 47/100:  37%|███▋      | 28/76 [00:00<00:00, 60.02it/s, loss=0.6984]
Epoch 47/100:  37%|███▋      | 28/76 [00:00<00:00, 60.02it/s, loss=0.5263]
Epoch 47/100:  37%|███▋      | 28/76 [00:00<00:00, 60.02it/s, loss=0.6692]
Epoch 47/100:  37%|███▋      | 28/76 [00:00<00:00, 60.02it/s, loss=0.5983]
Epoch 47/100:  37%|███▋      | 28/76 [00:00<00:00, 60.02it/s, loss=0.5616]
Epoch 47/100:  37%|███▋      | 28/76 [00:00<00:00, 60.02it/s, loss=0.7039]
Epoch 47/100:  37%|███▋      | 28/76 [00:00<00:00, 60.02it/s, loss=0.7180]
Epoch 47/100:  37%|███▋      | 28/76 [00:00<00:00, 60.02it/s, loss=0.6833]
Epoch 47/100:  46%|████▌     | 35/76 [00:00<00:00, 60.06it/s, loss=0.6833]
Epoch 47/100:  46%|████▌     | 35/76 [00:00<00:00, 60.06it/s, loss=0.8284]
Epoch 47/100:  46%|████▌     | 35/76 [00:00<00:00, 60.06it/s, loss=0.3811]
Epoch 47/100:  46%|████▌     | 35/76 [00:00<00:00, 60.06it/s, loss=0.5398]
Epoch 47/100:  46%|████▌     | 35/76 [00:00<00:00, 60.06it/s, loss=0.5767]
Epoch 47/100:  46%|████▌     | 35/76 [00:00<00:00, 60.06it/s, loss=0.7175]
Epoch 47/100:  46%|████▌     | 35/76 [00:00<00:00, 60.06it/s, loss=0.6514]
Epoch 47/100:  46%|████▌     | 35/76 [00:00<00:00, 60.06it/s, loss=0.8394]
Epoch 47/100:  55%|█████▌    | 42/76 [00:00<00:00, 60.11it/s, loss=0.8394]
Epoch 47/100:  55%|█████▌    | 42/76 [00:00<00:00, 60.11it/s, loss=0.7064]
Epoch 47/100:  55%|█████▌    | 42/76 [00:00<00:00, 60.11it/s, loss=0.7811]
Epoch 47/100:  55%|█████▌    | 42/76 [00:00<00:00, 60.11it/s, loss=0.7008]
Epoch 47/100:  55%|█████▌    | 42/76 [00:00<00:00, 60.11it/s, loss=0.7144]
Epoch 47/100:  55%|█████▌    | 42/76 [00:00<00:00, 60.11it/s, loss=0.6984]
Epoch 47/100:  55%|█████▌    | 42/76 [00:00<00:00, 60.11it/s, loss=0.6702]
Epoch 47/100:  55%|█████▌    | 42/76 [00:00<00:00, 60.11it/s, loss=0.8943]
Epoch 47/100:  64%|██████▍   | 49/76 [00:00<00:00, 59.87it/s, loss=0.8943]
Epoch 47/100:  64%|██████▍   | 49/76 [00:00<00:00, 59.87it/s, loss=0.6668]
Epoch 47/100:  64%|██████▍   | 49/76 [00:00<00:00, 59.87it/s, loss=0.5805]
Epoch 47/100:  64%|██████▍   | 49/76 [00:00<00:00, 59.87it/s, loss=0.7149]
Epoch 47/100:  64%|██████▍   | 49/76 [00:00<00:00, 59.87it/s, loss=0.7794]
Epoch 47/100:  64%|██████▍   | 49/76 [00:00<00:00, 59.87it/s, loss=0.5134]
Epoch 47/100:  64%|██████▍   | 49/76 [00:00<00:00, 59.87it/s, loss=1.0019]
Epoch 47/100:  64%|██████▍   | 49/76 [00:00<00:00, 59.87it/s, loss=0.9421]
Epoch 47/100:  74%|███████▎  | 56/76 [00:00<00:00, 59.96it/s, loss=0.9421]
Epoch 47/100:  74%|███████▎  | 56/76 [00:00<00:00, 59.96it/s, loss=0.5915]
Epoch 47/100:  74%|███████▎  | 56/76 [00:00<00:00, 59.96it/s, loss=0.6729]
Epoch 47/100:  74%|███████▎  | 56/76 [00:00<00:00, 59.96it/s, loss=0.6194]
Epoch 47/100:  74%|███████▎  | 56/76 [00:00<00:00, 59.96it/s, loss=0.6893]
Epoch 47/100:  74%|███████▎  | 56/76 [00:01<00:00, 59.96it/s, loss=0.8043]
Epoch 47/100:  74%|███████▎  | 56/76 [00:01<00:00, 59.96it/s, loss=0.7509]
Epoch 47/100:  74%|███████▎  | 56/76 [00:01<00:00, 59.96it/s, loss=0.9495]
Epoch 47/100:  83%|████████▎ | 63/76 [00:01<00:00, 59.98it/s, loss=0.9495]
Epoch 47/100:  83%|████████▎ | 63/76 [00:01<00:00, 59.98it/s, loss=0.8086]
Epoch 47/100:  83%|████████▎ | 63/76 [00:01<00:00, 59.98it/s, loss=0.6757]
Epoch 47/100:  83%|████████▎ | 63/76 [00:01<00:00, 59.98it/s, loss=0.4994]
Epoch 47/100:  83%|████████▎ | 63/76 [00:01<00:00, 59.98it/s, loss=0.7000]
Epoch 47/100:  83%|████████▎ | 63/76 [00:01<00:00, 59.98it/s, loss=0.6747]
Epoch 47/100:  83%|████████▎ | 63/76 [00:01<00:00, 59.98it/s, loss=0.8502]
Epoch 47/100:  91%|█████████ | 69/76 [00:01<00:00, 59.99it/s, loss=0.8502]
Epoch 47/100:  91%|█████████ | 69/76 [00:01<00:00, 59.99it/s, loss=0.8507]
Epoch 47/100:  91%|█████████ | 69/76 [00:01<00:00, 59.99it/s, loss=0.8642]
Epoch 47/100:  91%|█████████ | 69/76 [00:01<00:00, 59.99it/s, loss=0.7711]
Epoch 47/100:  91%|█████████ | 69/76 [00:01<00:00, 59.99it/s, loss=0.7023]
Epoch 47/100:  91%|█████████ | 69/76 [00:01<00:00, 59.99it/s, loss=0.8215]
Epoch 47/100:  91%|█████████ | 69/76 [00:01<00:00, 59.99it/s, loss=0.6720]
Epoch 47/100:  99%|█████████▊| 75/76 [00:01<00:00, 59.96it/s, loss=0.6720]
Epoch 47/100:  99%|█████████▊| 75/76 [00:01<00:00, 59.96it/s, loss=0.7705]
Epoch 47/100: 100%|██████████| 76/76 [00:01<00:00, 60.01it/s, loss=0.7705]
Epoch 47/100 - avg_loss: 0.6622

Epoch 48/100:   0%|          | 0/76 [00:00<?, ?it/s]
Epoch 48/100:   0%|          | 0/76 [00:00<?, ?it/s, loss=0.5366]
Epoch 48/100:   0%|          | 0/76 [00:00<?, ?it/s, loss=0.3865]
Epoch 48/100:   0%|          | 0/76 [00:00<?, ?it/s, loss=0.5295]
Epoch 48/100:   0%|          | 0/76 [00:00<?, ?it/s, loss=0.4381]
Epoch 48/100:   0%|          | 0/76 [00:00<?, ?it/s, loss=0.3949]
Epoch 48/100:   0%|          | 0/76 [00:00<?, ?it/s, loss=0.6308]
Epoch 48/100:   0%|          | 0/76 [00:00<?, ?it/s, loss=0.3852]
Epoch 48/100:   9%|▉         | 7/76 [00:00<00:01, 60.13it/s, loss=0.3852]
Epoch 48/100:   9%|▉         | 7/76 [00:00<00:01, 60.13it/s, loss=0.5453]
Epoch 48/100:   9%|▉         | 7/76 [00:00<00:01, 60.13it/s, loss=0.5608]
Epoch 48/100:   9%|▉         | 7/76 [00:00<00:01, 60.13it/s, loss=0.6694]
Epoch 48/100:   9%|▉         | 7/76 [00:00<00:01, 60.13it/s, loss=0.4207]
Epoch 48/100:   9%|▉         | 7/76 [00:00<00:01, 60.13it/s, loss=0.6489]
Epoch 48/100:   9%|▉         | 7/76 [00:00<00:01, 60.13it/s, loss=0.6432]
Epoch 48/100:   9%|▉         | 7/76 [00:00<00:01, 60.13it/s, loss=0.6073]
Epoch 48/100:  18%|█▊        | 14/76 [00:00<00:01, 61.07it/s, loss=0.6073]
Epoch 48/100:  18%|█▊        | 14/76 [00:00<00:01, 61.07it/s, loss=0.5394]
Epoch 48/100:  18%|█▊        | 14/76 [00:00<00:01, 61.07it/s, loss=0.6909]
Epoch 48/100:  18%|█▊        | 14/76 [00:00<00:01, 61.07it/s, loss=0.5548]
Epoch 48/100:  18%|█▊        | 14/76 [00:00<00:01, 61.07it/s, loss=0.6014]
Epoch 48/100:  18%|█▊        | 14/76 [00:00<00:01, 61.07it/s, loss=0.7362]
Epoch 48/100:  18%|█▊        | 14/76 [00:00<00:01, 61.07it/s, loss=0.6634]
Epoch 48/100:  18%|█▊        | 14/76 [00:00<00:01, 61.07it/s, loss=0.4425]
Epoch 48/100:  28%|██▊       | 21/76 [00:00<00:00, 60.13it/s, loss=0.4425]
Epoch 48/100:  28%|██▊       | 21/76 [00:00<00:00, 60.13it/s, loss=0.5718]
Epoch 48/100:  28%|██▊       | 21/76 [00:00<00:00, 60.13it/s, loss=0.4416]
Epoch 48/100:  28%|██▊       | 21/76 [00:00<00:00, 60.13it/s, loss=0.6395]
Epoch 48/100:  28%|██▊       | 21/76 [00:00<00:00, 60.13it/s, loss=0.6444]
Epoch 48/100:  28%|██▊       | 21/76 [00:00<00:00, 60.13it/s, loss=0.6174]
Epoch 48/100:  28%|██▊       | 21/76 [00:00<00:00, 60.13it/s, loss=0.5583]
Epoch 48/100:  28%|██▊       | 21/76 [00:00<00:00, 60.13it/s, loss=0.7378]
Epoch 48/100:  37%|███▋      | 28/76 [00:00<00:00, 60.04it/s, loss=0.7378]
Epoch 48/100:  37%|███▋      | 28/76 [00:00<00:00, 60.04it/s, loss=0.5992]
Epoch 48/100:  37%|███▋      | 28/76 [00:00<00:00, 60.04it/s, loss=0.6037]
Epoch 48/100:  37%|███▋      | 28/76 [00:00<00:00, 60.04it/s, loss=0.6206]
Epoch 48/100:  37%|███▋      | 28/76 [00:00<00:00, 60.04it/s, loss=0.5720]
Epoch 48/100:  37%|███▋      | 28/76 [00:00<00:00, 60.04it/s, loss=0.6569]
Epoch 48/100:  37%|███▋      | 28/76 [00:00<00:00, 60.04it/s, loss=0.6216]
Epoch 48/100:  37%|███▋      | 28/76 [00:00<00:00, 60.04it/s, loss=0.7708]
Epoch 48/100:  46%|████▌     | 35/76 [00:00<00:00, 59.95it/s, loss=0.7708]
Epoch 48/100:  46%|████▌     | 35/76 [00:00<00:00, 59.95it/s, loss=0.5384]
Epoch 48/100:  46%|████▌     | 35/76 [00:00<00:00, 59.95it/s, loss=0.7277]
Epoch 48/100:  46%|████▌     | 35/76 [00:00<00:00, 59.95it/s, loss=0.6548]
Epoch 48/100:  46%|████▌     | 35/76 [00:00<00:00, 59.95it/s, loss=0.6878]
Epoch 48/100:  46%|████▌     | 35/76 [00:00<00:00, 59.95it/s, loss=0.7104]
Epoch 48/100:  46%|████▌     | 35/76 [00:00<00:00, 59.95it/s, loss=0.6565]
Epoch 48/100:  46%|████▌     | 35/76 [00:00<00:00, 59.95it/s, loss=0.7868]
Epoch 48/100:  55%|█████▌    | 42/76 [00:00<00:00, 60.06it/s, loss=0.7868]
Epoch 48/100:  55%|█████▌    | 42/76 [00:00<00:00, 60.06it/s, loss=0.4775]
Epoch 48/100:  55%|█████▌    | 42/76 [00:00<00:00, 60.06it/s, loss=0.6161]
Epoch 48/100:  55%|█████▌    | 42/76 [00:00<00:00, 60.06it/s, loss=0.4470]
Epoch 48/100:  55%|█████▌    | 42/76 [00:00<00:00, 60.06it/s, loss=0.6330]
Epoch 48/100:  55%|█████▌    | 42/76 [00:00<00:00, 60.06it/s, loss=0.7052]
Epoch 48/100:  55%|█████▌    | 42/76 [00:00<00:00, 60.06it/s, loss=0.8205]
Epoch 48/100:  55%|█████▌    | 42/76 [00:00<00:00, 60.06it/s, loss=0.7325]
Epoch 48/100:  64%|██████▍   | 49/76 [00:00<00:00, 60.05it/s, loss=0.7325]
Epoch 48/100:  64%|██████▍   | 49/76 [00:00<00:00, 60.05it/s, loss=0.5918]
Epoch 48/100:  64%|██████▍   | 49/76 [00:00<00:00, 60.05it/s, loss=0.7148]
Epoch 48/100:  64%|██████▍   | 49/76 [00:00<00:00, 60.05it/s, loss=0.5636]
Epoch 48/100:  64%|██████▍   | 49/76 [00:00<00:00, 60.05it/s, loss=0.8579]
Epoch 48/100:  64%|██████▍   | 49/76 [00:00<00:00, 60.05it/s, loss=0.6315]
Epoch 48/100:  64%|██████▍   | 49/76 [00:00<00:00, 60.05it/s, loss=0.6274]
Epoch 48/100:  64%|██████▍   | 49/76 [00:00<00:00, 60.05it/s, loss=0.7332]
Epoch 48/100:  74%|███████▎  | 56/76 [00:00<00:00, 60.07it/s, loss=0.7332]
Epoch 48/100:  74%|███████▎  | 56/76 [00:00<00:00, 60.07it/s, loss=0.6128]
Epoch 48/100:  74%|███████▎  | 56/76 [00:00<00:00, 60.07it/s, loss=1.1356]
Epoch 48/100:  74%|███████▎  | 56/76 [00:00<00:00, 60.07it/s, loss=0.7592]
Epoch 48/100:  74%|███████▎  | 56/76 [00:00<00:00, 60.07it/s, loss=0.5495]
Epoch 48/100:  74%|███████▎  | 56/76 [00:01<00:00, 60.07it/s, loss=0.6451]
Epoch 48/100:  74%|███████▎  | 56/76 [00:01<00:00, 60.07it/s, loss=0.6195]
Epoch 48/100:  74%|███████▎  | 56/76 [00:01<00:00, 60.07it/s, loss=0.6010]
Epoch 48/100:  83%|████████▎ | 63/76 [00:01<00:00, 59.95it/s, loss=0.6010]
Epoch 48/100:  83%|████████▎ | 63/76 [00:01<00:00, 59.95it/s, loss=0.6395]
Epoch 48/100:  83%|████████▎ | 63/76 [00:01<00:00, 59.95it/s, loss=0.8334]
Epoch 48/100:  83%|████████▎ | 63/76 [00:01<00:00, 59.95it/s, loss=0.7512]
Epoch 48/100:  83%|████████▎ | 63/76 [00:01<00:00, 59.95it/s, loss=0.6112]
Epoch 48/100:  83%|████████▎ | 63/76 [00:01<00:00, 59.95it/s, loss=0.7058]
Epoch 48/100:  83%|████████▎ | 63/76 [00:01<00:00, 59.95it/s, loss=0.7346]
Epoch 48/100:  91%|█████████ | 69/76 [00:01<00:00, 59.93it/s, loss=0.7346]
Epoch 48/100:  91%|█████████ | 69/76 [00:01<00:00, 59.93it/s, loss=0.5781]
Epoch 48/100:  91%|█████████ | 69/76 [00:01<00:00, 59.93it/s, loss=0.8078]
Epoch 48/100:  91%|█████████ | 69/76 [00:01<00:00, 59.93it/s, loss=0.8496]
Epoch 48/100:  91%|█████████ | 69/76 [00:01<00:00, 59.93it/s, loss=0.8275]
Epoch 48/100:  91%|█████████ | 69/76 [00:01<00:00, 59.93it/s, loss=0.8491]
Epoch 48/100:  91%|█████████ | 69/76 [00:01<00:00, 59.93it/s, loss=0.7587]
Epoch 48/100:  91%|█████████ | 69/76 [00:01<00:00, 59.93it/s, loss=0.6451]
Epoch 48/100: 100%|██████████| 76/76 [00:01<00:00, 60.05it/s, loss=0.6451]
Epoch 48/100: 100%|██████████| 76/76 [00:01<00:00, 60.07it/s, loss=0.6451]
Epoch 48/100 - avg_loss: 0.6409

Epoch 49/100:   0%|          | 0/76 [00:00<?, ?it/s]
Epoch 49/100:   0%|          | 0/76 [00:00<?, ?it/s, loss=0.6594]
Epoch 49/100:   0%|          | 0/76 [00:00<?, ?it/s, loss=0.6302]
Epoch 49/100:   0%|          | 0/76 [00:00<?, ?it/s, loss=0.5200]
Epoch 49/100:   0%|          | 0/76 [00:00<?, ?it/s, loss=0.5084]
Epoch 49/100:   0%|          | 0/76 [00:00<?, ?it/s, loss=0.5477]
Epoch 49/100:   0%|          | 0/76 [00:00<?, ?it/s, loss=0.4807]
Epoch 49/100:   0%|          | 0/76 [00:00<?, ?it/s, loss=0.6856]
Epoch 49/100:   9%|▉         | 7/76 [00:00<00:01, 60.25it/s, loss=0.6856]
Epoch 49/100:   9%|▉         | 7/76 [00:00<00:01, 60.25it/s, loss=0.4257]
Epoch 49/100:   9%|▉         | 7/76 [00:00<00:01, 60.25it/s, loss=0.4630]
Epoch 49/100:   9%|▉         | 7/76 [00:00<00:01, 60.25it/s, loss=0.6355]
Epoch 49/100:   9%|▉         | 7/76 [00:00<00:01, 60.25it/s, loss=0.5569]
Epoch 49/100:   9%|▉         | 7/76 [00:00<00:01, 60.25it/s, loss=0.6040]
Epoch 49/100:   9%|▉         | 7/76 [00:00<00:01, 60.25it/s, loss=0.4665]
Epoch 49/100:   9%|▉         | 7/76 [00:00<00:01, 60.25it/s, loss=0.6017]
Epoch 49/100:  18%|█▊        | 14/76 [00:00<00:01, 60.09it/s, loss=0.6017]
Epoch 49/100:  18%|█▊        | 14/76 [00:00<00:01, 60.09it/s, loss=0.4757]
Epoch 49/100:  18%|█▊        | 14/76 [00:00<00:01, 60.09it/s, loss=0.6992]
Epoch 49/100:  18%|█▊        | 14/76 [00:00<00:01, 60.09it/s, loss=0.5717]
Epoch 49/100:  18%|█▊        | 14/76 [00:00<00:01, 60.09it/s, loss=0.6602]
Epoch 49/100:  18%|█▊        | 14/76 [00:00<00:01, 60.09it/s, loss=0.7151]
Epoch 49/100:  18%|█▊        | 14/76 [00:00<00:01, 60.09it/s, loss=0.5171]
Epoch 49/100:  18%|█▊        | 14/76 [00:00<00:01, 60.09it/s, loss=0.6992]
Epoch 49/100:  28%|██▊       | 21/76 [00:00<00:00, 59.96it/s, loss=0.6992]
Epoch 49/100:  28%|██▊       | 21/76 [00:00<00:00, 59.96it/s, loss=0.5607]
Epoch 49/100:  28%|██▊       | 21/76 [00:00<00:00, 59.96it/s, loss=0.4005]
Epoch 49/100:  28%|██▊       | 21/76 [00:00<00:00, 59.96it/s, loss=0.4428]
Epoch 49/100:  28%|██▊       | 21/76 [00:00<00:00, 59.96it/s, loss=0.3944]
Epoch 49/100:  28%|██▊       | 21/76 [00:00<00:00, 59.96it/s, loss=0.4181]
Epoch 49/100:  28%|██▊       | 21/76 [00:00<00:00, 59.96it/s, loss=0.4616]
Epoch 49/100:  28%|██▊       | 21/76 [00:00<00:00, 59.96it/s, loss=0.5020]
Epoch 49/100:  37%|███▋      | 28/76 [00:00<00:00, 60.02it/s, loss=0.5020]
Epoch 49/100:  37%|███▋      | 28/76 [00:00<00:00, 60.02it/s, loss=0.5000]
Epoch 49/100:  37%|███▋      | 28/76 [00:00<00:00, 60.02it/s, loss=0.3379]
Epoch 49/100:  37%|███▋      | 28/76 [00:00<00:00, 60.02it/s, loss=0.5388]
Epoch 49/100:  37%|███▋      | 28/76 [00:00<00:00, 60.02it/s, loss=0.6620]
Epoch 49/100:  37%|███▋      | 28/76 [00:00<00:00, 60.02it/s, loss=0.5045]
Epoch 49/100:  37%|███▋      | 28/76 [00:00<00:00, 60.02it/s, loss=0.4703]
Epoch 49/100:  37%|███▋      | 28/76 [00:00<00:00, 60.02it/s, loss=0.8284]
Epoch 49/100:  46%|████▌     | 35/76 [00:00<00:00, 60.03it/s, loss=0.8284]
Epoch 49/100:  46%|████▌     | 35/76 [00:00<00:00, 60.03it/s, loss=0.6123]
Epoch 49/100:  46%|████▌     | 35/76 [00:00<00:00, 60.03it/s, loss=0.7099]
Epoch 49/100:  46%|████▌     | 35/76 [00:00<00:00, 60.03it/s, loss=0.6219]
Epoch 49/100:  46%|████▌     | 35/76 [00:00<00:00, 60.03it/s, loss=0.5346]
Epoch 49/100:  46%|████▌     | 35/76 [00:00<00:00, 60.03it/s, loss=0.5997]
Epoch 49/100:  46%|████▌     | 35/76 [00:00<00:00, 60.03it/s, loss=0.6184]
Epoch 49/100:  46%|████▌     | 35/76 [00:00<00:00, 60.03it/s, loss=0.6928]
Epoch 49/100:  55%|█████▌    | 42/76 [00:00<00:00, 60.06it/s, loss=0.6928]
Epoch 49/100:  55%|█████▌    | 42/76 [00:00<00:00, 60.06it/s, loss=0.6477]
Epoch 49/100:  55%|█████▌    | 42/76 [00:00<00:00, 60.06it/s, loss=0.6870]
Epoch 49/100:  55%|█████▌    | 42/76 [00:00<00:00, 60.06it/s, loss=0.6694]
Epoch 49/100:  55%|█████▌    | 42/76 [00:00<00:00, 60.06it/s, loss=0.6395]
Epoch 49/100:  55%|█████▌    | 42/76 [00:00<00:00, 60.06it/s, loss=0.7454]
Epoch 49/100:  55%|█████▌    | 42/76 [00:00<00:00, 60.06it/s, loss=0.6457]
Epoch 49/100:  55%|█████▌    | 42/76 [00:00<00:00, 60.06it/s, loss=0.6218]
Epoch 49/100:  64%|██████▍   | 49/76 [00:00<00:00, 60.00it/s, loss=0.6218]
Epoch 49/100:  64%|██████▍   | 49/76 [00:00<00:00, 60.00it/s, loss=0.5837]
Epoch 49/100:  64%|██████▍   | 49/76 [00:00<00:00, 60.00it/s, loss=0.6744]
Epoch 49/100:  64%|██████▍   | 49/76 [00:00<00:00, 60.00it/s, loss=0.5993]
Epoch 49/100:  64%|██████▍   | 49/76 [00:00<00:00, 60.00it/s, loss=0.6579]
Epoch 49/100:  64%|██████▍   | 49/76 [00:00<00:00, 60.00it/s, loss=0.8314]
Epoch 49/100:  64%|██████▍   | 49/76 [00:00<00:00, 60.00it/s, loss=0.6695]
Epoch 49/100:  64%|██████▍   | 49/76 [00:00<00:00, 60.00it/s, loss=0.8653]
Epoch 49/100:  74%|███████▎  | 56/76 [00:00<00:00, 60.09it/s, loss=0.8653]
Epoch 49/100:  74%|███████▎  | 56/76 [00:00<00:00, 60.09it/s, loss=0.8057]
Epoch 49/100:  74%|███████▎  | 56/76 [00:00<00:00, 60.09it/s, loss=0.7913]
Epoch 49/100:  74%|███████▎  | 56/76 [00:00<00:00, 60.09it/s, loss=0.6861]
Epoch 49/100:  74%|███████▎  | 56/76 [00:00<00:00, 60.09it/s, loss=0.9279]
Epoch 49/100:  74%|███████▎  | 56/76 [00:01<00:00, 60.09it/s, loss=0.6504]
Epoch 49/100:  74%|███████▎  | 56/76 [00:01<00:00, 60.09it/s, loss=0.5746]
Epoch 49/100:  74%|███████▎  | 56/76 [00:01<00:00, 60.09it/s, loss=0.6946]
Epoch 49/100:  83%|████████▎ | 63/76 [00:01<00:00, 60.09it/s, loss=0.6946]
Epoch 49/100:  83%|████████▎ | 63/76 [00:01<00:00, 60.09it/s, loss=0.5620]
Epoch 49/100:  83%|████████▎ | 63/76 [00:01<00:00, 60.09it/s, loss=0.8086]
Epoch 49/100:  83%|████████▎ | 63/76 [00:01<00:00, 60.09it/s, loss=0.6949]
Epoch 49/100:  83%|████████▎ | 63/76 [00:01<00:00, 60.09it/s, loss=0.7240]
Epoch 49/100:  83%|████████▎ | 63/76 [00:01<00:00, 60.09it/s, loss=0.7899]
Epoch 49/100:  83%|████████▎ | 63/76 [00:01<00:00, 60.09it/s, loss=0.7326]
Epoch 49/100:  83%|████████▎ | 63/76 [00:01<00:00, 60.09it/s, loss=0.6329]
Epoch 49/100:  92%|█████████▏| 70/76 [00:01<00:00, 60.13it/s, loss=0.6329]
Epoch 49/100:  92%|█████████▏| 70/76 [00:01<00:00, 60.13it/s, loss=0.7104]
Epoch 49/100:  92%|█████████▏| 70/76 [00:01<00:00, 60.13it/s, loss=0.7931]
Epoch 49/100:  92%|█████████▏| 70/76 [00:01<00:00, 60.13it/s, loss=0.5753]
Epoch 49/100:  92%|█████████▏| 70/76 [00:01<00:00, 60.13it/s, loss=0.8993]
Epoch 49/100:  92%|█████████▏| 70/76 [00:01<00:00, 60.13it/s, loss=0.5973]
Epoch 49/100:  92%|█████████▏| 70/76 [00:01<00:00, 60.13it/s, loss=0.7387]
Epoch 49/100: 100%|██████████| 76/76 [00:01<00:00, 60.06it/s, loss=0.7387]
Epoch 49/100 - avg_loss: 0.6245

Epoch 50/100:   0%|          | 0/76 [00:00<?, ?it/s]
Epoch 50/100:   0%|          | 0/76 [00:00<?, ?it/s, loss=0.5946]
Epoch 50/100:   0%|          | 0/76 [00:00<?, ?it/s, loss=0.3733]
Epoch 50/100:   0%|          | 0/76 [00:00<?, ?it/s, loss=0.4115]
Epoch 50/100:   0%|          | 0/76 [00:00<?, ?it/s, loss=0.4689]
Epoch 50/100:   0%|          | 0/76 [00:00<?, ?it/s, loss=0.6434]
Epoch 50/100:   0%|          | 0/76 [00:00<?, ?it/s, loss=0.4593]
Epoch 50/100:   8%|▊         | 6/76 [00:00<00:01, 59.96it/s, loss=0.4593]
Epoch 50/100:   8%|▊         | 6/76 [00:00<00:01, 59.96it/s, loss=0.6611]
Epoch 50/100:   8%|▊         | 6/76 [00:00<00:01, 59.96it/s, loss=0.5556]
Epoch 50/100:   8%|▊         | 6/76 [00:00<00:01, 59.96it/s, loss=0.4321]
Epoch 50/100:   8%|▊         | 6/76 [00:00<00:01, 59.96it/s, loss=0.5178]
Epoch 50/100:   8%|▊         | 6/76 [00:00<00:01, 59.96it/s, loss=0.8284]
Epoch 50/100:   8%|▊         | 6/76 [00:00<00:01, 59.96it/s, loss=0.7378]
Epoch 50/100:   8%|▊         | 6/76 [00:00<00:01, 59.96it/s, loss=0.5568]
Epoch 50/100:  17%|█▋        | 13/76 [00:00<00:01, 60.09it/s, loss=0.5568]
Epoch 50/100:  17%|█▋        | 13/76 [00:00<00:01, 60.09it/s, loss=0.5800]
Epoch 50/100:  17%|█▋        | 13/76 [00:00<00:01, 60.09it/s, loss=0.4443]
Epoch 50/100:  17%|█▋        | 13/76 [00:00<00:01, 60.09it/s, loss=0.6297]
Epoch 50/100:  17%|█▋        | 13/76 [00:00<00:01, 60.09it/s, loss=0.6457]
Epoch 50/100:  17%|█▋        | 13/76 [00:00<00:01, 60.09it/s, loss=0.5170]
Epoch 50/100:  17%|█▋        | 13/76 [00:00<00:01, 60.09it/s, loss=0.5768]
Epoch 50/100:  17%|█▋        | 13/76 [00:00<00:01, 60.09it/s, loss=0.5455]
Epoch 50/100:  26%|██▋       | 20/76 [00:00<00:00, 60.12it/s, loss=0.5455]
Epoch 50/100:  26%|██▋       | 20/76 [00:00<00:00, 60.12it/s, loss=0.5659]
Epoch 50/100:  26%|██▋       | 20/76 [00:00<00:00, 60.12it/s, loss=0.3713]
Epoch 50/100:  26%|██▋       | 20/76 [00:00<00:00, 60.12it/s, loss=0.8378]
Epoch 50/100:  26%|██▋       | 20/76 [00:00<00:00, 60.12it/s, loss=0.6934]
Epoch 50/100:  26%|██▋       | 20/76 [00:00<00:00, 60.12it/s, loss=0.5894]
Epoch 50/100:  26%|██▋       | 20/76 [00:00<00:00, 60.12it/s, loss=0.7803]
Epoch 50/100:  26%|██▋       | 20/76 [00:00<00:00, 60.12it/s, loss=0.6912]
Epoch 50/100:  36%|███▌      | 27/76 [00:00<00:00, 60.13it/s, loss=0.6912]
Epoch 50/100:  36%|███▌      | 27/76 [00:00<00:00, 60.13it/s, loss=0.5948]
Epoch 50/100:  36%|███▌      | 27/76 [00:00<00:00, 60.13it/s, loss=0.6511]
Epoch 50/100:  36%|███▌      | 27/76 [00:00<00:00, 60.13it/s, loss=0.4876]
Epoch 50/100:  36%|███▌      | 27/76 [00:00<00:00, 60.13it/s, loss=0.4364]
Epoch 50/100:  36%|███▌      | 27/76 [00:00<00:00, 60.13it/s, loss=0.7806]
Epoch 50/100:  36%|███▌      | 27/76 [00:00<00:00, 60.13it/s, loss=0.6853]
Epoch 50/100:  36%|███▌      | 27/76 [00:00<00:00, 60.13it/s, loss=0.3992]
Epoch 50/100:  45%|████▍     | 34/76 [00:00<00:00, 60.03it/s, loss=0.3992]
Epoch 50/100:  45%|████▍     | 34/76 [00:00<00:00, 60.03it/s, loss=0.6820]
Epoch 50/100:  45%|████▍     | 34/76 [00:00<00:00, 60.03it/s, loss=0.4211]
Epoch 50/100:  45%|████▍     | 34/76 [00:00<00:00, 60.03it/s, loss=0.5560]
Epoch 50/100:  45%|████▍     | 34/76 [00:00<00:00, 60.03it/s, loss=0.7219]
Epoch 50/100:  45%|████▍     | 34/76 [00:00<00:00, 60.03it/s, loss=0.6640]
Epoch 50/100:  45%|████▍     | 34/76 [00:00<00:00, 60.03it/s, loss=0.5244]
Epoch 50/100:  45%|████▍     | 34/76 [00:00<00:00, 60.03it/s, loss=0.5485]
Epoch 50/100:  54%|█████▍    | 41/76 [00:00<00:00, 60.07it/s, loss=0.5485]
Epoch 50/100:  54%|█████▍    | 41/76 [00:00<00:00, 60.07it/s, loss=0.6704]
Epoch 50/100:  54%|█████▍    | 41/76 [00:00<00:00, 60.07it/s, loss=0.7126]
Epoch 50/100:  54%|█████▍    | 41/76 [00:00<00:00, 60.07it/s, loss=0.4330]
Epoch 50/100:  54%|█████▍    | 41/76 [00:00<00:00, 60.07it/s, loss=0.7041]
Epoch 50/100:  54%|█████▍    | 41/76 [00:00<00:00, 60.07it/s, loss=0.6293]
Epoch 50/100:  54%|█████▍    | 41/76 [00:00<00:00, 60.07it/s, loss=0.7407]
Epoch 50/100:  54%|█████▍    | 41/76 [00:00<00:00, 60.07it/s, loss=0.7327]
Epoch 50/100:  63%|██████▎   | 48/76 [00:00<00:00, 60.10it/s, loss=0.7327]
Epoch 50/100:  63%|██████▎   | 48/76 [00:00<00:00, 60.10it/s, loss=0.6352]
Epoch 50/100:  63%|██████▎   | 48/76 [00:00<00:00, 60.10it/s, loss=0.6846]
Epoch 50/100:  63%|██████▎   | 48/76 [00:00<00:00, 60.10it/s, loss=0.6987]
Epoch 50/100:  63%|██████▎   | 48/76 [00:00<00:00, 60.10it/s, loss=0.7564]
Epoch 50/100:  63%|██████▎   | 48/76 [00:00<00:00, 60.10it/s, loss=0.7490]
Epoch 50/100:  63%|██████▎   | 48/76 [00:00<00:00, 60.10it/s, loss=0.5980]
Epoch 50/100:  63%|██████▎   | 48/76 [00:00<00:00, 60.10it/s, loss=0.6683]
Epoch 50/100:  72%|███████▏  | 55/76 [00:00<00:00, 60.16it/s, loss=0.6683]
Epoch 50/100:  72%|███████▏  | 55/76 [00:00<00:00, 60.16it/s, loss=0.6687]
Epoch 50/100:  72%|███████▏  | 55/76 [00:00<00:00, 60.16it/s, loss=0.4886]
Epoch 50/100:  72%|███████▏  | 55/76 [00:00<00:00, 60.16it/s, loss=0.7210]
Epoch 50/100:  72%|███████▏  | 55/76 [00:00<00:00, 60.16it/s, loss=0.6658]
Epoch 50/100:  72%|███████▏  | 55/76 [00:00<00:00, 60.16it/s, loss=0.5752]
Epoch 50/100:  72%|███████▏  | 55/76 [00:01<00:00, 60.16it/s, loss=0.5977]
Epoch 50/100:  72%|███████▏  | 55/76 [00:01<00:00, 60.16it/s, loss=0.4179]
Epoch 50/100:  82%|████████▏ | 62/76 [00:01<00:00, 60.08it/s, loss=0.4179]
Epoch 50/100:  82%|████████▏ | 62/76 [00:01<00:00, 60.08it/s, loss=0.7531]
Epoch 50/100:  82%|████████▏ | 62/76 [00:01<00:00, 60.08it/s, loss=0.7830]
Epoch 50/100:  82%|████████▏ | 62/76 [00:01<00:00, 60.08it/s, loss=0.4750]
Epoch 50/100:  82%|████████▏ | 62/76 [00:01<00:00, 60.08it/s, loss=0.9596]
Epoch 50/100:  82%|████████▏ | 62/76 [00:01<00:00, 60.08it/s, loss=0.7374]
Epoch 50/100:  82%|████████▏ | 62/76 [00:01<00:00, 60.08it/s, loss=0.5005]
Epoch 50/100:  82%|████████▏ | 62/76 [00:01<00:00, 60.08it/s, loss=0.8987]
Epoch 50/100:  91%|█████████ | 69/76 [00:01<00:00, 60.01it/s, loss=0.8987]
Epoch 50/100:  91%|█████████ | 69/76 [00:01<00:00, 60.01it/s, loss=0.5784]
Epoch 50/100:  91%|█████████ | 69/76 [00:01<00:00, 60.01it/s, loss=0.5238]
Epoch 50/100:  91%|█████████ | 69/76 [00:01<00:00, 60.01it/s, loss=0.7541]
Epoch 50/100:  91%|█████████ | 69/76 [00:01<00:00, 60.01it/s, loss=0.6566]
Epoch 50/100:  91%|█████████ | 69/76 [00:01<00:00, 60.01it/s, loss=0.7060]
Epoch 50/100:  91%|█████████ | 69/76 [00:01<00:00, 60.01it/s, loss=0.6988]
Epoch 50/100:  91%|█████████ | 69/76 [00:01<00:00, 60.01it/s, loss=0.5245]
Epoch 50/100: 100%|██████████| 76/76 [00:01<00:00, 60.10it/s, loss=0.5245]
Epoch 50/100: 100%|██████████| 76/76 [00:01<00:00, 60.08it/s, loss=0.5245]
Epoch 50/100 - avg_loss: 0.6179
[Eval-Candidate][epoch 50] (samples=519, candidates=100) HR@10: 0.6493, HR@20: 0.7457, NDCG@10: 0.4818, NDCG@20: 0.5060

Epoch 51/100:   0%|          | 0/76 [00:00<?, ?it/s]
Epoch 51/100:   0%|          | 0/76 [00:00<?, ?it/s, loss=0.4472]
Epoch 51/100:   0%|          | 0/76 [00:00<?, ?it/s, loss=0.5674]
Epoch 51/100:   0%|          | 0/76 [00:00<?, ?it/s, loss=0.7126]
Epoch 51/100:   0%|          | 0/76 [00:00<?, ?it/s, loss=0.5248]
Epoch 51/100:   0%|          | 0/76 [00:00<?, ?it/s, loss=0.5792]
Epoch 51/100:   0%|          | 0/76 [00:00<?, ?it/s, loss=0.6773]
Epoch 51/100:   8%|▊         | 6/76 [00:00<00:01, 57.31it/s, loss=0.6773]
Epoch 51/100:   8%|▊         | 6/76 [00:00<00:01, 57.31it/s, loss=0.4039]
Epoch 51/100:   8%|▊         | 6/76 [00:00<00:01, 57.31it/s, loss=0.4641]
Epoch 51/100:   8%|▊         | 6/76 [00:00<00:01, 57.31it/s, loss=0.6527]
Epoch 51/100:   8%|▊         | 6/76 [00:00<00:01, 57.31it/s, loss=0.4465]
Epoch 51/100:   8%|▊         | 6/76 [00:00<00:01, 57.31it/s, loss=0.5265]
Epoch 51/100:   8%|▊         | 6/76 [00:00<00:01, 57.31it/s, loss=0.4643]
Epoch 51/100:  16%|█▌        | 12/76 [00:00<00:01, 57.47it/s, loss=0.4643]
Epoch 51/100:  16%|█▌        | 12/76 [00:00<00:01, 57.47it/s, loss=0.5396]
Epoch 51/100:  16%|█▌        | 12/76 [00:00<00:01, 57.47it/s, loss=0.6004]
Epoch 51/100:  16%|█▌        | 12/76 [00:00<00:01, 57.47it/s, loss=0.3745]
Epoch 51/100:  16%|█▌        | 12/76 [00:00<00:01, 57.47it/s, loss=0.3139]
Epoch 51/100:  16%|█▌        | 12/76 [00:00<00:01, 57.47it/s, loss=0.6943]
Epoch 51/100:  16%|█▌        | 12/76 [00:00<00:01, 57.47it/s, loss=0.5009]
Epoch 51/100:  24%|██▎       | 18/76 [00:00<00:01, 57.94it/s, loss=0.5009]
Epoch 51/100:  24%|██▎       | 18/76 [00:00<00:01, 57.94it/s, loss=0.6539]
Epoch 51/100:  24%|██▎       | 18/76 [00:00<00:01, 57.94it/s, loss=0.4724]
Epoch 51/100:  24%|██▎       | 18/76 [00:00<00:01, 57.94it/s, loss=0.6641]
Epoch 51/100:  24%|██▎       | 18/76 [00:00<00:01, 57.94it/s, loss=0.5335]
Epoch 51/100:  24%|██▎       | 18/76 [00:00<00:01, 57.94it/s, loss=0.5911]
Epoch 51/100:  24%|██▎       | 18/76 [00:00<00:01, 57.94it/s, loss=0.4711]
Epoch 51/100:  32%|███▏      | 24/76 [00:00<00:00, 58.24it/s, loss=0.4711]
Epoch 51/100:  32%|███▏      | 24/76 [00:00<00:00, 58.24it/s, loss=0.3620]
Epoch 51/100:  32%|███▏      | 24/76 [00:00<00:00, 58.24it/s, loss=0.5643]
Epoch 51/100:  32%|███▏      | 24/76 [00:00<00:00, 58.24it/s, loss=0.5644]
Epoch 51/100:  32%|███▏      | 24/76 [00:00<00:00, 58.24it/s, loss=0.5417]
Epoch 51/100:  32%|███▏      | 24/76 [00:00<00:00, 58.24it/s, loss=0.4663]
Epoch 51/100:  32%|███▏      | 24/76 [00:00<00:00, 58.24it/s, loss=0.6583]
Epoch 51/100:  39%|███▉      | 30/76 [00:00<00:00, 58.53it/s, loss=0.6583]
Epoch 51/100:  39%|███▉      | 30/76 [00:00<00:00, 58.53it/s, loss=0.5574]
Epoch 51/100:  39%|███▉      | 30/76 [00:00<00:00, 58.53it/s, loss=0.4578]
Epoch 51/100:  39%|███▉      | 30/76 [00:00<00:00, 58.53it/s, loss=0.7810]
Epoch 51/100:  39%|███▉      | 30/76 [00:00<00:00, 58.53it/s, loss=0.6483]
Epoch 51/100:  39%|███▉      | 30/76 [00:00<00:00, 58.53it/s, loss=0.5828]
Epoch 51/100:  39%|███▉      | 30/76 [00:00<00:00, 58.53it/s, loss=0.6540]
Epoch 51/100:  47%|████▋     | 36/76 [00:00<00:00, 58.67it/s, loss=0.6540]
Epoch 51/100:  47%|████▋     | 36/76 [00:00<00:00, 58.67it/s, loss=0.3690]
Epoch 51/100:  47%|████▋     | 36/76 [00:00<00:00, 58.67it/s, loss=0.5645]
Epoch 51/100:  47%|████▋     | 36/76 [00:00<00:00, 58.67it/s, loss=0.5659]
Epoch 51/100:  47%|████▋     | 36/76 [00:00<00:00, 58.67it/s, loss=0.8403]
Epoch 51/100:  47%|████▋     | 36/76 [00:00<00:00, 58.67it/s, loss=0.7575]
Epoch 51/100:  47%|████▋     | 36/76 [00:00<00:00, 58.67it/s, loss=0.6711]
Epoch 51/100:  55%|█████▌    | 42/76 [00:00<00:00, 58.84it/s, loss=0.6711]
Epoch 51/100:  55%|█████▌    | 42/76 [00:00<00:00, 58.84it/s, loss=0.4407]
Epoch 51/100:  55%|█████▌    | 42/76 [00:00<00:00, 58.84it/s, loss=0.7652]
Epoch 51/100:  55%|█████▌    | 42/76 [00:00<00:00, 58.84it/s, loss=0.6539]
Epoch 51/100:  55%|█████▌    | 42/76 [00:00<00:00, 58.84it/s, loss=0.6540]
Epoch 51/100:  55%|█████▌    | 42/76 [00:00<00:00, 58.84it/s, loss=0.5815]
Epoch 51/100:  55%|█████▌    | 42/76 [00:00<00:00, 58.84it/s, loss=0.5129]
Epoch 51/100:  63%|██████▎   | 48/76 [00:00<00:00, 58.98it/s, loss=0.5129]
Epoch 51/100:  63%|██████▎   | 48/76 [00:00<00:00, 58.98it/s, loss=0.6532]
Epoch 51/100:  63%|██████▎   | 48/76 [00:00<00:00, 58.98it/s, loss=0.7715]
Epoch 51/100:  63%|██████▎   | 48/76 [00:00<00:00, 58.98it/s, loss=0.7103]
Epoch 51/100:  63%|██████▎   | 48/76 [00:00<00:00, 58.98it/s, loss=0.5909]
Epoch 51/100:  63%|██████▎   | 48/76 [00:00<00:00, 58.98it/s, loss=0.6390]
Epoch 51/100:  63%|██████▎   | 48/76 [00:00<00:00, 58.98it/s, loss=0.7887]
Epoch 51/100:  71%|███████   | 54/76 [00:00<00:00, 59.12it/s, loss=0.7887]
Epoch 51/100:  71%|███████   | 54/76 [00:00<00:00, 59.12it/s, loss=0.7483]
Epoch 51/100:  71%|███████   | 54/76 [00:00<00:00, 59.12it/s, loss=0.5106]
Epoch 51/100:  71%|███████   | 54/76 [00:00<00:00, 59.12it/s, loss=0.5516]
Epoch 51/100:  71%|███████   | 54/76 [00:00<00:00, 59.12it/s, loss=0.7231]
Epoch 51/100:  71%|███████   | 54/76 [00:01<00:00, 59.12it/s, loss=0.5240]
Epoch 51/100:  71%|███████   | 54/76 [00:01<00:00, 59.12it/s, loss=0.6106]
Epoch 51/100:  79%|███████▉  | 60/76 [00:01<00:00, 59.14it/s, loss=0.6106]
Epoch 51/100:  79%|███████▉  | 60/76 [00:01<00:00, 59.14it/s, loss=0.6210]
Epoch 51/100:  79%|███████▉  | 60/76 [00:01<00:00, 59.14it/s, loss=0.9394]
Epoch 51/100:  79%|███████▉  | 60/76 [00:01<00:00, 59.14it/s, loss=0.6998]
Epoch 51/100:  79%|███████▉  | 60/76 [00:01<00:00, 59.14it/s, loss=0.6296]
Epoch 51/100:  79%|███████▉  | 60/76 [00:01<00:00, 59.14it/s, loss=0.8114]
Epoch 51/100:  79%|███████▉  | 60/76 [00:01<00:00, 59.14it/s, loss=0.8877]
Epoch 51/100:  87%|████████▋ | 66/76 [00:01<00:00, 59.30it/s, loss=0.8877]
Epoch 51/100:  87%|████████▋ | 66/76 [00:01<00:00, 59.30it/s, loss=0.6516]
Epoch 51/100:  87%|████████▋ | 66/76 [00:01<00:00, 59.30it/s, loss=0.7620]
Epoch 51/100:  87%|████████▋ | 66/76 [00:01<00:00, 59.30it/s, loss=0.8012]
Epoch 51/100:  87%|████████▋ | 66/76 [00:01<00:00, 59.30it/s, loss=0.6501]
Epoch 51/100:  87%|████████▋ | 66/76 [00:01<00:00, 59.30it/s, loss=0.7730]
Epoch 51/100:  87%|████████▋ | 66/76 [00:01<00:00, 59.30it/s, loss=0.8182]
Epoch 51/100:  95%|█████████▍| 72/76 [00:01<00:00, 59.26it/s, loss=0.8182]
Epoch 51/100:  95%|█████████▍| 72/76 [00:01<00:00, 59.26it/s, loss=0.6421]
Epoch 51/100:  95%|█████████▍| 72/76 [00:01<00:00, 59.26it/s, loss=0.5539]
Epoch 51/100:  95%|█████████▍| 72/76 [00:01<00:00, 59.26it/s, loss=0.5733]
Epoch 51/100:  95%|█████████▍| 72/76 [00:01<00:00, 59.26it/s, loss=0.6094]
Epoch 51/100: 100%|██████████| 76/76 [00:01<00:00, 58.98it/s, loss=0.6094]
Epoch 51/100 - avg_loss: 0.6097

Epoch 52/100:   0%|          | 0/76 [00:00<?, ?it/s]
Epoch 52/100:   0%|          | 0/76 [00:00<?, ?it/s, loss=0.6413]
Epoch 52/100:   0%|          | 0/76 [00:00<?, ?it/s, loss=0.3754]
Epoch 52/100:   0%|          | 0/76 [00:00<?, ?it/s, loss=0.5644]
Epoch 52/100:   0%|          | 0/76 [00:00<?, ?it/s, loss=0.4299]
Epoch 52/100:   0%|          | 0/76 [00:00<?, ?it/s, loss=0.4112]
Epoch 52/100:   0%|          | 0/76 [00:00<?, ?it/s, loss=0.5203]
Epoch 52/100:   8%|▊         | 6/76 [00:00<00:01, 59.91it/s, loss=0.5203]
Epoch 52/100:   8%|▊         | 6/76 [00:00<00:01, 59.91it/s, loss=0.4792]
Epoch 52/100:   8%|▊         | 6/76 [00:00<00:01, 59.91it/s, loss=0.3920]
Epoch 52/100:   8%|▊         | 6/76 [00:00<00:01, 59.91it/s, loss=0.5659]
Epoch 52/100:   8%|▊         | 6/76 [00:00<00:01, 59.91it/s, loss=0.4924]
Epoch 52/100:   8%|▊         | 6/76 [00:00<00:01, 59.91it/s, loss=0.5079]
Epoch 52/100:   8%|▊         | 6/76 [00:00<00:01, 59.91it/s, loss=0.3723]
Epoch 52/100:  16%|█▌        | 12/76 [00:00<00:01, 59.72it/s, loss=0.3723]
Epoch 52/100:  16%|█▌        | 12/76 [00:00<00:01, 59.72it/s, loss=0.5137]
Epoch 52/100:  16%|█▌        | 12/76 [00:00<00:01, 59.72it/s, loss=0.6961]
Epoch 52/100:  16%|█▌        | 12/76 [00:00<00:01, 59.72it/s, loss=0.6132]
Epoch 52/100:  16%|█▌        | 12/76 [00:00<00:01, 59.72it/s, loss=0.5960]
Epoch 52/100:  16%|█▌        | 12/76 [00:00<00:01, 59.72it/s, loss=0.5639]
Epoch 52/100:  16%|█▌        | 12/76 [00:00<00:01, 59.72it/s, loss=0.5444]
Epoch 52/100:  24%|██▎       | 18/76 [00:00<00:00, 59.49it/s, loss=0.5444]
Epoch 52/100:  24%|██▎       | 18/76 [00:00<00:00, 59.49it/s, loss=0.5353]
Epoch 52/100:  24%|██▎       | 18/76 [00:00<00:00, 59.49it/s, loss=0.4366]
Epoch 52/100:  24%|██▎       | 18/76 [00:00<00:00, 59.49it/s, loss=0.5891]
Epoch 52/100:  24%|██▎       | 18/76 [00:00<00:00, 59.49it/s, loss=0.5023]
Epoch 52/100:  24%|██▎       | 18/76 [00:00<00:00, 59.49it/s, loss=0.5033]
Epoch 52/100:  24%|██▎       | 18/76 [00:00<00:00, 59.49it/s, loss=0.5788]
Epoch 52/100:  32%|███▏      | 24/76 [00:00<00:00, 59.52it/s, loss=0.5788]
Epoch 52/100:  32%|███▏      | 24/76 [00:00<00:00, 59.52it/s, loss=0.5347]
Epoch 52/100:  32%|███▏      | 24/76 [00:00<00:00, 59.52it/s, loss=0.7197]
Epoch 52/100:  32%|███▏      | 24/76 [00:00<00:00, 59.52it/s, loss=0.4953]
Epoch 52/100:  32%|███▏      | 24/76 [00:00<00:00, 59.52it/s, loss=0.5147]
Epoch 52/100:  32%|███▏      | 24/76 [00:00<00:00, 59.52it/s, loss=0.8075]
Epoch 52/100:  32%|███▏      | 24/76 [00:00<00:00, 59.52it/s, loss=0.6390]
Epoch 52/100:  39%|███▉      | 30/76 [00:00<00:00, 59.60it/s, loss=0.6390]
Epoch 52/100:  39%|███▉      | 30/76 [00:00<00:00, 59.60it/s, loss=0.6336]
Epoch 52/100:  39%|███▉      | 30/76 [00:00<00:00, 59.60it/s, loss=0.7010]
Epoch 52/100:  39%|███▉      | 30/76 [00:00<00:00, 59.60it/s, loss=0.4546]
Epoch 52/100:  39%|███▉      | 30/76 [00:00<00:00, 59.60it/s, loss=0.6281]
Epoch 52/100:  39%|███▉      | 30/76 [00:00<00:00, 59.60it/s, loss=0.5214]
Epoch 52/100:  39%|███▉      | 30/76 [00:00<00:00, 59.60it/s, loss=0.9046]
Epoch 52/100:  47%|████▋     | 36/76 [00:00<00:00, 59.72it/s, loss=0.9046]
Epoch 52/100:  47%|████▋     | 36/76 [00:00<00:00, 59.72it/s, loss=0.6314]
Epoch 52/100:  47%|████▋     | 36/76 [00:00<00:00, 59.72it/s, loss=0.9987]
Epoch 52/100:  47%|████▋     | 36/76 [00:00<00:00, 59.72it/s, loss=0.5943]
Epoch 52/100:  47%|████▋     | 36/76 [00:00<00:00, 59.72it/s, loss=0.4830]
Epoch 52/100:  47%|████▋     | 36/76 [00:00<00:00, 59.72it/s, loss=0.6069]
Epoch 52/100:  47%|████▋     | 36/76 [00:00<00:00, 59.72it/s, loss=0.5466]
Epoch 52/100:  47%|████▋     | 36/76 [00:00<00:00, 59.72it/s, loss=0.7444]
Epoch 52/100:  57%|█████▋    | 43/76 [00:00<00:00, 59.88it/s, loss=0.7444]
Epoch 52/100:  57%|█████▋    | 43/76 [00:00<00:00, 59.88it/s, loss=0.7245]
Epoch 52/100:  57%|█████▋    | 43/76 [00:00<00:00, 59.88it/s, loss=0.5726]
Epoch 52/100:  57%|█████▋    | 43/76 [00:00<00:00, 59.88it/s, loss=0.5239]
Epoch 52/100:  57%|█████▋    | 43/76 [00:00<00:00, 59.88it/s, loss=0.7408]
Epoch 52/100:  57%|█████▋    | 43/76 [00:00<00:00, 59.88it/s, loss=0.7067]
Epoch 52/100:  57%|█████▋    | 43/76 [00:00<00:00, 59.88it/s, loss=0.6022]
Epoch 52/100:  57%|█████▋    | 43/76 [00:00<00:00, 59.88it/s, loss=0.4241]
Epoch 52/100:  66%|██████▌   | 50/76 [00:00<00:00, 60.03it/s, loss=0.4241]
Epoch 52/100:  66%|██████▌   | 50/76 [00:00<00:00, 60.03it/s, loss=0.5699]
Epoch 52/100:  66%|██████▌   | 50/76 [00:00<00:00, 60.03it/s, loss=0.7225]
Epoch 52/100:  66%|██████▌   | 50/76 [00:00<00:00, 60.03it/s, loss=0.7342]
Epoch 52/100:  66%|██████▌   | 50/76 [00:00<00:00, 60.03it/s, loss=0.7267]
Epoch 52/100:  66%|██████▌   | 50/76 [00:00<00:00, 60.03it/s, loss=0.6470]
Epoch 52/100:  66%|██████▌   | 50/76 [00:00<00:00, 60.03it/s, loss=0.6618]
Epoch 52/100:  66%|██████▌   | 50/76 [00:00<00:00, 60.03it/s, loss=0.9168]
Epoch 52/100:  75%|███████▌  | 57/76 [00:00<00:00, 59.98it/s, loss=0.9168]
Epoch 52/100:  75%|███████▌  | 57/76 [00:00<00:00, 59.98it/s, loss=0.5339]
Epoch 52/100:  75%|███████▌  | 57/76 [00:00<00:00, 59.98it/s, loss=0.5259]
Epoch 52/100:  75%|███████▌  | 57/76 [00:01<00:00, 59.98it/s, loss=0.7084]
Epoch 52/100:  75%|███████▌  | 57/76 [00:01<00:00, 59.98it/s, loss=0.6548]
Epoch 52/100:  75%|███████▌  | 57/76 [00:01<00:00, 59.98it/s, loss=0.6069]
Epoch 52/100:  75%|███████▌  | 57/76 [00:01<00:00, 59.98it/s, loss=0.8345]
Epoch 52/100:  75%|███████▌  | 57/76 [00:01<00:00, 59.98it/s, loss=0.7234]
Epoch 52/100:  84%|████████▍ | 64/76 [00:01<00:00, 60.02it/s, loss=0.7234]
Epoch 52/100:  84%|████████▍ | 64/76 [00:01<00:00, 60.02it/s, loss=0.7810]
Epoch 52/100:  84%|████████▍ | 64/76 [00:01<00:00, 60.02it/s, loss=0.6439]
Epoch 52/100:  84%|████████▍ | 64/76 [00:01<00:00, 60.02it/s, loss=0.6168]
Epoch 52/100:  84%|████████▍ | 64/76 [00:01<00:00, 60.02it/s, loss=0.5803]
Epoch 52/100:  84%|████████▍ | 64/76 [00:01<00:00, 60.02it/s, loss=0.6031]
Epoch 52/100:  84%|████████▍ | 64/76 [00:01<00:00, 60.02it/s, loss=0.5878]
Epoch 52/100:  84%|████████▍ | 64/76 [00:01<00:00, 60.02it/s, loss=0.5339]
Epoch 52/100:  93%|█████████▎| 71/76 [00:01<00:00, 60.05it/s, loss=0.5339]
Epoch 52/100:  93%|█████████▎| 71/76 [00:01<00:00, 60.05it/s, loss=0.9119]
Epoch 52/100:  93%|█████████▎| 71/76 [00:01<00:00, 60.05it/s, loss=0.7405]
Epoch 52/100:  93%|█████████▎| 71/76 [00:01<00:00, 60.05it/s, loss=1.0698]
Epoch 52/100:  93%|█████████▎| 71/76 [00:01<00:00, 60.05it/s, loss=0.5422]
Epoch 52/100:  93%|█████████▎| 71/76 [00:01<00:00, 60.05it/s, loss=0.9283]
Epoch 52/100: 100%|██████████| 76/76 [00:01<00:00, 59.91it/s, loss=0.9283]
Epoch 52/100 - avg_loss: 0.6182

Epoch 53/100:   0%|          | 0/76 [00:00<?, ?it/s]
Epoch 53/100:   0%|          | 0/76 [00:00<?, ?it/s, loss=0.4497]
Epoch 53/100:   0%|          | 0/76 [00:00<?, ?it/s, loss=0.5019]
Epoch 53/100:   0%|          | 0/76 [00:00<?, ?it/s, loss=0.4782]
Epoch 53/100:   0%|          | 0/76 [00:00<?, ?it/s, loss=0.4675]
Epoch 53/100:   0%|          | 0/76 [00:00<?, ?it/s, loss=0.4821]
Epoch 53/100:   0%|          | 0/76 [00:00<?, ?it/s, loss=0.5493]
Epoch 53/100:   0%|          | 0/76 [00:00<?, ?it/s, loss=0.4161]
Epoch 53/100:   9%|▉         | 7/76 [00:00<00:01, 60.10it/s, loss=0.4161]
Epoch 53/100:   9%|▉         | 7/76 [00:00<00:01, 60.10it/s, loss=0.3895]
Epoch 53/100:   9%|▉         | 7/76 [00:00<00:01, 60.10it/s, loss=0.4893]
Epoch 53/100:   9%|▉         | 7/76 [00:00<00:01, 60.10it/s, loss=0.4462]
Epoch 53/100:   9%|▉         | 7/76 [00:00<00:01, 60.10it/s, loss=0.5108]
Epoch 53/100:   9%|▉         | 7/76 [00:00<00:01, 60.10it/s, loss=0.4680]
Epoch 53/100:   9%|▉         | 7/76 [00:00<00:01, 60.10it/s, loss=0.6330]
Epoch 53/100:   9%|▉         | 7/76 [00:00<00:01, 60.10it/s, loss=0.7702]
Epoch 53/100:  18%|█▊        | 14/76 [00:00<00:01, 60.02it/s, loss=0.7702]
Epoch 53/100:  18%|█▊        | 14/76 [00:00<00:01, 60.02it/s, loss=0.6651]
Epoch 53/100:  18%|█▊        | 14/76 [00:00<00:01, 60.02it/s, loss=0.4663]
Epoch 53/100:  18%|█▊        | 14/76 [00:00<00:01, 60.02it/s, loss=0.4233]
Epoch 53/100:  18%|█▊        | 14/76 [00:00<00:01, 60.02it/s, loss=0.5117]
Epoch 53/100:  18%|█▊        | 14/76 [00:00<00:01, 60.02it/s, loss=0.6273]
Epoch 53/100:  18%|█▊        | 14/76 [00:00<00:01, 60.02it/s, loss=0.6283]
Epoch 53/100:  18%|█▊        | 14/76 [00:00<00:01, 60.02it/s, loss=0.5770]
Epoch 53/100:  28%|██▊       | 21/76 [00:00<00:00, 60.06it/s, loss=0.5770]
Epoch 53/100:  28%|██▊       | 21/76 [00:00<00:00, 60.06it/s, loss=0.4614]
Epoch 53/100:  28%|██▊       | 21/76 [00:00<00:00, 60.06it/s, loss=0.5513]
Epoch 53/100:  28%|██▊       | 21/76 [00:00<00:00, 60.06it/s, loss=0.5125]
Epoch 53/100:  28%|██▊       | 21/76 [00:00<00:00, 60.06it/s, loss=0.4274]
Epoch 53/100:  28%|██▊       | 21/76 [00:00<00:00, 60.06it/s, loss=0.4886]
Epoch 53/100:  28%|██▊       | 21/76 [00:00<00:00, 60.06it/s, loss=0.5069]
Epoch 53/100:  28%|██▊       | 21/76 [00:00<00:00, 60.06it/s, loss=0.4993]
Epoch 53/100:  37%|███▋      | 28/76 [00:00<00:00, 60.06it/s, loss=0.4993]
Epoch 53/100:  37%|███▋      | 28/76 [00:00<00:00, 60.06it/s, loss=0.6775]
Epoch 53/100:  37%|███▋      | 28/76 [00:00<00:00, 60.06it/s, loss=0.4899]
Epoch 53/100:  37%|███▋      | 28/76 [00:00<00:00, 60.06it/s, loss=0.6490]
Epoch 53/100:  37%|███▋      | 28/76 [00:00<00:00, 60.06it/s, loss=0.5622]
Epoch 53/100:  37%|███▋      | 28/76 [00:00<00:00, 60.06it/s, loss=0.5926]
Epoch 53/100:  37%|███▋      | 28/76 [00:00<00:00, 60.06it/s, loss=0.5859]
Epoch 53/100:  37%|███▋      | 28/76 [00:00<00:00, 60.06it/s, loss=0.6044]
Epoch 53/100:  46%|████▌     | 35/76 [00:00<00:00, 60.07it/s, loss=0.6044]
Epoch 53/100:  46%|████▌     | 35/76 [00:00<00:00, 60.07it/s, loss=0.6755]
Epoch 53/100:  46%|████▌     | 35/76 [00:00<00:00, 60.07it/s, loss=0.8118]
Epoch 53/100:  46%|████▌     | 35/76 [00:00<00:00, 60.07it/s, loss=0.6694]
Epoch 53/100:  46%|████▌     | 35/76 [00:00<00:00, 60.07it/s, loss=0.5162]
Epoch 53/100:  46%|████▌     | 35/76 [00:00<00:00, 60.07it/s, loss=0.5671]
Epoch 53/100:  46%|████▌     | 35/76 [00:00<00:00, 60.07it/s, loss=0.5317]
Epoch 53/100:  46%|████▌     | 35/76 [00:00<00:00, 60.07it/s, loss=0.9094]
Epoch 53/100:  55%|█████▌    | 42/76 [00:00<00:00, 59.96it/s, loss=0.9094]
Epoch 53/100:  55%|█████▌    | 42/76 [00:00<00:00, 59.96it/s, loss=0.7045]
Epoch 53/100:  55%|█████▌    | 42/76 [00:00<00:00, 59.96it/s, loss=0.5476]
Epoch 53/100:  55%|█████▌    | 42/76 [00:00<00:00, 59.96it/s, loss=0.5159]
Epoch 53/100:  55%|█████▌    | 42/76 [00:00<00:00, 59.96it/s, loss=0.8568]
Epoch 53/100:  55%|█████▌    | 42/76 [00:00<00:00, 59.96it/s, loss=0.5999]
Epoch 53/100:  55%|█████▌    | 42/76 [00:00<00:00, 59.96it/s, loss=0.8849]
Epoch 53/100:  55%|█████▌    | 42/76 [00:00<00:00, 59.96it/s, loss=0.5167]
Epoch 53/100:  64%|██████▍   | 49/76 [00:00<00:00, 60.04it/s, loss=0.5167]
Epoch 53/100:  64%|██████▍   | 49/76 [00:00<00:00, 60.04it/s, loss=0.4386]
Epoch 53/100:  64%|██████▍   | 49/76 [00:00<00:00, 60.04it/s, loss=0.6523]
Epoch 53/100:  64%|██████▍   | 49/76 [00:00<00:00, 60.04it/s, loss=0.6798]
Epoch 53/100:  64%|██████▍   | 49/76 [00:00<00:00, 60.04it/s, loss=0.9074]
Epoch 53/100:  64%|██████▍   | 49/76 [00:00<00:00, 60.04it/s, loss=0.6469]
Epoch 53/100:  64%|██████▍   | 49/76 [00:00<00:00, 60.04it/s, loss=0.5335]
Epoch 53/100:  64%|██████▍   | 49/76 [00:00<00:00, 60.04it/s, loss=0.5974]
Epoch 53/100:  74%|███████▎  | 56/76 [00:00<00:00, 60.08it/s, loss=0.5974]
Epoch 53/100:  74%|███████▎  | 56/76 [00:00<00:00, 60.08it/s, loss=0.5751]
Epoch 53/100:  74%|███████▎  | 56/76 [00:00<00:00, 60.08it/s, loss=0.7439]
Epoch 53/100:  74%|███████▎  | 56/76 [00:00<00:00, 60.08it/s, loss=0.7101]
Epoch 53/100:  74%|███████▎  | 56/76 [00:00<00:00, 60.08it/s, loss=0.5397]
Epoch 53/100:  74%|███████▎  | 56/76 [00:01<00:00, 60.08it/s, loss=0.6693]
Epoch 53/100:  74%|███████▎  | 56/76 [00:01<00:00, 60.08it/s, loss=0.3675]
Epoch 53/100:  74%|███████▎  | 56/76 [00:01<00:00, 60.08it/s, loss=0.5638]
Epoch 53/100:  83%|████████▎ | 63/76 [00:01<00:00, 60.06it/s, loss=0.5638]
Epoch 53/100:  83%|████████▎ | 63/76 [00:01<00:00, 60.06it/s, loss=0.5871]
Epoch 53/100:  83%|████████▎ | 63/76 [00:01<00:00, 60.06it/s, loss=0.9147]
Epoch 53/100:  83%|████████▎ | 63/76 [00:01<00:00, 60.06it/s, loss=0.7386]
Epoch 53/100:  83%|████████▎ | 63/76 [00:01<00:00, 60.06it/s, loss=0.6637]
Epoch 53/100:  83%|████████▎ | 63/76 [00:01<00:00, 60.06it/s, loss=0.5369]
Epoch 53/100:  83%|████████▎ | 63/76 [00:01<00:00, 60.06it/s, loss=0.6137]
Epoch 53/100:  83%|████████▎ | 63/76 [00:01<00:00, 60.06it/s, loss=0.7816]
Epoch 53/100:  92%|█████████▏| 70/76 [00:01<00:00, 60.08it/s, loss=0.7816]
Epoch 53/100:  92%|█████████▏| 70/76 [00:01<00:00, 60.08it/s, loss=0.7120]
Epoch 53/100:  92%|█████████▏| 70/76 [00:01<00:00, 60.08it/s, loss=0.7182]
Epoch 53/100:  92%|█████████▏| 70/76 [00:01<00:00, 60.08it/s, loss=0.6656]
Epoch 53/100:  92%|█████████▏| 70/76 [00:01<00:00, 60.08it/s, loss=0.4915]
Epoch 53/100:  92%|█████████▏| 70/76 [00:01<00:00, 60.08it/s, loss=1.0126]
Epoch 53/100:  92%|█████████▏| 70/76 [00:01<00:00, 60.08it/s, loss=0.4707]
Epoch 53/100: 100%|██████████| 76/76 [00:01<00:00, 60.06it/s, loss=0.4707]
Epoch 53/100 - avg_loss: 0.5974

Epoch 54/100:   0%|          | 0/76 [00:00<?, ?it/s]
Epoch 54/100:   0%|          | 0/76 [00:00<?, ?it/s, loss=0.7172]
Epoch 54/100:   0%|          | 0/76 [00:00<?, ?it/s, loss=0.4815]
Epoch 54/100:   0%|          | 0/76 [00:00<?, ?it/s, loss=0.4839]
Epoch 54/100:   0%|          | 0/76 [00:00<?, ?it/s, loss=0.6384]
Epoch 54/100:   0%|          | 0/76 [00:00<?, ?it/s, loss=0.5783]
Epoch 54/100:   0%|          | 0/76 [00:00<?, ?it/s, loss=0.8217]
Epoch 54/100:   0%|          | 0/76 [00:00<?, ?it/s, loss=0.5586]
Epoch 54/100:   9%|▉         | 7/76 [00:00<00:01, 60.27it/s, loss=0.5586]
Epoch 54/100:   9%|▉         | 7/76 [00:00<00:01, 60.27it/s, loss=0.3751]
Epoch 54/100:   9%|▉         | 7/76 [00:00<00:01, 60.27it/s, loss=0.3223]
Epoch 54/100:   9%|▉         | 7/76 [00:00<00:01, 60.27it/s, loss=0.4754]
Epoch 54/100:   9%|▉         | 7/76 [00:00<00:01, 60.27it/s, loss=0.5160]
Epoch 54/100:   9%|▉         | 7/76 [00:00<00:01, 60.27it/s, loss=0.5357]
Epoch 54/100:   9%|▉         | 7/76 [00:00<00:01, 60.27it/s, loss=0.5700]
Epoch 54/100:   9%|▉         | 7/76 [00:00<00:01, 60.27it/s, loss=0.4680]
Epoch 54/100:  18%|█▊        | 14/76 [00:00<00:01, 60.18it/s, loss=0.4680]
Epoch 54/100:  18%|█▊        | 14/76 [00:00<00:01, 60.18it/s, loss=0.6290]
Epoch 54/100:  18%|█▊        | 14/76 [00:00<00:01, 60.18it/s, loss=0.4328]
Epoch 54/100:  18%|█▊        | 14/76 [00:00<00:01, 60.18it/s, loss=0.5845]
Epoch 54/100:  18%|█▊        | 14/76 [00:00<00:01, 60.18it/s, loss=0.4765]
Epoch 54/100:  18%|█▊        | 14/76 [00:00<00:01, 60.18it/s, loss=0.5791]
Epoch 54/100:  18%|█▊        | 14/76 [00:00<00:01, 60.18it/s, loss=0.5934]
Epoch 54/100:  18%|█▊        | 14/76 [00:00<00:01, 60.18it/s, loss=0.5469]
Epoch 54/100:  28%|██▊       | 21/76 [00:00<00:00, 60.13it/s, loss=0.5469]
Epoch 54/100:  28%|██▊       | 21/76 [00:00<00:00, 60.13it/s, loss=0.3685]
Epoch 54/100:  28%|██▊       | 21/76 [00:00<00:00, 60.13it/s, loss=0.5078]
Epoch 54/100:  28%|██▊       | 21/76 [00:00<00:00, 60.13it/s, loss=0.7746]
Epoch 54/100:  28%|██▊       | 21/76 [00:00<00:00, 60.13it/s, loss=0.4767]
Epoch 54/100:  28%|██▊       | 21/76 [00:00<00:00, 60.13it/s, loss=0.4362]
Epoch 54/100:  28%|██▊       | 21/76 [00:00<00:00, 60.13it/s, loss=0.4662]
Epoch 54/100:  28%|██▊       | 21/76 [00:00<00:00, 60.13it/s, loss=0.5349]
Epoch 54/100:  37%|███▋      | 28/76 [00:00<00:00, 59.78it/s, loss=0.5349]
Epoch 54/100:  37%|███▋      | 28/76 [00:00<00:00, 59.78it/s, loss=0.5498]
Epoch 54/100:  37%|███▋      | 28/76 [00:00<00:00, 59.78it/s, loss=0.3970]
Epoch 54/100:  37%|███▋      | 28/76 [00:00<00:00, 59.78it/s, loss=0.6129]
Epoch 54/100:  37%|███▋      | 28/76 [00:00<00:00, 59.78it/s, loss=0.3844]
Epoch 54/100:  37%|███▋      | 28/76 [00:00<00:00, 59.78it/s, loss=0.4014]
Epoch 54/100:  37%|███▋      | 28/76 [00:00<00:00, 59.78it/s, loss=0.4481]
Epoch 54/100:  45%|████▍     | 34/76 [00:00<00:00, 59.84it/s, loss=0.4481]
Epoch 54/100:  45%|████▍     | 34/76 [00:00<00:00, 59.84it/s, loss=0.5891]
Epoch 54/100:  45%|████▍     | 34/76 [00:00<00:00, 59.84it/s, loss=0.6439]
Epoch 54/100:  45%|████▍     | 34/76 [00:00<00:00, 59.84it/s, loss=0.5912]
Epoch 54/100:  45%|████▍     | 34/76 [00:00<00:00, 59.84it/s, loss=0.4284]
Epoch 54/100:  45%|████▍     | 34/76 [00:00<00:00, 59.84it/s, loss=0.5553]
Epoch 54/100:  45%|████▍     | 34/76 [00:00<00:00, 59.84it/s, loss=0.8250]
Epoch 54/100:  45%|████▍     | 34/76 [00:00<00:00, 59.84it/s, loss=0.5764]
Epoch 54/100:  54%|█████▍    | 41/76 [00:00<00:00, 59.95it/s, loss=0.5764]
Epoch 54/100:  54%|█████▍    | 41/76 [00:00<00:00, 59.95it/s, loss=0.6883]
Epoch 54/100:  54%|█████▍    | 41/76 [00:00<00:00, 59.95it/s, loss=0.7193]
Epoch 54/100:  54%|█████▍    | 41/76 [00:00<00:00, 59.95it/s, loss=0.7105]
Epoch 54/100:  54%|█████▍    | 41/76 [00:00<00:00, 59.95it/s, loss=0.7275]
Epoch 54/100:  54%|█████▍    | 41/76 [00:00<00:00, 59.95it/s, loss=0.6655]
Epoch 54/100:  54%|█████▍    | 41/76 [00:00<00:00, 59.95it/s, loss=0.5102]
Epoch 54/100:  54%|█████▍    | 41/76 [00:00<00:00, 59.95it/s, loss=0.4488]
Epoch 54/100:  63%|██████▎   | 48/76 [00:00<00:00, 60.03it/s, loss=0.4488]
Epoch 54/100:  63%|██████▎   | 48/76 [00:00<00:00, 60.03it/s, loss=0.7036]
Epoch 54/100:  63%|██████▎   | 48/76 [00:00<00:00, 60.03it/s, loss=0.3096]
Epoch 54/100:  63%|██████▎   | 48/76 [00:00<00:00, 60.03it/s, loss=0.5508]
Epoch 54/100:  63%|██████▎   | 48/76 [00:00<00:00, 60.03it/s, loss=0.6626]
Epoch 54/100:  63%|██████▎   | 48/76 [00:00<00:00, 60.03it/s, loss=0.6689]
Epoch 54/100:  63%|██████▎   | 48/76 [00:00<00:00, 60.03it/s, loss=0.7001]
Epoch 54/100:  63%|██████▎   | 48/76 [00:00<00:00, 60.03it/s, loss=0.8119]
Epoch 54/100:  72%|███████▏  | 55/76 [00:00<00:00, 59.96it/s, loss=0.8119]
Epoch 54/100:  72%|███████▏  | 55/76 [00:00<00:00, 59.96it/s, loss=0.5527]
Epoch 54/100:  72%|███████▏  | 55/76 [00:00<00:00, 59.96it/s, loss=0.6245]
Epoch 54/100:  72%|███████▏  | 55/76 [00:00<00:00, 59.96it/s, loss=0.3748]
Epoch 54/100:  72%|███████▏  | 55/76 [00:00<00:00, 59.96it/s, loss=0.6318]
Epoch 54/100:  72%|███████▏  | 55/76 [00:01<00:00, 59.96it/s, loss=0.7431]
Epoch 54/100:  72%|███████▏  | 55/76 [00:01<00:00, 59.96it/s, loss=0.6432]
Epoch 54/100:  72%|███████▏  | 55/76 [00:01<00:00, 59.96it/s, loss=0.7954]
Epoch 54/100:  82%|████████▏ | 62/76 [00:01<00:00, 59.99it/s, loss=0.7954]
Epoch 54/100:  82%|████████▏ | 62/76 [00:01<00:00, 59.99it/s, loss=0.8101]
Epoch 54/100:  82%|████████▏ | 62/76 [00:01<00:00, 59.99it/s, loss=0.7270]
Epoch 54/100:  82%|████████▏ | 62/76 [00:01<00:00, 59.99it/s, loss=0.7703]
Epoch 54/100:  82%|████████▏ | 62/76 [00:01<00:00, 59.99it/s, loss=0.5877]
Epoch 54/100:  82%|████████▏ | 62/76 [00:01<00:00, 59.99it/s, loss=0.7240]
Epoch 54/100:  82%|████████▏ | 62/76 [00:01<00:00, 59.99it/s, loss=0.8442]
Epoch 54/100:  82%|████████▏ | 62/76 [00:01<00:00, 59.99it/s, loss=0.5647]
Epoch 54/100:  91%|█████████ | 69/76 [00:01<00:00, 60.00it/s, loss=0.5647]
Epoch 54/100:  91%|█████████ | 69/76 [00:01<00:00, 60.00it/s, loss=0.8492]
Epoch 54/100:  91%|█████████ | 69/76 [00:01<00:00, 60.00it/s, loss=0.3698]
Epoch 54/100:  91%|█████████ | 69/76 [00:01<00:00, 60.00it/s, loss=0.7428]
Epoch 54/100:  91%|█████████ | 69/76 [00:01<00:00, 60.00it/s, loss=0.5563]
Epoch 54/100:  91%|█████████ | 69/76 [00:01<00:00, 60.00it/s, loss=0.7381]
Epoch 54/100:  91%|█████████ | 69/76 [00:01<00:00, 60.00it/s, loss=0.6436]
Epoch 54/100:  91%|█████████ | 69/76 [00:01<00:00, 60.00it/s, loss=0.5407]
Epoch 54/100: 100%|██████████| 76/76 [00:01<00:00, 60.08it/s, loss=0.5407]
Epoch 54/100: 100%|██████████| 76/76 [00:01<00:00, 60.01it/s, loss=0.5407]
Epoch 54/100 - avg_loss: 0.5877

Epoch 55/100:   0%|          | 0/76 [00:00<?, ?it/s]
Epoch 55/100:   0%|          | 0/76 [00:00<?, ?it/s, loss=0.5119]
Epoch 55/100:   0%|          | 0/76 [00:00<?, ?it/s, loss=0.5617]
Epoch 55/100:   0%|          | 0/76 [00:00<?, ?it/s, loss=0.4259]
Epoch 55/100:   0%|          | 0/76 [00:00<?, ?it/s, loss=0.4218]
Epoch 55/100:   0%|          | 0/76 [00:00<?, ?it/s, loss=0.3468]
Epoch 55/100:   0%|          | 0/76 [00:00<?, ?it/s, loss=0.5687]
Epoch 55/100:   0%|          | 0/76 [00:00<?, ?it/s, loss=0.3246]
Epoch 55/100:   9%|▉         | 7/76 [00:00<00:01, 60.10it/s, loss=0.3246]
Epoch 55/100:   9%|▉         | 7/76 [00:00<00:01, 60.10it/s, loss=0.4803]
Epoch 55/100:   9%|▉         | 7/76 [00:00<00:01, 60.10it/s, loss=0.4418]
Epoch 55/100:   9%|▉         | 7/76 [00:00<00:01, 60.10it/s, loss=0.7868]
Epoch 55/100:   9%|▉         | 7/76 [00:00<00:01, 60.10it/s, loss=0.5370]
Epoch 55/100:   9%|▉         | 7/76 [00:00<00:01, 60.10it/s, loss=0.4688]
Epoch 55/100:   9%|▉         | 7/76 [00:00<00:01, 60.10it/s, loss=0.6161]
Epoch 55/100:   9%|▉         | 7/76 [00:00<00:01, 60.10it/s, loss=0.5323]
Epoch 55/100:  18%|█▊        | 14/76 [00:00<00:01, 60.02it/s, loss=0.5323]
Epoch 55/100:  18%|█▊        | 14/76 [00:00<00:01, 60.02it/s, loss=0.6555]
Epoch 55/100:  18%|█▊        | 14/76 [00:00<00:01, 60.02it/s, loss=0.6024]
Epoch 55/100:  18%|█▊        | 14/76 [00:00<00:01, 60.02it/s, loss=0.3666]
Epoch 55/100:  18%|█▊        | 14/76 [00:00<00:01, 60.02it/s, loss=0.5099]
Epoch 55/100:  18%|█▊        | 14/76 [00:00<00:01, 60.02it/s, loss=0.5030]
Epoch 55/100:  18%|█▊        | 14/76 [00:00<00:01, 60.02it/s, loss=0.6550]
Epoch 55/100:  18%|█▊        | 14/76 [00:00<00:01, 60.02it/s, loss=0.4259]
Epoch 55/100:  28%|██▊       | 21/76 [00:00<00:00, 59.99it/s, loss=0.4259]
Epoch 55/100:  28%|██▊       | 21/76 [00:00<00:00, 59.99it/s, loss=0.6643]
Epoch 55/100:  28%|██▊       | 21/76 [00:00<00:00, 59.99it/s, loss=0.4935]
Epoch 55/100:  28%|██▊       | 21/76 [00:00<00:00, 59.99it/s, loss=0.5927]
Epoch 55/100:  28%|██▊       | 21/76 [00:00<00:00, 59.99it/s, loss=0.6093]
Epoch 55/100:  28%|██▊       | 21/76 [00:00<00:00, 59.99it/s, loss=0.6077]
Epoch 55/100:  28%|██▊       | 21/76 [00:00<00:00, 59.99it/s, loss=0.7200]
Epoch 55/100:  28%|██▊       | 21/76 [00:00<00:00, 59.99it/s, loss=0.5911]
Epoch 55/100:  37%|███▋      | 28/76 [00:00<00:00, 60.00it/s, loss=0.5911]
Epoch 55/100:  37%|███▋      | 28/76 [00:00<00:00, 60.00it/s, loss=0.6638]
Epoch 55/100:  37%|███▋      | 28/76 [00:00<00:00, 60.00it/s, loss=0.4573]
Epoch 55/100:  37%|███▋      | 28/76 [00:00<00:00, 60.00it/s, loss=0.7295]
Epoch 55/100:  37%|███▋      | 28/76 [00:00<00:00, 60.00it/s, loss=0.6971]
Epoch 55/100:  37%|███▋      | 28/76 [00:00<00:00, 60.00it/s, loss=0.5202]
Epoch 55/100:  37%|███▋      | 28/76 [00:00<00:00, 60.00it/s, loss=0.5371]
Epoch 55/100:  37%|███▋      | 28/76 [00:00<00:00, 60.00it/s, loss=0.4798]
Epoch 55/100:  46%|████▌     | 35/76 [00:00<00:00, 60.03it/s, loss=0.4798]
Epoch 55/100:  46%|████▌     | 35/76 [00:00<00:00, 60.03it/s, loss=0.4664]
Epoch 55/100:  46%|████▌     | 35/76 [00:00<00:00, 60.03it/s, loss=0.6828]
Epoch 55/100:  46%|████▌     | 35/76 [00:00<00:00, 60.03it/s, loss=0.6280]
Epoch 55/100:  46%|████▌     | 35/76 [00:00<00:00, 60.03it/s, loss=0.5483]
Epoch 55/100:  46%|████▌     | 35/76 [00:00<00:00, 60.03it/s, loss=0.6650]
Epoch 55/100:  46%|████▌     | 35/76 [00:00<00:00, 60.03it/s, loss=0.3793]
Epoch 55/100:  46%|████▌     | 35/76 [00:00<00:00, 60.03it/s, loss=0.6548]
Epoch 55/100:  55%|█████▌    | 42/76 [00:00<00:00, 59.95it/s, loss=0.6548]
Epoch 55/100:  55%|█████▌    | 42/76 [00:00<00:00, 59.95it/s, loss=0.5702]
Epoch 55/100:  55%|█████▌    | 42/76 [00:00<00:00, 59.95it/s, loss=0.5824]
Epoch 55/100:  55%|█████▌    | 42/76 [00:00<00:00, 59.95it/s, loss=0.5995]
Epoch 55/100:  55%|█████▌    | 42/76 [00:00<00:00, 59.95it/s, loss=0.5418]
Epoch 55/100:  55%|█████▌    | 42/76 [00:00<00:00, 59.95it/s, loss=0.5822]
Epoch 55/100:  55%|█████▌    | 42/76 [00:00<00:00, 59.95it/s, loss=0.4287]
Epoch 55/100:  55%|█████▌    | 42/76 [00:00<00:00, 59.95it/s, loss=0.7307]
Epoch 55/100:  64%|██████▍   | 49/76 [00:00<00:00, 59.99it/s, loss=0.7307]
Epoch 55/100:  64%|██████▍   | 49/76 [00:00<00:00, 59.99it/s, loss=0.5873]
Epoch 55/100:  64%|██████▍   | 49/76 [00:00<00:00, 59.99it/s, loss=0.6847]
Epoch 55/100:  64%|██████▍   | 49/76 [00:00<00:00, 59.99it/s, loss=0.9902]
Epoch 55/100:  64%|██████▍   | 49/76 [00:00<00:00, 59.99it/s, loss=0.5610]
Epoch 55/100:  64%|██████▍   | 49/76 [00:00<00:00, 59.99it/s, loss=0.5764]
Epoch 55/100:  64%|██████▍   | 49/76 [00:00<00:00, 59.99it/s, loss=0.7350]
Epoch 55/100:  64%|██████▍   | 49/76 [00:00<00:00, 59.99it/s, loss=0.8419]
Epoch 55/100:  74%|███████▎  | 56/76 [00:00<00:00, 60.01it/s, loss=0.8419]
Epoch 55/100:  74%|███████▎  | 56/76 [00:00<00:00, 60.01it/s, loss=0.5451]
Epoch 55/100:  74%|███████▎  | 56/76 [00:00<00:00, 60.01it/s, loss=0.4339]
Epoch 55/100:  74%|███████▎  | 56/76 [00:00<00:00, 60.01it/s, loss=0.6793]
Epoch 55/100:  74%|███████▎  | 56/76 [00:01<00:00, 60.01it/s, loss=0.5622]
Epoch 55/100:  74%|███████▎  | 56/76 [00:01<00:00, 60.01it/s, loss=0.7775]
Epoch 55/100:  74%|███████▎  | 56/76 [00:01<00:00, 60.01it/s, loss=0.7999]
Epoch 55/100:  74%|███████▎  | 56/76 [00:01<00:00, 60.01it/s, loss=0.4560]
Epoch 55/100:  83%|████████▎ | 63/76 [00:01<00:00, 59.99it/s, loss=0.4560]
Epoch 55/100:  83%|████████▎ | 63/76 [00:01<00:00, 59.99it/s, loss=0.6442]
Epoch 55/100:  83%|████████▎ | 63/76 [00:01<00:00, 59.99it/s, loss=0.8074]
Epoch 55/100:  83%|████████▎ | 63/76 [00:01<00:00, 59.99it/s, loss=0.6389]
Epoch 55/100:  83%|████████▎ | 63/76 [00:01<00:00, 59.99it/s, loss=0.5433]
Epoch 55/100:  83%|████████▎ | 63/76 [00:01<00:00, 59.99it/s, loss=0.8274]
Epoch 55/100:  83%|████████▎ | 63/76 [00:01<00:00, 59.99it/s, loss=0.3848]
Epoch 55/100:  91%|█████████ | 69/76 [00:01<00:00, 59.91it/s, loss=0.3848]
Epoch 55/100:  91%|█████████ | 69/76 [00:01<00:00, 59.91it/s, loss=0.5384]
Epoch 55/100:  91%|█████████ | 69/76 [00:01<00:00, 59.91it/s, loss=0.5958]
Epoch 55/100:  91%|█████████ | 69/76 [00:01<00:00, 59.91it/s, loss=0.4733]
Epoch 55/100:  91%|█████████ | 69/76 [00:01<00:00, 59.91it/s, loss=0.5604]
Epoch 55/100:  91%|█████████ | 69/76 [00:01<00:00, 59.91it/s, loss=0.5671]
Epoch 55/100:  91%|█████████ | 69/76 [00:01<00:00, 59.91it/s, loss=0.6782]
Epoch 55/100:  99%|█████████▊| 75/76 [00:01<00:00, 58.53it/s, loss=0.6782]
Epoch 55/100:  99%|█████████▊| 75/76 [00:01<00:00, 58.53it/s, loss=0.7488]
Epoch 55/100: 100%|██████████| 76/76 [00:01<00:00, 59.59it/s, loss=0.7488]
Epoch 55/100 - avg_loss: 0.5843

Epoch 56/100:   0%|          | 0/76 [00:00<?, ?it/s]
Epoch 56/100:   0%|          | 0/76 [00:00<?, ?it/s, loss=0.4221]
Epoch 56/100:   0%|          | 0/76 [00:00<?, ?it/s, loss=0.5065]
Epoch 56/100:   0%|          | 0/76 [00:00<?, ?it/s, loss=0.3365]
Epoch 56/100:   0%|          | 0/76 [00:00<?, ?it/s, loss=0.5449]
Epoch 56/100:   0%|          | 0/76 [00:00<?, ?it/s, loss=0.5391]
Epoch 56/100:   0%|          | 0/76 [00:00<?, ?it/s, loss=0.6448]
Epoch 56/100:   8%|▊         | 6/76 [00:00<00:01, 59.95it/s, loss=0.6448]
Epoch 56/100:   8%|▊         | 6/76 [00:00<00:01, 59.95it/s, loss=0.5750]
Epoch 56/100:   8%|▊         | 6/76 [00:00<00:01, 59.95it/s, loss=0.4238]
Epoch 56/100:   8%|▊         | 6/76 [00:00<00:01, 59.95it/s, loss=0.3997]
Epoch 56/100:   8%|▊         | 6/76 [00:00<00:01, 59.95it/s, loss=0.4744]
Epoch 56/100:   8%|▊         | 6/76 [00:00<00:01, 59.95it/s, loss=0.4096]
Epoch 56/100:   8%|▊         | 6/76 [00:00<00:01, 59.95it/s, loss=0.5888]
Epoch 56/100:  16%|█▌        | 12/76 [00:00<00:01, 59.88it/s, loss=0.5888]
Epoch 56/100:  16%|█▌        | 12/76 [00:00<00:01, 59.88it/s, loss=0.5867]
Epoch 56/100:  16%|█▌        | 12/76 [00:00<00:01, 59.88it/s, loss=0.3890]
Epoch 56/100:  16%|█▌        | 12/76 [00:00<00:01, 59.88it/s, loss=0.6366]
Epoch 56/100:  16%|█▌        | 12/76 [00:00<00:01, 59.88it/s, loss=0.6095]
Epoch 56/100:  16%|█▌        | 12/76 [00:00<00:01, 59.88it/s, loss=0.6176]
Epoch 56/100:  16%|█▌        | 12/76 [00:00<00:01, 59.88it/s, loss=0.5412]
Epoch 56/100:  24%|██▎       | 18/76 [00:00<00:00, 59.93it/s, loss=0.5412]
Epoch 56/100:  24%|██▎       | 18/76 [00:00<00:00, 59.93it/s, loss=0.5675]
Epoch 56/100:  24%|██▎       | 18/76 [00:00<00:00, 59.93it/s, loss=0.6189]
Epoch 56/100:  24%|██▎       | 18/76 [00:00<00:00, 59.93it/s, loss=0.3748]
Epoch 56/100:  24%|██▎       | 18/76 [00:00<00:00, 59.93it/s, loss=0.6379]
Epoch 56/100:  24%|██▎       | 18/76 [00:00<00:00, 59.93it/s, loss=0.5749]
Epoch 56/100:  24%|██▎       | 18/76 [00:00<00:00, 59.93it/s, loss=0.4269]
Epoch 56/100:  32%|███▏      | 24/76 [00:00<00:00, 59.60it/s, loss=0.4269]
Epoch 56/100:  32%|███▏      | 24/76 [00:00<00:00, 59.60it/s, loss=0.5590]
Epoch 56/100:  32%|███▏      | 24/76 [00:00<00:00, 59.60it/s, loss=0.4453]
Epoch 56/100:  32%|███▏      | 24/76 [00:00<00:00, 59.60it/s, loss=0.5499]
Epoch 56/100:  32%|███▏      | 24/76 [00:00<00:00, 59.60it/s, loss=0.4622]
Epoch 56/100:  32%|███▏      | 24/76 [00:00<00:00, 59.60it/s, loss=0.7562]
Epoch 56/100:  32%|███▏      | 24/76 [00:00<00:00, 59.60it/s, loss=0.5096]
Epoch 56/100:  39%|███▉      | 30/76 [00:00<00:00, 59.71it/s, loss=0.5096]
Epoch 56/100:  39%|███▉      | 30/76 [00:00<00:00, 59.71it/s, loss=0.8265]
Epoch 56/100:  39%|███▉      | 30/76 [00:00<00:00, 59.71it/s, loss=0.5849]
Epoch 56/100:  39%|███▉      | 30/76 [00:00<00:00, 59.71it/s, loss=0.4819]
Epoch 56/100:  39%|███▉      | 30/76 [00:00<00:00, 59.71it/s, loss=0.5658]
Epoch 56/100:  39%|███▉      | 30/76 [00:00<00:00, 59.71it/s, loss=0.3904]
Epoch 56/100:  39%|███▉      | 30/76 [00:00<00:00, 59.71it/s, loss=0.4245]
Epoch 56/100:  39%|███▉      | 30/76 [00:00<00:00, 59.71it/s, loss=0.4780]
Epoch 56/100:  49%|████▊     | 37/76 [00:00<00:00, 59.81it/s, loss=0.4780]
Epoch 56/100:  49%|████▊     | 37/76 [00:00<00:00, 59.81it/s, loss=0.5648]
Epoch 56/100:  49%|████▊     | 37/76 [00:00<00:00, 59.81it/s, loss=0.6160]
Epoch 56/100:  49%|████▊     | 37/76 [00:00<00:00, 59.81it/s, loss=0.5766]
Epoch 56/100:  49%|████▊     | 37/76 [00:00<00:00, 59.81it/s, loss=0.6250]
Epoch 56/100:  49%|████▊     | 37/76 [00:00<00:00, 59.81it/s, loss=0.4700]
Epoch 56/100:  49%|████▊     | 37/76 [00:00<00:00, 59.81it/s, loss=0.5075]
Epoch 56/100:  57%|█████▋    | 43/76 [00:00<00:00, 59.87it/s, loss=0.5075]
Epoch 56/100:  57%|█████▋    | 43/76 [00:00<00:00, 59.87it/s, loss=0.3355]
Epoch 56/100:  57%|█████▋    | 43/76 [00:00<00:00, 59.87it/s, loss=0.5020]
Epoch 56/100:  57%|█████▋    | 43/76 [00:00<00:00, 59.87it/s, loss=0.5741]
Epoch 56/100:  57%|█████▋    | 43/76 [00:00<00:00, 59.87it/s, loss=0.5175]
Epoch 56/100:  57%|█████▋    | 43/76 [00:00<00:00, 59.87it/s, loss=0.5705]
Epoch 56/100:  57%|█████▋    | 43/76 [00:00<00:00, 59.87it/s, loss=0.7550]
Epoch 56/100:  57%|█████▋    | 43/76 [00:00<00:00, 59.87it/s, loss=0.6983]
Epoch 56/100:  66%|██████▌   | 50/76 [00:00<00:00, 59.99it/s, loss=0.6983]
Epoch 56/100:  66%|██████▌   | 50/76 [00:00<00:00, 59.99it/s, loss=0.6137]
Epoch 56/100:  66%|██████▌   | 50/76 [00:00<00:00, 59.99it/s, loss=0.5261]
Epoch 56/100:  66%|██████▌   | 50/76 [00:00<00:00, 59.99it/s, loss=0.7563]
Epoch 56/100:  66%|██████▌   | 50/76 [00:00<00:00, 59.99it/s, loss=0.7571]
Epoch 56/100:  66%|██████▌   | 50/76 [00:00<00:00, 59.99it/s, loss=0.6327]
Epoch 56/100:  66%|██████▌   | 50/76 [00:00<00:00, 59.99it/s, loss=0.6567]
Epoch 56/100:  74%|███████▎  | 56/76 [00:00<00:00, 59.97it/s, loss=0.6567]
Epoch 56/100:  74%|███████▎  | 56/76 [00:00<00:00, 59.97it/s, loss=0.8476]
Epoch 56/100:  74%|███████▎  | 56/76 [00:00<00:00, 59.97it/s, loss=0.5653]
Epoch 56/100:  74%|███████▎  | 56/76 [00:00<00:00, 59.97it/s, loss=0.6731]
Epoch 56/100:  74%|███████▎  | 56/76 [00:01<00:00, 59.97it/s, loss=0.7257]
Epoch 56/100:  74%|███████▎  | 56/76 [00:01<00:00, 59.97it/s, loss=0.6025]
Epoch 56/100:  74%|███████▎  | 56/76 [00:01<00:00, 59.97it/s, loss=0.6344]
Epoch 56/100:  82%|████████▏ | 62/76 [00:01<00:00, 59.97it/s, loss=0.6344]
Epoch 56/100:  82%|████████▏ | 62/76 [00:01<00:00, 59.97it/s, loss=0.7978]
Epoch 56/100:  82%|████████▏ | 62/76 [00:01<00:00, 59.97it/s, loss=0.6469]
Epoch 56/100:  82%|████████▏ | 62/76 [00:01<00:00, 59.97it/s, loss=0.8710]
Epoch 56/100:  82%|████████▏ | 62/76 [00:01<00:00, 59.97it/s, loss=0.7523]
Epoch 56/100:  82%|████████▏ | 62/76 [00:01<00:00, 59.97it/s, loss=0.6407]
Epoch 56/100:  82%|████████▏ | 62/76 [00:01<00:00, 59.97it/s, loss=0.4837]
Epoch 56/100:  82%|████████▏ | 62/76 [00:01<00:00, 59.97it/s, loss=0.5478]
Epoch 56/100:  91%|█████████ | 69/76 [00:01<00:00, 60.00it/s, loss=0.5478]
Epoch 56/100:  91%|█████████ | 69/76 [00:01<00:00, 60.00it/s, loss=0.7039]
Epoch 56/100:  91%|█████████ | 69/76 [00:01<00:00, 60.00it/s, loss=0.7333]
Epoch 56/100:  91%|█████████ | 69/76 [00:01<00:00, 60.00it/s, loss=0.6382]
Epoch 56/100:  91%|█████████ | 69/76 [00:01<00:00, 60.00it/s, loss=0.8598]
Epoch 56/100:  91%|█████████ | 69/76 [00:01<00:00, 60.00it/s, loss=0.5669]
Epoch 56/100:  91%|█████████ | 69/76 [00:01<00:00, 60.00it/s, loss=0.8090]
Epoch 56/100:  91%|█████████ | 69/76 [00:01<00:00, 60.00it/s, loss=0.6675]
Epoch 56/100: 100%|██████████| 76/76 [00:01<00:00, 60.03it/s, loss=0.6675]
Epoch 56/100: 100%|██████████| 76/76 [00:01<00:00, 59.92it/s, loss=0.6675]
Epoch 56/100 - avg_loss: 0.5856

Epoch 57/100:   0%|          | 0/76 [00:00<?, ?it/s]
Epoch 57/100:   0%|          | 0/76 [00:00<?, ?it/s, loss=0.5555]
Epoch 57/100:   0%|          | 0/76 [00:00<?, ?it/s, loss=0.4965]
Epoch 57/100:   0%|          | 0/76 [00:00<?, ?it/s, loss=0.4447]
Epoch 57/100:   0%|          | 0/76 [00:00<?, ?it/s, loss=0.5427]
Epoch 57/100:   0%|          | 0/76 [00:00<?, ?it/s, loss=0.4597]
Epoch 57/100:   0%|          | 0/76 [00:00<?, ?it/s, loss=0.5215]
Epoch 57/100:   8%|▊         | 6/76 [00:00<00:01, 51.53it/s, loss=0.5215]
Epoch 57/100:   8%|▊         | 6/76 [00:00<00:01, 51.53it/s, loss=0.4650]
Epoch 57/100:   8%|▊         | 6/76 [00:00<00:01, 51.53it/s, loss=0.5506]
Epoch 57/100:   8%|▊         | 6/76 [00:00<00:01, 51.53it/s, loss=0.5173]
Epoch 57/100:   8%|▊         | 6/76 [00:00<00:01, 51.53it/s, loss=0.4169]
Epoch 57/100:   8%|▊         | 6/76 [00:00<00:01, 51.53it/s, loss=0.7474]
Epoch 57/100:   8%|▊         | 6/76 [00:00<00:01, 51.53it/s, loss=0.6977]
Epoch 57/100:   8%|▊         | 6/76 [00:00<00:01, 51.53it/s, loss=0.4423]
Epoch 57/100:  17%|█▋        | 13/76 [00:00<00:01, 56.57it/s, loss=0.4423]
Epoch 57/100:  17%|█▋        | 13/76 [00:00<00:01, 56.57it/s, loss=0.2903]
Epoch 57/100:  17%|█▋        | 13/76 [00:00<00:01, 56.57it/s, loss=0.3158]
Epoch 57/100:  17%|█▋        | 13/76 [00:00<00:01, 56.57it/s, loss=0.3760]
Epoch 57/100:  17%|█▋        | 13/76 [00:00<00:01, 56.57it/s, loss=0.5261]
Epoch 57/100:  17%|█▋        | 13/76 [00:00<00:01, 56.57it/s, loss=0.5913]
Epoch 57/100:  17%|█▋        | 13/76 [00:00<00:01, 56.57it/s, loss=0.5059]
Epoch 57/100:  17%|█▋        | 13/76 [00:00<00:01, 56.57it/s, loss=0.3598]
Epoch 57/100:  26%|██▋       | 20/76 [00:00<00:00, 58.18it/s, loss=0.3598]
Epoch 57/100:  26%|██▋       | 20/76 [00:00<00:00, 58.18it/s, loss=0.4921]
Epoch 57/100:  26%|██▋       | 20/76 [00:00<00:00, 58.18it/s, loss=0.5193]
Epoch 57/100:  26%|██▋       | 20/76 [00:00<00:00, 58.18it/s, loss=0.5083]
Epoch 57/100:  26%|██▋       | 20/76 [00:00<00:00, 58.18it/s, loss=0.5408]
Epoch 57/100:  26%|██▋       | 20/76 [00:00<00:00, 58.18it/s, loss=0.3522]
Epoch 57/100:  26%|██▋       | 20/76 [00:00<00:00, 58.18it/s, loss=0.5893]
Epoch 57/100:  26%|██▋       | 20/76 [00:00<00:00, 58.18it/s, loss=0.5500]
Epoch 57/100:  36%|███▌      | 27/76 [00:00<00:00, 58.93it/s, loss=0.5500]
Epoch 57/100:  36%|███▌      | 27/76 [00:00<00:00, 58.93it/s, loss=0.5383]
Epoch 57/100:  36%|███▌      | 27/76 [00:00<00:00, 58.93it/s, loss=0.4220]
Epoch 57/100:  36%|███▌      | 27/76 [00:00<00:00, 58.93it/s, loss=0.6202]
Epoch 57/100:  36%|███▌      | 27/76 [00:00<00:00, 58.93it/s, loss=0.5688]
Epoch 57/100:  36%|███▌      | 27/76 [00:00<00:00, 58.93it/s, loss=0.5990]
Epoch 57/100:  36%|███▌      | 27/76 [00:00<00:00, 58.93it/s, loss=0.5839]
Epoch 57/100:  36%|███▌      | 27/76 [00:00<00:00, 58.93it/s, loss=0.6455]
Epoch 57/100:  45%|████▍     | 34/76 [00:00<00:00, 59.37it/s, loss=0.6455]
Epoch 57/100:  45%|████▍     | 34/76 [00:00<00:00, 59.37it/s, loss=0.4435]
Epoch 57/100:  45%|████▍     | 34/76 [00:00<00:00, 59.37it/s, loss=0.6054]
Epoch 57/100:  45%|████▍     | 34/76 [00:00<00:00, 59.37it/s, loss=0.6091]
Epoch 57/100:  45%|████▍     | 34/76 [00:00<00:00, 59.37it/s, loss=0.3716]
Epoch 57/100:  45%|████▍     | 34/76 [00:00<00:00, 59.37it/s, loss=0.5391]
Epoch 57/100:  45%|████▍     | 34/76 [00:00<00:00, 59.37it/s, loss=0.4103]
Epoch 57/100:  53%|█████▎    | 40/76 [00:00<00:00, 59.52it/s, loss=0.4103]
Epoch 57/100:  53%|█████▎    | 40/76 [00:00<00:00, 59.52it/s, loss=0.5380]
Epoch 57/100:  53%|█████▎    | 40/76 [00:00<00:00, 59.52it/s, loss=0.5287]
Epoch 57/100:  53%|█████▎    | 40/76 [00:00<00:00, 59.52it/s, loss=0.6384]
Epoch 57/100:  53%|█████▎    | 40/76 [00:00<00:00, 59.52it/s, loss=0.4794]
Epoch 57/100:  53%|█████▎    | 40/76 [00:00<00:00, 59.52it/s, loss=0.5051]
Epoch 57/100:  53%|█████▎    | 40/76 [00:00<00:00, 59.52it/s, loss=0.7297]
Epoch 57/100:  53%|█████▎    | 40/76 [00:00<00:00, 59.52it/s, loss=0.5850]
Epoch 57/100:  62%|██████▏   | 47/76 [00:00<00:00, 59.74it/s, loss=0.5850]
Epoch 57/100:  62%|██████▏   | 47/76 [00:00<00:00, 59.74it/s, loss=0.5266]
Epoch 57/100:  62%|██████▏   | 47/76 [00:00<00:00, 59.74it/s, loss=0.7266]
Epoch 57/100:  62%|██████▏   | 47/76 [00:00<00:00, 59.74it/s, loss=0.5441]
Epoch 57/100:  62%|██████▏   | 47/76 [00:00<00:00, 59.74it/s, loss=0.6006]
Epoch 57/100:  62%|██████▏   | 47/76 [00:00<00:00, 59.74it/s, loss=0.5964]
Epoch 57/100:  62%|██████▏   | 47/76 [00:00<00:00, 59.74it/s, loss=0.8121]
Epoch 57/100:  62%|██████▏   | 47/76 [00:00<00:00, 59.74it/s, loss=0.4185]
Epoch 57/100:  71%|███████   | 54/76 [00:00<00:00, 59.88it/s, loss=0.4185]
Epoch 57/100:  71%|███████   | 54/76 [00:00<00:00, 59.88it/s, loss=0.4499]
Epoch 57/100:  71%|███████   | 54/76 [00:00<00:00, 59.88it/s, loss=0.6408]
Epoch 57/100:  71%|███████   | 54/76 [00:00<00:00, 59.88it/s, loss=0.6483]
Epoch 57/100:  71%|███████   | 54/76 [00:00<00:00, 59.88it/s, loss=0.7966]
Epoch 57/100:  71%|███████   | 54/76 [00:00<00:00, 59.88it/s, loss=0.4907]
Epoch 57/100:  71%|███████   | 54/76 [00:01<00:00, 59.88it/s, loss=0.5405]
Epoch 57/100:  71%|███████   | 54/76 [00:01<00:00, 59.88it/s, loss=0.6174]
Epoch 57/100:  80%|████████  | 61/76 [00:01<00:00, 59.96it/s, loss=0.6174]
Epoch 57/100:  80%|████████  | 61/76 [00:01<00:00, 59.96it/s, loss=0.5670]
Epoch 57/100:  80%|████████  | 61/76 [00:01<00:00, 59.96it/s, loss=0.5779]
Epoch 57/100:  80%|████████  | 61/76 [00:01<00:00, 59.96it/s, loss=0.5835]
Epoch 57/100:  80%|████████  | 61/76 [00:01<00:00, 59.96it/s, loss=0.8621]
Epoch 57/100:  80%|████████  | 61/76 [00:01<00:00, 59.96it/s, loss=0.5746]
Epoch 57/100:  80%|████████  | 61/76 [00:01<00:00, 59.96it/s, loss=0.5626]
Epoch 57/100:  88%|████████▊ | 67/76 [00:01<00:00, 59.95it/s, loss=0.5626]
Epoch 57/100:  88%|████████▊ | 67/76 [00:01<00:00, 59.95it/s, loss=0.6943]
Epoch 57/100:  88%|████████▊ | 67/76 [00:01<00:00, 59.95it/s, loss=0.6758]
Epoch 57/100:  88%|████████▊ | 67/76 [00:01<00:00, 59.95it/s, loss=0.5601]
Epoch 57/100:  88%|████████▊ | 67/76 [00:01<00:00, 59.95it/s, loss=0.7183]
Epoch 57/100:  88%|████████▊ | 67/76 [00:01<00:00, 59.95it/s, loss=0.7433]
Epoch 57/100:  88%|████████▊ | 67/76 [00:01<00:00, 59.95it/s, loss=0.7447]
Epoch 57/100:  96%|█████████▌| 73/76 [00:01<00:00, 59.92it/s, loss=0.7447]
Epoch 57/100:  96%|█████████▌| 73/76 [00:01<00:00, 59.92it/s, loss=0.4587]
Epoch 57/100:  96%|█████████▌| 73/76 [00:01<00:00, 59.92it/s, loss=0.5963]
Epoch 57/100:  96%|█████████▌| 73/76 [00:01<00:00, 59.92it/s, loss=0.7189]
Epoch 57/100: 100%|██████████| 76/76 [00:01<00:00, 59.30it/s, loss=0.7189]
Epoch 57/100 - avg_loss: 0.5577

Epoch 58/100:   0%|          | 0/76 [00:00<?, ?it/s]
Epoch 58/100:   0%|          | 0/76 [00:00<?, ?it/s, loss=0.4275]
Epoch 58/100:   0%|          | 0/76 [00:00<?, ?it/s, loss=0.5845]
Epoch 58/100:   0%|          | 0/76 [00:00<?, ?it/s, loss=0.5995]
Epoch 58/100:   0%|          | 0/76 [00:00<?, ?it/s, loss=0.4161]
Epoch 58/100:   0%|          | 0/76 [00:00<?, ?it/s, loss=0.5391]
Epoch 58/100:   0%|          | 0/76 [00:00<?, ?it/s, loss=0.4399]
Epoch 58/100:   0%|          | 0/76 [00:00<?, ?it/s, loss=0.4578]
Epoch 58/100:   9%|▉         | 7/76 [00:00<00:01, 60.13it/s, loss=0.4578]
Epoch 58/100:   9%|▉         | 7/76 [00:00<00:01, 60.13it/s, loss=0.4246]
Epoch 58/100:   9%|▉         | 7/76 [00:00<00:01, 60.13it/s, loss=0.5760]
Epoch 58/100:   9%|▉         | 7/76 [00:00<00:01, 60.13it/s, loss=0.4471]
Epoch 58/100:   9%|▉         | 7/76 [00:00<00:01, 60.13it/s, loss=0.3034]
Epoch 58/100:   9%|▉         | 7/76 [00:00<00:01, 60.13it/s, loss=0.5421]
Epoch 58/100:   9%|▉         | 7/76 [00:00<00:01, 60.13it/s, loss=0.6039]
Epoch 58/100:   9%|▉         | 7/76 [00:00<00:01, 60.13it/s, loss=0.6748]
Epoch 58/100:  18%|█▊        | 14/76 [00:00<00:01, 60.11it/s, loss=0.6748]
Epoch 58/100:  18%|█▊        | 14/76 [00:00<00:01, 60.11it/s, loss=0.4060]
Epoch 58/100:  18%|█▊        | 14/76 [00:00<00:01, 60.11it/s, loss=0.4193]
Epoch 58/100:  18%|█▊        | 14/76 [00:00<00:01, 60.11it/s, loss=0.4813]
Epoch 58/100:  18%|█▊        | 14/76 [00:00<00:01, 60.11it/s, loss=0.6015]
Epoch 58/100:  18%|█▊        | 14/76 [00:00<00:01, 60.11it/s, loss=0.5013]
Epoch 58/100:  18%|█▊        | 14/76 [00:00<00:01, 60.11it/s, loss=0.3602]
Epoch 58/100:  18%|█▊        | 14/76 [00:00<00:01, 60.11it/s, loss=0.6023]
Epoch 58/100:  28%|██▊       | 21/76 [00:00<00:00, 60.05it/s, loss=0.6023]
Epoch 58/100:  28%|██▊       | 21/76 [00:00<00:00, 60.05it/s, loss=0.5814]
Epoch 58/100:  28%|██▊       | 21/76 [00:00<00:00, 60.05it/s, loss=0.5413]
Epoch 58/100:  28%|██▊       | 21/76 [00:00<00:00, 60.05it/s, loss=0.5519]
Epoch 58/100:  28%|██▊       | 21/76 [00:00<00:00, 60.05it/s, loss=0.5366]
Epoch 58/100:  28%|██▊       | 21/76 [00:00<00:00, 60.05it/s, loss=0.4441]
Epoch 58/100:  28%|██▊       | 21/76 [00:00<00:00, 60.05it/s, loss=0.7189]
Epoch 58/100:  28%|██▊       | 21/76 [00:00<00:00, 60.05it/s, loss=0.5695]
Epoch 58/100:  37%|███▋      | 28/76 [00:00<00:00, 60.05it/s, loss=0.5695]
Epoch 58/100:  37%|███▋      | 28/76 [00:00<00:00, 60.05it/s, loss=0.5254]
Epoch 58/100:  37%|███▋      | 28/76 [00:00<00:00, 60.05it/s, loss=0.7671]
Epoch 58/100:  37%|███▋      | 28/76 [00:00<00:00, 60.05it/s, loss=0.8504]
Epoch 58/100:  37%|███▋      | 28/76 [00:00<00:00, 60.05it/s, loss=0.5573]
Epoch 58/100:  37%|███▋      | 28/76 [00:00<00:00, 60.05it/s, loss=0.5682]
Epoch 58/100:  37%|███▋      | 28/76 [00:00<00:00, 60.05it/s, loss=0.5798]
Epoch 58/100:  37%|███▋      | 28/76 [00:00<00:00, 60.05it/s, loss=0.3823]
Epoch 58/100:  46%|████▌     | 35/76 [00:00<00:00, 60.10it/s, loss=0.3823]
Epoch 58/100:  46%|████▌     | 35/76 [00:00<00:00, 60.10it/s, loss=0.4423]
Epoch 58/100:  46%|████▌     | 35/76 [00:00<00:00, 60.10it/s, loss=0.5299]
Epoch 58/100:  46%|████▌     | 35/76 [00:00<00:00, 60.10it/s, loss=0.5014]
Epoch 58/100:  46%|████▌     | 35/76 [00:00<00:00, 60.10it/s, loss=0.5078]
Epoch 58/100:  46%|████▌     | 35/76 [00:00<00:00, 60.10it/s, loss=0.5401]
Epoch 58/100:  46%|████▌     | 35/76 [00:00<00:00, 60.10it/s, loss=0.3971]
Epoch 58/100:  46%|████▌     | 35/76 [00:00<00:00, 60.10it/s, loss=0.6365]
Epoch 58/100:  55%|█████▌    | 42/76 [00:00<00:00, 60.11it/s, loss=0.6365]
Epoch 58/100:  55%|█████▌    | 42/76 [00:00<00:00, 60.11it/s, loss=0.6459]
Epoch 58/100:  55%|█████▌    | 42/76 [00:00<00:00, 60.11it/s, loss=0.5161]
Epoch 58/100:  55%|█████▌    | 42/76 [00:00<00:00, 60.11it/s, loss=0.6211]
Epoch 58/100:  55%|█████▌    | 42/76 [00:00<00:00, 60.11it/s, loss=0.4688]
Epoch 58/100:  55%|█████▌    | 42/76 [00:00<00:00, 60.11it/s, loss=0.4935]
Epoch 58/100:  55%|█████▌    | 42/76 [00:00<00:00, 60.11it/s, loss=0.3638]
Epoch 58/100:  55%|█████▌    | 42/76 [00:00<00:00, 60.11it/s, loss=0.4746]
Epoch 58/100:  64%|██████▍   | 49/76 [00:00<00:00, 60.13it/s, loss=0.4746]
Epoch 58/100:  64%|██████▍   | 49/76 [00:00<00:00, 60.13it/s, loss=0.9968]
Epoch 58/100:  64%|██████▍   | 49/76 [00:00<00:00, 60.13it/s, loss=0.6145]
Epoch 58/100:  64%|██████▍   | 49/76 [00:00<00:00, 60.13it/s, loss=0.7435]
Epoch 58/100:  64%|██████▍   | 49/76 [00:00<00:00, 60.13it/s, loss=0.5377]
Epoch 58/100:  64%|██████▍   | 49/76 [00:00<00:00, 60.13it/s, loss=0.5670]
Epoch 58/100:  64%|██████▍   | 49/76 [00:00<00:00, 60.13it/s, loss=0.5590]
Epoch 58/100:  64%|██████▍   | 49/76 [00:00<00:00, 60.13it/s, loss=0.7406]
Epoch 58/100:  74%|███████▎  | 56/76 [00:00<00:00, 59.98it/s, loss=0.7406]
Epoch 58/100:  74%|███████▎  | 56/76 [00:00<00:00, 59.98it/s, loss=0.9632]
Epoch 58/100:  74%|███████▎  | 56/76 [00:00<00:00, 59.98it/s, loss=0.4659]
Epoch 58/100:  74%|███████▎  | 56/76 [00:00<00:00, 59.98it/s, loss=0.4262]
Epoch 58/100:  74%|███████▎  | 56/76 [00:00<00:00, 59.98it/s, loss=0.6303]
Epoch 58/100:  74%|███████▎  | 56/76 [00:01<00:00, 59.98it/s, loss=0.6903]
Epoch 58/100:  74%|███████▎  | 56/76 [00:01<00:00, 59.98it/s, loss=0.5652]
Epoch 58/100:  74%|███████▎  | 56/76 [00:01<00:00, 59.98it/s, loss=0.7754]
Epoch 58/100:  83%|████████▎ | 63/76 [00:01<00:00, 60.04it/s, loss=0.7754]
Epoch 58/100:  83%|████████▎ | 63/76 [00:01<00:00, 60.04it/s, loss=0.7275]
Epoch 58/100:  83%|████████▎ | 63/76 [00:01<00:00, 60.04it/s, loss=0.4385]
Epoch 58/100:  83%|████████▎ | 63/76 [00:01<00:00, 60.04it/s, loss=0.5885]
Epoch 58/100:  83%|████████▎ | 63/76 [00:01<00:00, 60.04it/s, loss=0.6456]
Epoch 58/100:  83%|████████▎ | 63/76 [00:01<00:00, 60.04it/s, loss=0.6376]
Epoch 58/100:  83%|████████▎ | 63/76 [00:01<00:00, 60.04it/s, loss=0.4835]
Epoch 58/100:  83%|████████▎ | 63/76 [00:01<00:00, 60.04it/s, loss=0.3904]
Epoch 58/100:  92%|█████████▏| 70/76 [00:01<00:00, 60.07it/s, loss=0.3904]
Epoch 58/100:  92%|█████████▏| 70/76 [00:01<00:00, 60.07it/s, loss=0.5720]
Epoch 58/100:  92%|█████████▏| 70/76 [00:01<00:00, 60.07it/s, loss=0.8307]
Epoch 58/100:  92%|█████████▏| 70/76 [00:01<00:00, 60.07it/s, loss=0.9043]
Epoch 58/100:  92%|█████████▏| 70/76 [00:01<00:00, 60.07it/s, loss=0.5151]
Epoch 58/100:  92%|█████████▏| 70/76 [00:01<00:00, 60.07it/s, loss=0.7000]
Epoch 58/100:  92%|█████████▏| 70/76 [00:01<00:00, 60.07it/s, loss=0.6688]
Epoch 58/100: 100%|██████████| 76/76 [00:01<00:00, 60.09it/s, loss=0.6688]
Epoch 58/100 - avg_loss: 0.5671

Epoch 59/100:   0%|          | 0/76 [00:00<?, ?it/s]
Epoch 59/100:   0%|          | 0/76 [00:00<?, ?it/s, loss=0.4615]
Epoch 59/100:   0%|          | 0/76 [00:00<?, ?it/s, loss=0.3743]
Epoch 59/100:   0%|          | 0/76 [00:00<?, ?it/s, loss=0.5425]
Epoch 59/100:   0%|          | 0/76 [00:00<?, ?it/s, loss=0.4725]
Epoch 59/100:   0%|          | 0/76 [00:00<?, ?it/s, loss=0.5282]
Epoch 59/100:   0%|          | 0/76 [00:00<?, ?it/s, loss=0.5473]
Epoch 59/100:   0%|          | 0/76 [00:00<?, ?it/s, loss=0.3720]
Epoch 59/100:   9%|▉         | 7/76 [00:00<00:01, 60.17it/s, loss=0.3720]
Epoch 59/100:   9%|▉         | 7/76 [00:00<00:01, 60.17it/s, loss=0.4986]
Epoch 59/100:   9%|▉         | 7/76 [00:00<00:01, 60.17it/s, loss=0.3013]
Epoch 59/100:   9%|▉         | 7/76 [00:00<00:01, 60.17it/s, loss=0.5316]
Epoch 59/100:   9%|▉         | 7/76 [00:00<00:01, 60.17it/s, loss=0.5577]
Epoch 59/100:   9%|▉         | 7/76 [00:00<00:01, 60.17it/s, loss=0.4898]
Epoch 59/100:   9%|▉         | 7/76 [00:00<00:01, 60.17it/s, loss=0.4762]
Epoch 59/100:   9%|▉         | 7/76 [00:00<00:01, 60.17it/s, loss=0.3469]
Epoch 59/100:  18%|█▊        | 14/76 [00:00<00:01, 59.99it/s, loss=0.3469]
Epoch 59/100:  18%|█▊        | 14/76 [00:00<00:01, 59.99it/s, loss=0.5584]
Epoch 59/100:  18%|█▊        | 14/76 [00:00<00:01, 59.99it/s, loss=0.6854]
Epoch 59/100:  18%|█▊        | 14/76 [00:00<00:01, 59.99it/s, loss=0.4856]
Epoch 59/100:  18%|█▊        | 14/76 [00:00<00:01, 59.99it/s, loss=0.4180]
Epoch 59/100:  18%|█▊        | 14/76 [00:00<00:01, 59.99it/s, loss=0.4304]
Epoch 59/100:  18%|█▊        | 14/76 [00:00<00:01, 59.99it/s, loss=0.5516]
Epoch 59/100:  18%|█▊        | 14/76 [00:00<00:01, 59.99it/s, loss=0.5221]
Epoch 59/100:  28%|██▊       | 21/76 [00:00<00:00, 60.02it/s, loss=0.5221]
Epoch 59/100:  28%|██▊       | 21/76 [00:00<00:00, 60.02it/s, loss=0.6305]
Epoch 59/100:  28%|██▊       | 21/76 [00:00<00:00, 60.02it/s, loss=0.5374]
Epoch 59/100:  28%|██▊       | 21/76 [00:00<00:00, 60.02it/s, loss=0.5026]
Epoch 59/100:  28%|██▊       | 21/76 [00:00<00:00, 60.02it/s, loss=0.5012]
Epoch 59/100:  28%|██▊       | 21/76 [00:00<00:00, 60.02it/s, loss=0.3866]
Epoch 59/100:  28%|██▊       | 21/76 [00:00<00:00, 60.02it/s, loss=0.4929]
Epoch 59/100:  28%|██▊       | 21/76 [00:00<00:00, 60.02it/s, loss=0.5563]
Epoch 59/100:  37%|███▋      | 28/76 [00:00<00:00, 60.03it/s, loss=0.5563]
Epoch 59/100:  37%|███▋      | 28/76 [00:00<00:00, 60.03it/s, loss=0.5661]
Epoch 59/100:  37%|███▋      | 28/76 [00:00<00:00, 60.03it/s, loss=0.5101]
Epoch 59/100:  37%|███▋      | 28/76 [00:00<00:00, 60.03it/s, loss=0.5213]
Epoch 59/100:  37%|███▋      | 28/76 [00:00<00:00, 60.03it/s, loss=0.6306]
Epoch 59/100:  37%|███▋      | 28/76 [00:00<00:00, 60.03it/s, loss=0.5793]
Epoch 59/100:  37%|███▋      | 28/76 [00:00<00:00, 60.03it/s, loss=0.7711]
Epoch 59/100:  37%|███▋      | 28/76 [00:00<00:00, 60.03it/s, loss=0.5010]
Epoch 59/100:  46%|████▌     | 35/76 [00:00<00:00, 60.05it/s, loss=0.5010]
Epoch 59/100:  46%|████▌     | 35/76 [00:00<00:00, 60.05it/s, loss=0.4296]
Epoch 59/100:  46%|████▌     | 35/76 [00:00<00:00, 60.05it/s, loss=0.6658]
Epoch 59/100:  46%|████▌     | 35/76 [00:00<00:00, 60.05it/s, loss=0.6783]
Epoch 59/100:  46%|████▌     | 35/76 [00:00<00:00, 60.05it/s, loss=0.6977]
Epoch 59/100:  46%|████▌     | 35/76 [00:00<00:00, 60.05it/s, loss=0.6578]
Epoch 59/100:  46%|████▌     | 35/76 [00:00<00:00, 60.05it/s, loss=0.8271]
Epoch 59/100:  46%|████▌     | 35/76 [00:00<00:00, 60.05it/s, loss=0.4886]
Epoch 59/100:  55%|█████▌    | 42/76 [00:00<00:00, 59.97it/s, loss=0.4886]
Epoch 59/100:  55%|█████▌    | 42/76 [00:00<00:00, 59.97it/s, loss=0.7201]
Epoch 59/100:  55%|█████▌    | 42/76 [00:00<00:00, 59.97it/s, loss=0.5537]
Epoch 59/100:  55%|█████▌    | 42/76 [00:00<00:00, 59.97it/s, loss=0.4678]
Epoch 59/100:  55%|█████▌    | 42/76 [00:00<00:00, 59.97it/s, loss=0.5274]
Epoch 59/100:  55%|█████▌    | 42/76 [00:00<00:00, 59.97it/s, loss=0.6178]
Epoch 59/100:  55%|█████▌    | 42/76 [00:00<00:00, 59.97it/s, loss=0.5874]
Epoch 59/100:  55%|█████▌    | 42/76 [00:00<00:00, 59.97it/s, loss=0.5228]
Epoch 59/100:  64%|██████▍   | 49/76 [00:00<00:00, 60.08it/s, loss=0.5228]
Epoch 59/100:  64%|██████▍   | 49/76 [00:00<00:00, 60.08it/s, loss=0.6005]
Epoch 59/100:  64%|██████▍   | 49/76 [00:00<00:00, 60.08it/s, loss=0.6123]
Epoch 59/100:  64%|██████▍   | 49/76 [00:00<00:00, 60.08it/s, loss=0.6362]
Epoch 59/100:  64%|██████▍   | 49/76 [00:00<00:00, 60.08it/s, loss=0.6898]
Epoch 59/100:  64%|██████▍   | 49/76 [00:00<00:00, 60.08it/s, loss=0.5762]
Epoch 59/100:  64%|██████▍   | 49/76 [00:00<00:00, 60.08it/s, loss=0.5540]
Epoch 59/100:  64%|██████▍   | 49/76 [00:00<00:00, 60.08it/s, loss=0.6392]
Epoch 59/100:  74%|███████▎  | 56/76 [00:00<00:00, 60.05it/s, loss=0.6392]
Epoch 59/100:  74%|███████▎  | 56/76 [00:00<00:00, 60.05it/s, loss=0.6558]
Epoch 59/100:  74%|███████▎  | 56/76 [00:00<00:00, 60.05it/s, loss=0.3783]
Epoch 59/100:  74%|███████▎  | 56/76 [00:00<00:00, 60.05it/s, loss=0.5763]
Epoch 59/100:  74%|███████▎  | 56/76 [00:00<00:00, 60.05it/s, loss=0.4499]
Epoch 59/100:  74%|███████▎  | 56/76 [00:01<00:00, 60.05it/s, loss=0.5786]
Epoch 59/100:  74%|███████▎  | 56/76 [00:01<00:00, 60.05it/s, loss=0.4999]
Epoch 59/100:  74%|███████▎  | 56/76 [00:01<00:00, 60.05it/s, loss=0.6615]
Epoch 59/100:  83%|████████▎ | 63/76 [00:01<00:00, 60.06it/s, loss=0.6615]
Epoch 59/100:  83%|████████▎ | 63/76 [00:01<00:00, 60.06it/s, loss=0.6670]
Epoch 59/100:  83%|████████▎ | 63/76 [00:01<00:00, 60.06it/s, loss=0.7077]
Epoch 59/100:  83%|████████▎ | 63/76 [00:01<00:00, 60.06it/s, loss=0.5835]
Epoch 59/100:  83%|████████▎ | 63/76 [00:01<00:00, 60.06it/s, loss=0.5578]
Epoch 59/100:  83%|████████▎ | 63/76 [00:01<00:00, 60.06it/s, loss=0.5753]
Epoch 59/100:  83%|████████▎ | 63/76 [00:01<00:00, 60.06it/s, loss=0.5324]
Epoch 59/100:  83%|████████▎ | 63/76 [00:01<00:00, 60.06it/s, loss=0.4301]
Epoch 59/100:  92%|█████████▏| 70/76 [00:01<00:00, 58.57it/s, loss=0.4301]
Epoch 59/100:  92%|█████████▏| 70/76 [00:01<00:00, 58.57it/s, loss=0.4621]
Epoch 59/100:  92%|█████████▏| 70/76 [00:01<00:00, 58.57it/s, loss=0.6125]
Epoch 59/100:  92%|█████████▏| 70/76 [00:01<00:00, 58.57it/s, loss=0.6875]
Epoch 59/100:  92%|█████████▏| 70/76 [00:01<00:00, 58.57it/s, loss=0.7195]
Epoch 59/100:  92%|█████████▏| 70/76 [00:01<00:00, 58.57it/s, loss=0.7578]
Epoch 59/100:  92%|█████████▏| 70/76 [00:01<00:00, 58.57it/s, loss=0.8427]
Epoch 59/100: 100%|██████████| 76/76 [00:01<00:00, 59.60it/s, loss=0.8427]
Epoch 59/100 - avg_loss: 0.5595

Epoch 60/100:   0%|          | 0/76 [00:00<?, ?it/s]
Epoch 60/100:   0%|          | 0/76 [00:00<?, ?it/s, loss=0.4275]
Epoch 60/100:   0%|          | 0/76 [00:00<?, ?it/s, loss=0.4896]
Epoch 60/100:   0%|          | 0/76 [00:00<?, ?it/s, loss=0.3811]
Epoch 60/100:   0%|          | 0/76 [00:00<?, ?it/s, loss=0.5483]
Epoch 60/100:   0%|          | 0/76 [00:00<?, ?it/s, loss=0.6190]
Epoch 60/100:   0%|          | 0/76 [00:00<?, ?it/s, loss=0.6466]
Epoch 60/100:   0%|          | 0/76 [00:00<?, ?it/s, loss=0.5365]
Epoch 60/100:   9%|▉         | 7/76 [00:00<00:01, 59.88it/s, loss=0.5365]
Epoch 60/100:   9%|▉         | 7/76 [00:00<00:01, 59.88it/s, loss=0.3894]
Epoch 60/100:   9%|▉         | 7/76 [00:00<00:01, 59.88it/s, loss=0.4612]
Epoch 60/100:   9%|▉         | 7/76 [00:00<00:01, 59.88it/s, loss=0.4053]
Epoch 60/100:   9%|▉         | 7/76 [00:00<00:01, 59.88it/s, loss=0.3918]
Epoch 60/100:   9%|▉         | 7/76 [00:00<00:01, 59.88it/s, loss=0.3814]
Epoch 60/100:   9%|▉         | 7/76 [00:00<00:01, 59.88it/s, loss=0.4743]
Epoch 60/100:  17%|█▋        | 13/76 [00:00<00:01, 59.86it/s, loss=0.4743]
Epoch 60/100:  17%|█▋        | 13/76 [00:00<00:01, 59.86it/s, loss=0.3282]
Epoch 60/100:  17%|█▋        | 13/76 [00:00<00:01, 59.86it/s, loss=0.5869]
Epoch 60/100:  17%|█▋        | 13/76 [00:00<00:01, 59.86it/s, loss=0.4540]
Epoch 60/100:  17%|█▋        | 13/76 [00:00<00:01, 59.86it/s, loss=0.5286]
Epoch 60/100:  17%|█▋        | 13/76 [00:00<00:01, 59.86it/s, loss=0.4345]
Epoch 60/100:  17%|█▋        | 13/76 [00:00<00:01, 59.86it/s, loss=0.4614]
Epoch 60/100:  25%|██▌       | 19/76 [00:00<00:00, 59.88it/s, loss=0.4614]
Epoch 60/100:  25%|██▌       | 19/76 [00:00<00:00, 59.88it/s, loss=0.7733]
Epoch 60/100:  25%|██▌       | 19/76 [00:00<00:00, 59.88it/s, loss=0.6508]
Epoch 60/100:  25%|██▌       | 19/76 [00:00<00:00, 59.88it/s, loss=0.4637]
Epoch 60/100:  25%|██▌       | 19/76 [00:00<00:00, 59.88it/s, loss=0.7738]
Epoch 60/100:  25%|██▌       | 19/76 [00:00<00:00, 59.88it/s, loss=0.6177]
Epoch 60/100:  25%|██▌       | 19/76 [00:00<00:00, 59.88it/s, loss=0.6879]
Epoch 60/100:  33%|███▎      | 25/76 [00:00<00:00, 59.78it/s, loss=0.6879]
Epoch 60/100:  33%|███▎      | 25/76 [00:00<00:00, 59.78it/s, loss=0.7179]
Epoch 60/100:  33%|███▎      | 25/76 [00:00<00:00, 59.78it/s, loss=0.4393]
Epoch 60/100:  33%|███▎      | 25/76 [00:00<00:00, 59.78it/s, loss=0.4812]
Epoch 60/100:  33%|███▎      | 25/76 [00:00<00:00, 59.78it/s, loss=0.3892]
Epoch 60/100:  33%|███▎      | 25/76 [00:00<00:00, 59.78it/s, loss=0.4602]
Epoch 60/100:  33%|███▎      | 25/76 [00:00<00:00, 59.78it/s, loss=0.3649]
Epoch 60/100:  33%|███▎      | 25/76 [00:00<00:00, 59.78it/s, loss=0.5046]
Epoch 60/100:  42%|████▏     | 32/76 [00:00<00:00, 59.88it/s, loss=0.5046]
Epoch 60/100:  42%|████▏     | 32/76 [00:00<00:00, 59.88it/s, loss=0.4895]
Epoch 60/100:  42%|████▏     | 32/76 [00:00<00:00, 59.88it/s, loss=0.5955]
Epoch 60/100:  42%|████▏     | 32/76 [00:00<00:00, 59.88it/s, loss=0.4932]
Epoch 60/100:  42%|████▏     | 32/76 [00:00<00:00, 59.88it/s, loss=0.4503]
Epoch 60/100:  42%|████▏     | 32/76 [00:00<00:00, 59.88it/s, loss=0.5869]
Epoch 60/100:  42%|████▏     | 32/76 [00:00<00:00, 59.88it/s, loss=0.6443]
Epoch 60/100:  42%|████▏     | 32/76 [00:00<00:00, 59.88it/s, loss=0.4158]
Epoch 60/100:  51%|█████▏    | 39/76 [00:00<00:00, 59.96it/s, loss=0.4158]
Epoch 60/100:  51%|█████▏    | 39/76 [00:00<00:00, 59.96it/s, loss=0.6878]
Epoch 60/100:  51%|█████▏    | 39/76 [00:00<00:00, 59.96it/s, loss=0.6870]
Epoch 60/100:  51%|█████▏    | 39/76 [00:00<00:00, 59.96it/s, loss=0.3019]
Epoch 60/100:  51%|█████▏    | 39/76 [00:00<00:00, 59.96it/s, loss=0.4524]
Epoch 60/100:  51%|█████▏    | 39/76 [00:00<00:00, 59.96it/s, loss=0.6163]
Epoch 60/100:  51%|█████▏    | 39/76 [00:00<00:00, 59.96it/s, loss=0.4477]
Epoch 60/100:  51%|█████▏    | 39/76 [00:00<00:00, 59.96it/s, loss=0.4845]
Epoch 60/100:  61%|██████    | 46/76 [00:00<00:00, 60.00it/s, loss=0.4845]
Epoch 60/100:  61%|██████    | 46/76 [00:00<00:00, 60.00it/s, loss=0.5790]
Epoch 60/100:  61%|██████    | 46/76 [00:00<00:00, 60.00it/s, loss=0.2903]
Epoch 60/100:  61%|██████    | 46/76 [00:00<00:00, 60.00it/s, loss=0.7905]
Epoch 60/100:  61%|██████    | 46/76 [00:00<00:00, 60.00it/s, loss=0.6391]
Epoch 60/100:  61%|██████    | 46/76 [00:00<00:00, 60.00it/s, loss=0.5124]
Epoch 60/100:  61%|██████    | 46/76 [00:00<00:00, 60.00it/s, loss=0.6824]
Epoch 60/100:  61%|██████    | 46/76 [00:00<00:00, 60.00it/s, loss=0.7326]
Epoch 60/100:  70%|██████▉   | 53/76 [00:00<00:00, 60.00it/s, loss=0.7326]
Epoch 60/100:  70%|██████▉   | 53/76 [00:00<00:00, 60.00it/s, loss=0.5772]
Epoch 60/100:  70%|██████▉   | 53/76 [00:00<00:00, 60.00it/s, loss=0.7185]
Epoch 60/100:  70%|██████▉   | 53/76 [00:00<00:00, 60.00it/s, loss=0.5140]
Epoch 60/100:  70%|██████▉   | 53/76 [00:00<00:00, 60.00it/s, loss=0.6095]
Epoch 60/100:  70%|██████▉   | 53/76 [00:00<00:00, 60.00it/s, loss=0.6510]
Epoch 60/100:  70%|██████▉   | 53/76 [00:00<00:00, 60.00it/s, loss=0.5124]
Epoch 60/100:  78%|███████▊  | 59/76 [00:00<00:00, 59.74it/s, loss=0.5124]
Epoch 60/100:  78%|███████▊  | 59/76 [00:01<00:00, 59.74it/s, loss=0.6972]
Epoch 60/100:  78%|███████▊  | 59/76 [00:01<00:00, 59.74it/s, loss=0.5675]
Epoch 60/100:  78%|███████▊  | 59/76 [00:01<00:00, 59.74it/s, loss=0.4646]
Epoch 60/100:  78%|███████▊  | 59/76 [00:01<00:00, 59.74it/s, loss=0.5557]
Epoch 60/100:  78%|███████▊  | 59/76 [00:01<00:00, 59.74it/s, loss=0.6260]
Epoch 60/100:  78%|███████▊  | 59/76 [00:01<00:00, 59.74it/s, loss=0.8782]
Epoch 60/100:  86%|████████▌ | 65/76 [00:01<00:00, 59.80it/s, loss=0.8782]
Epoch 60/100:  86%|████████▌ | 65/76 [00:01<00:00, 59.80it/s, loss=0.6033]
Epoch 60/100:  86%|████████▌ | 65/76 [00:01<00:00, 59.80it/s, loss=0.7176]
Epoch 60/100:  86%|████████▌ | 65/76 [00:01<00:00, 59.80it/s, loss=0.4256]
Epoch 60/100:  86%|████████▌ | 65/76 [00:01<00:00, 59.80it/s, loss=0.6746]
Epoch 60/100:  86%|████████▌ | 65/76 [00:01<00:00, 59.80it/s, loss=0.5424]
Epoch 60/100:  86%|████████▌ | 65/76 [00:01<00:00, 59.80it/s, loss=0.5304]
Epoch 60/100:  86%|████████▌ | 65/76 [00:01<00:00, 59.80it/s, loss=0.5690]
Epoch 60/100:  95%|█████████▍| 72/76 [00:01<00:00, 59.88it/s, loss=0.5690]
Epoch 60/100:  95%|█████████▍| 72/76 [00:01<00:00, 59.88it/s, loss=0.5931]
Epoch 60/100:  95%|█████████▍| 72/76 [00:01<00:00, 59.88it/s, loss=0.4242]
Epoch 60/100:  95%|█████████▍| 72/76 [00:01<00:00, 59.88it/s, loss=0.4794]
Epoch 60/100:  95%|█████████▍| 72/76 [00:01<00:00, 59.88it/s, loss=0.6613]
Epoch 60/100: 100%|██████████| 76/76 [00:01<00:00, 59.89it/s, loss=0.6613]
Epoch 60/100 - avg_loss: 0.5453

Epoch 61/100:   0%|          | 0/76 [00:00<?, ?it/s]
Epoch 61/100:   0%|          | 0/76 [00:00<?, ?it/s, loss=0.3867]
Epoch 61/100:   0%|          | 0/76 [00:00<?, ?it/s, loss=0.5086]
Epoch 61/100:   0%|          | 0/76 [00:00<?, ?it/s, loss=0.4323]
Epoch 61/100:   0%|          | 0/76 [00:00<?, ?it/s, loss=0.5277]
Epoch 61/100:   0%|          | 0/76 [00:00<?, ?it/s, loss=0.4725]
Epoch 61/100:   0%|          | 0/76 [00:00<?, ?it/s, loss=0.2888]
Epoch 61/100:   8%|▊         | 6/76 [00:00<00:01, 59.86it/s, loss=0.2888]
Epoch 61/100:   8%|▊         | 6/76 [00:00<00:01, 59.86it/s, loss=0.3671]
Epoch 61/100:   8%|▊         | 6/76 [00:00<00:01, 59.86it/s, loss=0.6226]
Epoch 61/100:   8%|▊         | 6/76 [00:00<00:01, 59.86it/s, loss=0.5857]
Epoch 61/100:   8%|▊         | 6/76 [00:00<00:01, 59.86it/s, loss=0.4651]
Epoch 61/100:   8%|▊         | 6/76 [00:00<00:01, 59.86it/s, loss=0.5457]
Epoch 61/100:   8%|▊         | 6/76 [00:00<00:01, 59.86it/s, loss=0.4388]
Epoch 61/100:  16%|█▌        | 12/76 [00:00<00:01, 59.90it/s, loss=0.4388]
Epoch 61/100:  16%|█▌        | 12/76 [00:00<00:01, 59.90it/s, loss=0.4760]
Epoch 61/100:  16%|█▌        | 12/76 [00:00<00:01, 59.90it/s, loss=0.5127]
Epoch 61/100:  16%|█▌        | 12/76 [00:00<00:01, 59.90it/s, loss=0.5310]
Epoch 61/100:  16%|█▌        | 12/76 [00:00<00:01, 59.90it/s, loss=0.5227]
Epoch 61/100:  16%|█▌        | 12/76 [00:00<00:01, 59.90it/s, loss=0.5205]
Epoch 61/100:  16%|█▌        | 12/76 [00:00<00:01, 59.90it/s, loss=0.3788]
Epoch 61/100:  16%|█▌        | 12/76 [00:00<00:01, 59.90it/s, loss=0.6449]
Epoch 61/100:  25%|██▌       | 19/76 [00:00<00:00, 59.97it/s, loss=0.6449]
Epoch 61/100:  25%|██▌       | 19/76 [00:00<00:00, 59.97it/s, loss=0.4971]
Epoch 61/100:  25%|██▌       | 19/76 [00:00<00:00, 59.97it/s, loss=0.5620]
Epoch 61/100:  25%|██▌       | 19/76 [00:00<00:00, 59.97it/s, loss=0.4280]
Epoch 61/100:  25%|██▌       | 19/76 [00:00<00:00, 59.97it/s, loss=0.4353]
Epoch 61/100:  25%|██▌       | 19/76 [00:00<00:00, 59.97it/s, loss=0.3982]
Epoch 61/100:  25%|██▌       | 19/76 [00:00<00:00, 59.97it/s, loss=0.4411]
Epoch 61/100:  33%|███▎      | 25/76 [00:00<00:00, 59.97it/s, loss=0.4411]
Epoch 61/100:  33%|███▎      | 25/76 [00:00<00:00, 59.97it/s, loss=0.3749]
Epoch 61/100:  33%|███▎      | 25/76 [00:00<00:00, 59.97it/s, loss=0.6076]
Epoch 61/100:  33%|███▎      | 25/76 [00:00<00:00, 59.97it/s, loss=0.5393]
Epoch 61/100:  33%|███▎      | 25/76 [00:00<00:00, 59.97it/s, loss=0.3654]
Epoch 61/100:  33%|███▎      | 25/76 [00:00<00:00, 59.97it/s, loss=0.4125]
Epoch 61/100:  33%|███▎      | 25/76 [00:00<00:00, 59.97it/s, loss=0.5188]
Epoch 61/100:  33%|███▎      | 25/76 [00:00<00:00, 59.97it/s, loss=0.3706]
Epoch 61/100:  42%|████▏     | 32/76 [00:00<00:00, 59.99it/s, loss=0.3706]
Epoch 61/100:  42%|████▏     | 32/76 [00:00<00:00, 59.99it/s, loss=0.6031]
Epoch 61/100:  42%|████▏     | 32/76 [00:00<00:00, 59.99it/s, loss=0.3834]
Epoch 61/100:  42%|████▏     | 32/76 [00:00<00:00, 59.99it/s, loss=0.5364]
Epoch 61/100:  42%|████▏     | 32/76 [00:00<00:00, 59.99it/s, loss=0.5578]
Epoch 61/100:  42%|████▏     | 32/76 [00:00<00:00, 59.99it/s, loss=0.4324]
Epoch 61/100:  42%|████▏     | 32/76 [00:00<00:00, 59.99it/s, loss=0.6058]
Epoch 61/100:  50%|█████     | 38/76 [00:00<00:00, 59.81it/s, loss=0.6058]
Epoch 61/100:  50%|█████     | 38/76 [00:00<00:00, 59.81it/s, loss=0.8758]
Epoch 61/100:  50%|█████     | 38/76 [00:00<00:00, 59.81it/s, loss=0.6603]
Epoch 61/100:  50%|█████     | 38/76 [00:00<00:00, 59.81it/s, loss=0.4749]
Epoch 61/100:  50%|█████     | 38/76 [00:00<00:00, 59.81it/s, loss=0.5509]
Epoch 61/100:  50%|█████     | 38/76 [00:00<00:00, 59.81it/s, loss=0.4737]
Epoch 61/100:  50%|█████     | 38/76 [00:00<00:00, 59.81it/s, loss=0.4549]
Epoch 61/100:  58%|█████▊    | 44/76 [00:00<00:00, 59.83it/s, loss=0.4549]
Epoch 61/100:  58%|█████▊    | 44/76 [00:00<00:00, 59.83it/s, loss=0.4708]
Epoch 61/100:  58%|█████▊    | 44/76 [00:00<00:00, 59.83it/s, loss=0.4266]
Epoch 61/100:  58%|█████▊    | 44/76 [00:00<00:00, 59.83it/s, loss=0.7068]
Epoch 61/100:  58%|█████▊    | 44/76 [00:00<00:00, 59.83it/s, loss=0.5630]
Epoch 61/100:  58%|█████▊    | 44/76 [00:00<00:00, 59.83it/s, loss=0.4335]
Epoch 61/100:  58%|█████▊    | 44/76 [00:00<00:00, 59.83it/s, loss=0.6514]
Epoch 61/100:  58%|█████▊    | 44/76 [00:00<00:00, 59.83it/s, loss=0.3488]
Epoch 61/100:  67%|██████▋   | 51/76 [00:00<00:00, 60.01it/s, loss=0.3488]
Epoch 61/100:  67%|██████▋   | 51/76 [00:00<00:00, 60.01it/s, loss=0.6639]
Epoch 61/100:  67%|██████▋   | 51/76 [00:00<00:00, 60.01it/s, loss=0.5967]
Epoch 61/100:  67%|██████▋   | 51/76 [00:00<00:00, 60.01it/s, loss=0.7384]
Epoch 61/100:  67%|██████▋   | 51/76 [00:00<00:00, 60.01it/s, loss=0.5975]
Epoch 61/100:  67%|██████▋   | 51/76 [00:00<00:00, 60.01it/s, loss=0.5786]
Epoch 61/100:  67%|██████▋   | 51/76 [00:00<00:00, 60.01it/s, loss=0.6415]
Epoch 61/100:  75%|███████▌  | 57/76 [00:00<00:00, 59.99it/s, loss=0.6415]
Epoch 61/100:  75%|███████▌  | 57/76 [00:00<00:00, 59.99it/s, loss=0.4877]
Epoch 61/100:  75%|███████▌  | 57/76 [00:00<00:00, 59.99it/s, loss=0.6424]
Epoch 61/100:  75%|███████▌  | 57/76 [00:01<00:00, 59.99it/s, loss=0.6308]
Epoch 61/100:  75%|███████▌  | 57/76 [00:01<00:00, 59.99it/s, loss=0.6828]
Epoch 61/100:  75%|███████▌  | 57/76 [00:01<00:00, 59.99it/s, loss=0.7771]
Epoch 61/100:  75%|███████▌  | 57/76 [00:01<00:00, 59.99it/s, loss=0.5504]
Epoch 61/100:  75%|███████▌  | 57/76 [00:01<00:00, 59.99it/s, loss=0.6662]
Epoch 61/100:  84%|████████▍ | 64/76 [00:01<00:00, 59.99it/s, loss=0.6662]
Epoch 61/100:  84%|████████▍ | 64/76 [00:01<00:00, 59.99it/s, loss=0.4040]
Epoch 61/100:  84%|████████▍ | 64/76 [00:01<00:00, 59.99it/s, loss=0.5633]
Epoch 61/100:  84%|████████▍ | 64/76 [00:01<00:00, 59.99it/s, loss=0.6452]
Epoch 61/100:  84%|████████▍ | 64/76 [00:01<00:00, 59.99it/s, loss=0.4759]
Epoch 61/100:  84%|████████▍ | 64/76 [00:01<00:00, 59.99it/s, loss=0.7600]
Epoch 61/100:  84%|████████▍ | 64/76 [00:01<00:00, 59.99it/s, loss=0.5813]
Epoch 61/100:  92%|█████████▏| 70/76 [00:01<00:00, 59.74it/s, loss=0.5813]
Epoch 61/100:  92%|█████████▏| 70/76 [00:01<00:00, 59.74it/s, loss=0.7823]
Epoch 61/100:  92%|█████████▏| 70/76 [00:01<00:00, 59.74it/s, loss=0.6988]
Epoch 61/100:  92%|█████████▏| 70/76 [00:01<00:00, 59.74it/s, loss=0.6138]
Epoch 61/100:  92%|█████████▏| 70/76 [00:01<00:00, 59.74it/s, loss=0.6461]
Epoch 61/100:  92%|█████████▏| 70/76 [00:01<00:00, 59.74it/s, loss=0.6705]
Epoch 61/100:  92%|█████████▏| 70/76 [00:01<00:00, 59.74it/s, loss=0.5382]
Epoch 61/100: 100%|██████████| 76/76 [00:01<00:00, 59.89it/s, loss=0.5382]
Epoch 61/100 - avg_loss: 0.5398

Epoch 62/100:   0%|          | 0/76 [00:00<?, ?it/s]
Epoch 62/100:   0%|          | 0/76 [00:00<?, ?it/s, loss=0.3378]
Epoch 62/100:   0%|          | 0/76 [00:00<?, ?it/s, loss=0.4540]
Epoch 62/100:   0%|          | 0/76 [00:00<?, ?it/s, loss=0.3726]
Epoch 62/100:   0%|          | 0/76 [00:00<?, ?it/s, loss=0.3608]
Epoch 62/100:   0%|          | 0/76 [00:00<?, ?it/s, loss=0.4471]
Epoch 62/100:   0%|          | 0/76 [00:00<?, ?it/s, loss=0.5514]
Epoch 62/100:   0%|          | 0/76 [00:00<?, ?it/s, loss=0.3875]
Epoch 62/100:   9%|▉         | 7/76 [00:00<00:01, 60.19it/s, loss=0.3875]
Epoch 62/100:   9%|▉         | 7/76 [00:00<00:01, 60.19it/s, loss=0.3529]
Epoch 62/100:   9%|▉         | 7/76 [00:00<00:01, 60.19it/s, loss=0.4504]
Epoch 62/100:   9%|▉         | 7/76 [00:00<00:01, 60.19it/s, loss=0.6722]
Epoch 62/100:   9%|▉         | 7/76 [00:00<00:01, 60.19it/s, loss=0.4627]
Epoch 62/100:   9%|▉         | 7/76 [00:00<00:01, 60.19it/s, loss=0.4281]
Epoch 62/100:   9%|▉         | 7/76 [00:00<00:01, 60.19it/s, loss=0.4459]
Epoch 62/100:   9%|▉         | 7/76 [00:00<00:01, 60.19it/s, loss=0.3991]
Epoch 62/100:  18%|█▊        | 14/76 [00:00<00:01, 60.07it/s, loss=0.3991]
Epoch 62/100:  18%|█▊        | 14/76 [00:00<00:01, 60.07it/s, loss=0.5674]
Epoch 62/100:  18%|█▊        | 14/76 [00:00<00:01, 60.07it/s, loss=0.3288]
Epoch 62/100:  18%|█▊        | 14/76 [00:00<00:01, 60.07it/s, loss=0.4868]
Epoch 62/100:  18%|█▊        | 14/76 [00:00<00:01, 60.07it/s, loss=0.5920]
Epoch 62/100:  18%|█▊        | 14/76 [00:00<00:01, 60.07it/s, loss=0.4884]
Epoch 62/100:  18%|█▊        | 14/76 [00:00<00:01, 60.07it/s, loss=0.3413]
Epoch 62/100:  18%|█▊        | 14/76 [00:00<00:01, 60.07it/s, loss=0.3370]
Epoch 62/100:  28%|██▊       | 21/76 [00:00<00:00, 60.06it/s, loss=0.3370]
Epoch 62/100:  28%|██▊       | 21/76 [00:00<00:00, 60.06it/s, loss=0.4436]
Epoch 62/100:  28%|██▊       | 21/76 [00:00<00:00, 60.06it/s, loss=0.4298]
Epoch 62/100:  28%|██▊       | 21/76 [00:00<00:00, 60.06it/s, loss=0.5538]
Epoch 62/100:  28%|██▊       | 21/76 [00:00<00:00, 60.06it/s, loss=0.2915]
Epoch 62/100:  28%|██▊       | 21/76 [00:00<00:00, 60.06it/s, loss=0.6513]
Epoch 62/100:  28%|██▊       | 21/76 [00:00<00:00, 60.06it/s, loss=0.4400]
Epoch 62/100:  28%|██▊       | 21/76 [00:00<00:00, 60.06it/s, loss=0.5216]
Epoch 62/100:  37%|███▋      | 28/76 [00:00<00:00, 59.99it/s, loss=0.5216]
Epoch 62/100:  37%|███▋      | 28/76 [00:00<00:00, 59.99it/s, loss=0.4135]
Epoch 62/100:  37%|███▋      | 28/76 [00:00<00:00, 59.99it/s, loss=0.5344]
Epoch 62/100:  37%|███▋      | 28/76 [00:00<00:00, 59.99it/s, loss=0.5435]
Epoch 62/100:  37%|███▋      | 28/76 [00:00<00:00, 59.99it/s, loss=0.7252]
Epoch 62/100:  37%|███▋      | 28/76 [00:00<00:00, 59.99it/s, loss=0.4812]
Epoch 62/100:  37%|███▋      | 28/76 [00:00<00:00, 59.99it/s, loss=0.5809]
Epoch 62/100:  37%|███▋      | 28/76 [00:00<00:00, 59.99it/s, loss=0.5059]
Epoch 62/100:  46%|████▌     | 35/76 [00:00<00:00, 60.03it/s, loss=0.5059]
Epoch 62/100:  46%|████▌     | 35/76 [00:00<00:00, 60.03it/s, loss=0.6407]
Epoch 62/100:  46%|████▌     | 35/76 [00:00<00:00, 60.03it/s, loss=0.6188]
Epoch 62/100:  46%|████▌     | 35/76 [00:00<00:00, 60.03it/s, loss=0.4966]
Epoch 62/100:  46%|████▌     | 35/76 [00:00<00:00, 60.03it/s, loss=0.4402]
Epoch 62/100:  46%|████▌     | 35/76 [00:00<00:00, 60.03it/s, loss=0.6480]
Epoch 62/100:  46%|████▌     | 35/76 [00:00<00:00, 60.03it/s, loss=0.4433]
Epoch 62/100:  46%|████▌     | 35/76 [00:00<00:00, 60.03it/s, loss=0.5046]
Epoch 62/100:  55%|█████▌    | 42/76 [00:00<00:00, 60.06it/s, loss=0.5046]
Epoch 62/100:  55%|█████▌    | 42/76 [00:00<00:00, 60.06it/s, loss=0.6458]
Epoch 62/100:  55%|█████▌    | 42/76 [00:00<00:00, 60.06it/s, loss=0.6626]
Epoch 62/100:  55%|█████▌    | 42/76 [00:00<00:00, 60.06it/s, loss=0.5248]
Epoch 62/100:  55%|█████▌    | 42/76 [00:00<00:00, 60.06it/s, loss=0.6720]
Epoch 62/100:  55%|█████▌    | 42/76 [00:00<00:00, 60.06it/s, loss=0.6744]
Epoch 62/100:  55%|█████▌    | 42/76 [00:00<00:00, 60.06it/s, loss=0.4712]
Epoch 62/100:  55%|█████▌    | 42/76 [00:00<00:00, 60.06it/s, loss=0.5859]
Epoch 62/100:  64%|██████▍   | 49/76 [00:00<00:00, 60.03it/s, loss=0.5859]
Epoch 62/100:  64%|██████▍   | 49/76 [00:00<00:00, 60.03it/s, loss=0.3545]
Epoch 62/100:  64%|██████▍   | 49/76 [00:00<00:00, 60.03it/s, loss=0.6131]
Epoch 62/100:  64%|██████▍   | 49/76 [00:00<00:00, 60.03it/s, loss=0.6115]
Epoch 62/100:  64%|██████▍   | 49/76 [00:00<00:00, 60.03it/s, loss=0.5208]
Epoch 62/100:  64%|██████▍   | 49/76 [00:00<00:00, 60.03it/s, loss=0.6441]
Epoch 62/100:  64%|██████▍   | 49/76 [00:00<00:00, 60.03it/s, loss=0.7066]
Epoch 62/100:  64%|██████▍   | 49/76 [00:00<00:00, 60.03it/s, loss=0.6899]
Epoch 62/100:  74%|███████▎  | 56/76 [00:00<00:00, 59.96it/s, loss=0.6899]
Epoch 62/100:  74%|███████▎  | 56/76 [00:00<00:00, 59.96it/s, loss=0.7671]
Epoch 62/100:  74%|███████▎  | 56/76 [00:00<00:00, 59.96it/s, loss=0.3961]
Epoch 62/100:  74%|███████▎  | 56/76 [00:00<00:00, 59.96it/s, loss=0.3999]
Epoch 62/100:  74%|███████▎  | 56/76 [00:00<00:00, 59.96it/s, loss=0.5105]
Epoch 62/100:  74%|███████▎  | 56/76 [00:01<00:00, 59.96it/s, loss=0.4354]
Epoch 62/100:  74%|███████▎  | 56/76 [00:01<00:00, 59.96it/s, loss=0.6364]
Epoch 62/100:  74%|███████▎  | 56/76 [00:01<00:00, 59.96it/s, loss=0.4479]
Epoch 62/100:  83%|████████▎ | 63/76 [00:01<00:00, 60.01it/s, loss=0.4479]
Epoch 62/100:  83%|████████▎ | 63/76 [00:01<00:00, 60.01it/s, loss=0.4787]
Epoch 62/100:  83%|████████▎ | 63/76 [00:01<00:00, 60.01it/s, loss=0.5023]
Epoch 62/100:  83%|████████▎ | 63/76 [00:01<00:00, 60.01it/s, loss=0.4136]
Epoch 62/100:  83%|████████▎ | 63/76 [00:01<00:00, 60.01it/s, loss=0.6698]
Epoch 62/100:  83%|████████▎ | 63/76 [00:01<00:00, 60.01it/s, loss=0.5759]
Epoch 62/100:  83%|████████▎ | 63/76 [00:01<00:00, 60.01it/s, loss=0.3870]
Epoch 62/100:  83%|████████▎ | 63/76 [00:01<00:00, 60.01it/s, loss=0.4958]
Epoch 62/100:  92%|█████████▏| 70/76 [00:01<00:00, 60.03it/s, loss=0.4958]
Epoch 62/100:  92%|█████████▏| 70/76 [00:01<00:00, 60.03it/s, loss=0.5401]
Epoch 62/100:  92%|█████████▏| 70/76 [00:01<00:00, 60.03it/s, loss=0.6895]
Epoch 62/100:  92%|█████████▏| 70/76 [00:01<00:00, 60.03it/s, loss=0.5752]
Epoch 62/100:  92%|█████████▏| 70/76 [00:01<00:00, 60.03it/s, loss=0.5197]
Epoch 62/100:  92%|█████████▏| 70/76 [00:01<00:00, 60.03it/s, loss=0.8465]
Epoch 62/100:  92%|█████████▏| 70/76 [00:01<00:00, 60.03it/s, loss=0.6108]
Epoch 62/100: 100%|██████████| 76/76 [00:01<00:00, 60.04it/s, loss=0.6108]
Epoch 62/100 - avg_loss: 0.5191

Epoch 63/100:   0%|          | 0/76 [00:00<?, ?it/s]
Epoch 63/100:   0%|          | 0/76 [00:00<?, ?it/s, loss=0.4212]
Epoch 63/100:   0%|          | 0/76 [00:00<?, ?it/s, loss=0.5541]
Epoch 63/100:   0%|          | 0/76 [00:00<?, ?it/s, loss=0.3248]
Epoch 63/100:   0%|          | 0/76 [00:00<?, ?it/s, loss=0.3182]
Epoch 63/100:   0%|          | 0/76 [00:00<?, ?it/s, loss=0.5997]
Epoch 63/100:   0%|          | 0/76 [00:00<?, ?it/s, loss=0.5029]
Epoch 63/100:   0%|          | 0/76 [00:00<?, ?it/s, loss=0.4039]
Epoch 63/100:   9%|▉         | 7/76 [00:00<00:01, 60.01it/s, loss=0.4039]
Epoch 63/100:   9%|▉         | 7/76 [00:00<00:01, 60.01it/s, loss=0.4510]
Epoch 63/100:   9%|▉         | 7/76 [00:00<00:01, 60.01it/s, loss=0.4914]
Epoch 63/100:   9%|▉         | 7/76 [00:00<00:01, 60.01it/s, loss=0.5680]
Epoch 63/100:   9%|▉         | 7/76 [00:00<00:01, 60.01it/s, loss=0.5794]
Epoch 63/100:   9%|▉         | 7/76 [00:00<00:01, 60.01it/s, loss=0.4923]
Epoch 63/100:   9%|▉         | 7/76 [00:00<00:01, 60.01it/s, loss=0.3409]
Epoch 63/100:   9%|▉         | 7/76 [00:00<00:01, 60.01it/s, loss=0.6437]
Epoch 63/100:  18%|█▊        | 14/76 [00:00<00:01, 60.03it/s, loss=0.6437]
Epoch 63/100:  18%|█▊        | 14/76 [00:00<00:01, 60.03it/s, loss=0.4480]
Epoch 63/100:  18%|█▊        | 14/76 [00:00<00:01, 60.03it/s, loss=0.6075]
Epoch 63/100:  18%|█▊        | 14/76 [00:00<00:01, 60.03it/s, loss=0.5072]
Epoch 63/100:  18%|█▊        | 14/76 [00:00<00:01, 60.03it/s, loss=0.3966]
Epoch 63/100:  18%|█▊        | 14/76 [00:00<00:01, 60.03it/s, loss=0.5447]
Epoch 63/100:  18%|█▊        | 14/76 [00:00<00:01, 60.03it/s, loss=0.3631]
Epoch 63/100:  18%|█▊        | 14/76 [00:00<00:01, 60.03it/s, loss=0.6449]
Epoch 63/100:  28%|██▊       | 21/76 [00:00<00:00, 60.03it/s, loss=0.6449]
Epoch 63/100:  28%|██▊       | 21/76 [00:00<00:00, 60.03it/s, loss=0.5397]
Epoch 63/100:  28%|██▊       | 21/76 [00:00<00:00, 60.03it/s, loss=0.4564]
Epoch 63/100:  28%|██▊       | 21/76 [00:00<00:00, 60.03it/s, loss=0.4469]
Epoch 63/100:  28%|██▊       | 21/76 [00:00<00:00, 60.03it/s, loss=0.6013]
Epoch 63/100:  28%|██▊       | 21/76 [00:00<00:00, 60.03it/s, loss=0.3595]
Epoch 63/100:  28%|██▊       | 21/76 [00:00<00:00, 60.03it/s, loss=0.6775]
Epoch 63/100:  28%|██▊       | 21/76 [00:00<00:00, 60.03it/s, loss=0.5213]
Epoch 63/100:  37%|███▋      | 28/76 [00:00<00:00, 60.05it/s, loss=0.5213]
Epoch 63/100:  37%|███▋      | 28/76 [00:00<00:00, 60.05it/s, loss=0.5791]
Epoch 63/100:  37%|███▋      | 28/76 [00:00<00:00, 60.05it/s, loss=0.4117]
Epoch 63/100:  37%|███▋      | 28/76 [00:00<00:00, 60.05it/s, loss=0.4427]
Epoch 63/100:  37%|███▋      | 28/76 [00:00<00:00, 60.05it/s, loss=0.6936]
Epoch 63/100:  37%|███▋      | 28/76 [00:00<00:00, 60.05it/s, loss=0.5369]
Epoch 63/100:  37%|███▋      | 28/76 [00:00<00:00, 60.05it/s, loss=0.5380]
Epoch 63/100:  37%|███▋      | 28/76 [00:00<00:00, 60.05it/s, loss=0.5072]
Epoch 63/100:  46%|████▌     | 35/76 [00:00<00:00, 59.96it/s, loss=0.5072]
Epoch 63/100:  46%|████▌     | 35/76 [00:00<00:00, 59.96it/s, loss=0.4836]
Epoch 63/100:  46%|████▌     | 35/76 [00:00<00:00, 59.96it/s, loss=0.6512]
Epoch 63/100:  46%|████▌     | 35/76 [00:00<00:00, 59.96it/s, loss=0.4456]
Epoch 63/100:  46%|████▌     | 35/76 [00:00<00:00, 59.96it/s, loss=0.5757]
Epoch 63/100:  46%|████▌     | 35/76 [00:00<00:00, 59.96it/s, loss=0.5844]
Epoch 63/100:  46%|████▌     | 35/76 [00:00<00:00, 59.96it/s, loss=0.5425]
Epoch 63/100:  54%|█████▍    | 41/76 [00:00<00:00, 59.96it/s, loss=0.5425]
Epoch 63/100:  54%|█████▍    | 41/76 [00:00<00:00, 59.96it/s, loss=0.5489]
Epoch 63/100:  54%|█████▍    | 41/76 [00:00<00:00, 59.96it/s, loss=0.5524]
Epoch 63/100:  54%|█████▍    | 41/76 [00:00<00:00, 59.96it/s, loss=0.6288]
Epoch 63/100:  54%|█████▍    | 41/76 [00:00<00:00, 59.96it/s, loss=0.6807]
Epoch 63/100:  54%|█████▍    | 41/76 [00:00<00:00, 59.96it/s, loss=0.5412]
Epoch 63/100:  54%|█████▍    | 41/76 [00:00<00:00, 59.96it/s, loss=0.4491]
Epoch 63/100:  54%|█████▍    | 41/76 [00:00<00:00, 59.96it/s, loss=0.3320]
Epoch 63/100:  63%|██████▎   | 48/76 [00:00<00:00, 60.04it/s, loss=0.3320]
Epoch 63/100:  63%|██████▎   | 48/76 [00:00<00:00, 60.04it/s, loss=0.4545]
Epoch 63/100:  63%|██████▎   | 48/76 [00:00<00:00, 60.04it/s, loss=0.4934]
Epoch 63/100:  63%|██████▎   | 48/76 [00:00<00:00, 60.04it/s, loss=0.5539]
Epoch 63/100:  63%|██████▎   | 48/76 [00:00<00:00, 60.04it/s, loss=0.5706]
Epoch 63/100:  63%|██████▎   | 48/76 [00:00<00:00, 60.04it/s, loss=0.6541]
Epoch 63/100:  63%|██████▎   | 48/76 [00:00<00:00, 60.04it/s, loss=0.3667]
Epoch 63/100:  63%|██████▎   | 48/76 [00:00<00:00, 60.04it/s, loss=0.4156]
Epoch 63/100:  72%|███████▏  | 55/76 [00:00<00:00, 60.06it/s, loss=0.4156]
Epoch 63/100:  72%|███████▏  | 55/76 [00:00<00:00, 60.06it/s, loss=0.7048]
Epoch 63/100:  72%|███████▏  | 55/76 [00:00<00:00, 60.06it/s, loss=0.5901]
Epoch 63/100:  72%|███████▏  | 55/76 [00:00<00:00, 60.06it/s, loss=0.6084]
Epoch 63/100:  72%|███████▏  | 55/76 [00:00<00:00, 60.06it/s, loss=0.4535]
Epoch 63/100:  72%|███████▏  | 55/76 [00:00<00:00, 60.06it/s, loss=0.5325]
Epoch 63/100:  72%|███████▏  | 55/76 [00:01<00:00, 60.06it/s, loss=0.5323]
Epoch 63/100:  72%|███████▏  | 55/76 [00:01<00:00, 60.06it/s, loss=0.6788]
Epoch 63/100:  82%|████████▏ | 62/76 [00:01<00:00, 60.33it/s, loss=0.6788]
Epoch 63/100:  82%|████████▏ | 62/76 [00:01<00:00, 60.33it/s, loss=0.7518]
Epoch 63/100:  82%|████████▏ | 62/76 [00:01<00:00, 60.33it/s, loss=0.5639]
Epoch 63/100:  82%|████████▏ | 62/76 [00:01<00:00, 60.33it/s, loss=0.3721]
Epoch 63/100:  82%|████████▏ | 62/76 [00:01<00:00, 60.33it/s, loss=0.4132]
Epoch 63/100:  82%|████████▏ | 62/76 [00:01<00:00, 60.33it/s, loss=0.5936]
Epoch 63/100:  82%|████████▏ | 62/76 [00:01<00:00, 60.33it/s, loss=0.7241]
Epoch 63/100:  82%|████████▏ | 62/76 [00:01<00:00, 60.33it/s, loss=0.7242]
Epoch 63/100:  91%|█████████ | 69/76 [00:01<00:00, 60.29it/s, loss=0.7242]
Epoch 63/100:  91%|█████████ | 69/76 [00:01<00:00, 60.29it/s, loss=0.6800]
Epoch 63/100:  91%|█████████ | 69/76 [00:01<00:00, 60.29it/s, loss=0.4409]
Epoch 63/100:  91%|█████████ | 69/76 [00:01<00:00, 60.29it/s, loss=0.5661]
Epoch 63/100:  91%|█████████ | 69/76 [00:01<00:00, 60.29it/s, loss=0.6795]
Epoch 63/100:  91%|█████████ | 69/76 [00:01<00:00, 60.29it/s, loss=0.5080]
Epoch 63/100:  91%|█████████ | 69/76 [00:01<00:00, 60.29it/s, loss=0.4324]
Epoch 63/100:  91%|█████████ | 69/76 [00:01<00:00, 60.29it/s, loss=0.6549]
Epoch 63/100: 100%|██████████| 76/76 [00:01<00:00, 60.23it/s, loss=0.6549]
Epoch 63/100: 100%|██████████| 76/76 [00:01<00:00, 60.13it/s, loss=0.6549]
Epoch 63/100 - avg_loss: 0.5295

Epoch 64/100:   0%|          | 0/76 [00:00<?, ?it/s]
Epoch 64/100:   0%|          | 0/76 [00:00<?, ?it/s, loss=0.2811]
Epoch 64/100:   0%|          | 0/76 [00:00<?, ?it/s, loss=0.4705]
Epoch 64/100:   0%|          | 0/76 [00:00<?, ?it/s, loss=0.3901]
Epoch 64/100:   0%|          | 0/76 [00:00<?, ?it/s, loss=0.4454]
Epoch 64/100:   0%|          | 0/76 [00:00<?, ?it/s, loss=0.4490]
Epoch 64/100:   0%|          | 0/76 [00:00<?, ?it/s, loss=0.6244]
Epoch 64/100:   8%|▊         | 6/76 [00:00<00:01, 59.85it/s, loss=0.6244]
Epoch 64/100:   8%|▊         | 6/76 [00:00<00:01, 59.85it/s, loss=0.4164]
Epoch 64/100:   8%|▊         | 6/76 [00:00<00:01, 59.85it/s, loss=0.5789]
Epoch 64/100:   8%|▊         | 6/76 [00:00<00:01, 59.85it/s, loss=0.3692]
Epoch 64/100:   8%|▊         | 6/76 [00:00<00:01, 59.85it/s, loss=0.4762]
Epoch 64/100:   8%|▊         | 6/76 [00:00<00:01, 59.85it/s, loss=0.3423]
Epoch 64/100:   8%|▊         | 6/76 [00:00<00:01, 59.85it/s, loss=0.5616]
Epoch 64/100:  16%|█▌        | 12/76 [00:00<00:01, 59.93it/s, loss=0.5616]
Epoch 64/100:  16%|█▌        | 12/76 [00:00<00:01, 59.93it/s, loss=0.5244]
Epoch 64/100:  16%|█▌        | 12/76 [00:00<00:01, 59.93it/s, loss=0.5743]
Epoch 64/100:  16%|█▌        | 12/76 [00:00<00:01, 59.93it/s, loss=0.5157]
Epoch 64/100:  16%|█▌        | 12/76 [00:00<00:01, 59.93it/s, loss=0.6131]
Epoch 64/100:  16%|█▌        | 12/76 [00:00<00:01, 59.93it/s, loss=0.6440]
Epoch 64/100:  16%|█▌        | 12/76 [00:00<00:01, 59.93it/s, loss=0.6147]
Epoch 64/100:  16%|█▌        | 12/76 [00:00<00:01, 59.93it/s, loss=0.5386]
Epoch 64/100:  25%|██▌       | 19/76 [00:00<00:00, 60.02it/s, loss=0.5386]
Epoch 64/100:  25%|██▌       | 19/76 [00:00<00:00, 60.02it/s, loss=0.4468]
Epoch 64/100:  25%|██▌       | 19/76 [00:00<00:00, 60.02it/s, loss=0.5214]
Epoch 64/100:  25%|██▌       | 19/76 [00:00<00:00, 60.02it/s, loss=0.5024]
Epoch 64/100:  25%|██▌       | 19/76 [00:00<00:00, 60.02it/s, loss=0.6057]
Epoch 64/100:  25%|██▌       | 19/76 [00:00<00:00, 60.02it/s, loss=0.4518]
Epoch 64/100:  25%|██▌       | 19/76 [00:00<00:00, 60.02it/s, loss=0.5991]
Epoch 64/100:  25%|██▌       | 19/76 [00:00<00:00, 60.02it/s, loss=0.4593]
Epoch 64/100:  34%|███▍      | 26/76 [00:00<00:00, 59.69it/s, loss=0.4593]
Epoch 64/100:  34%|███▍      | 26/76 [00:00<00:00, 59.69it/s, loss=0.3705]
Epoch 64/100:  34%|███▍      | 26/76 [00:00<00:00, 59.69it/s, loss=0.5520]
Epoch 64/100:  34%|███▍      | 26/76 [00:00<00:00, 59.69it/s, loss=0.4062]
Epoch 64/100:  34%|███▍      | 26/76 [00:00<00:00, 59.69it/s, loss=0.2981]
Epoch 64/100:  34%|███▍      | 26/76 [00:00<00:00, 59.69it/s, loss=0.6402]
Epoch 64/100:  34%|███▍      | 26/76 [00:00<00:00, 59.69it/s, loss=0.5565]
Epoch 64/100:  42%|████▏     | 32/76 [00:00<00:00, 59.77it/s, loss=0.5565]
Epoch 64/100:  42%|████▏     | 32/76 [00:00<00:00, 59.77it/s, loss=0.6972]
Epoch 64/100:  42%|████▏     | 32/76 [00:00<00:00, 59.77it/s, loss=0.6133]
Epoch 64/100:  42%|████▏     | 32/76 [00:00<00:00, 59.77it/s, loss=0.4870]
Epoch 64/100:  42%|████▏     | 32/76 [00:00<00:00, 59.77it/s, loss=0.5081]
Epoch 64/100:  42%|████▏     | 32/76 [00:00<00:00, 59.77it/s, loss=0.4956]
Epoch 64/100:  42%|████▏     | 32/76 [00:00<00:00, 59.77it/s, loss=0.4644]
Epoch 64/100:  50%|█████     | 38/76 [00:00<00:00, 59.79it/s, loss=0.4644]
Epoch 64/100:  50%|█████     | 38/76 [00:00<00:00, 59.79it/s, loss=0.4120]
Epoch 64/100:  50%|█████     | 38/76 [00:00<00:00, 59.79it/s, loss=0.5484]
Epoch 64/100:  50%|█████     | 38/76 [00:00<00:00, 59.79it/s, loss=0.5352]
Epoch 64/100:  50%|█████     | 38/76 [00:00<00:00, 59.79it/s, loss=0.4934]
Epoch 64/100:  50%|█████     | 38/76 [00:00<00:00, 59.79it/s, loss=0.4566]
Epoch 64/100:  50%|█████     | 38/76 [00:00<00:00, 59.79it/s, loss=0.5676]
Epoch 64/100:  58%|█████▊    | 44/76 [00:00<00:00, 59.80it/s, loss=0.5676]
Epoch 64/100:  58%|█████▊    | 44/76 [00:00<00:00, 59.80it/s, loss=0.4944]
Epoch 64/100:  58%|█████▊    | 44/76 [00:00<00:00, 59.80it/s, loss=0.5351]
Epoch 64/100:  58%|█████▊    | 44/76 [00:00<00:00, 59.80it/s, loss=0.4735]
Epoch 64/100:  58%|█████▊    | 44/76 [00:00<00:00, 59.80it/s, loss=0.4704]
Epoch 64/100:  58%|█████▊    | 44/76 [00:00<00:00, 59.80it/s, loss=0.7048]
Epoch 64/100:  58%|█████▊    | 44/76 [00:00<00:00, 59.80it/s, loss=0.6986]
Epoch 64/100:  66%|██████▌   | 50/76 [00:00<00:00, 59.81it/s, loss=0.6986]
Epoch 64/100:  66%|██████▌   | 50/76 [00:00<00:00, 59.81it/s, loss=0.4731]
Epoch 64/100:  66%|██████▌   | 50/76 [00:00<00:00, 59.81it/s, loss=0.7696]
Epoch 64/100:  66%|██████▌   | 50/76 [00:00<00:00, 59.81it/s, loss=0.5659]
Epoch 64/100:  66%|██████▌   | 50/76 [00:00<00:00, 59.81it/s, loss=0.6384]
Epoch 64/100:  66%|██████▌   | 50/76 [00:00<00:00, 59.81it/s, loss=0.7029]
Epoch 64/100:  66%|██████▌   | 50/76 [00:00<00:00, 59.81it/s, loss=0.5155]
Epoch 64/100:  74%|███████▎  | 56/76 [00:00<00:00, 59.81it/s, loss=0.5155]
Epoch 64/100:  74%|███████▎  | 56/76 [00:00<00:00, 59.81it/s, loss=0.5505]
Epoch 64/100:  74%|███████▎  | 56/76 [00:00<00:00, 59.81it/s, loss=0.5443]
Epoch 64/100:  74%|███████▎  | 56/76 [00:00<00:00, 59.81it/s, loss=0.4665]
Epoch 64/100:  74%|███████▎  | 56/76 [00:01<00:00, 59.81it/s, loss=0.5507]
Epoch 64/100:  74%|███████▎  | 56/76 [00:01<00:00, 59.81it/s, loss=0.5833]
Epoch 64/100:  74%|███████▎  | 56/76 [00:01<00:00, 59.81it/s, loss=0.7381]
Epoch 64/100:  82%|████████▏ | 62/76 [00:01<00:00, 59.83it/s, loss=0.7381]
Epoch 64/100:  82%|████████▏ | 62/76 [00:01<00:00, 59.83it/s, loss=0.6481]
Epoch 64/100:  82%|████████▏ | 62/76 [00:01<00:00, 59.83it/s, loss=0.6383]
Epoch 64/100:  82%|████████▏ | 62/76 [00:01<00:00, 59.83it/s, loss=0.5911]
Epoch 64/100:  82%|████████▏ | 62/76 [00:01<00:00, 59.83it/s, loss=0.5408]
Epoch 64/100:  82%|████████▏ | 62/76 [00:01<00:00, 59.83it/s, loss=0.5094]
Epoch 64/100:  82%|████████▏ | 62/76 [00:01<00:00, 59.83it/s, loss=0.4665]
Epoch 64/100:  89%|████████▉ | 68/76 [00:01<00:00, 59.84it/s, loss=0.4665]
Epoch 64/100:  89%|████████▉ | 68/76 [00:01<00:00, 59.84it/s, loss=0.5681]
Epoch 64/100:  89%|████████▉ | 68/76 [00:01<00:00, 59.84it/s, loss=0.4897]
Epoch 64/100:  89%|████████▉ | 68/76 [00:01<00:00, 59.84it/s, loss=0.6630]
Epoch 64/100:  89%|████████▉ | 68/76 [00:01<00:00, 59.84it/s, loss=0.5381]
Epoch 64/100:  89%|████████▉ | 68/76 [00:01<00:00, 59.84it/s, loss=0.5772]
Epoch 64/100:  89%|████████▉ | 68/76 [00:01<00:00, 59.84it/s, loss=0.7656]
Epoch 64/100:  97%|█████████▋| 74/76 [00:01<00:00, 59.85it/s, loss=0.7656]
Epoch 64/100:  97%|█████████▋| 74/76 [00:01<00:00, 59.85it/s, loss=0.4707]
Epoch 64/100:  97%|█████████▋| 74/76 [00:01<00:00, 59.85it/s, loss=0.8487]
Epoch 64/100: 100%|██████████| 76/76 [00:01<00:00, 59.84it/s, loss=0.8487]
Epoch 64/100 - avg_loss: 0.5383

Epoch 65/100:   0%|          | 0/76 [00:00<?, ?it/s]
Epoch 65/100:   0%|          | 0/76 [00:00<?, ?it/s, loss=0.4465]
Epoch 65/100:   0%|          | 0/76 [00:00<?, ?it/s, loss=0.5148]
Epoch 65/100:   0%|          | 0/76 [00:00<?, ?it/s, loss=0.5402]
Epoch 65/100:   0%|          | 0/76 [00:00<?, ?it/s, loss=0.4237]
Epoch 65/100:   0%|          | 0/76 [00:00<?, ?it/s, loss=0.2984]
Epoch 65/100:   0%|          | 0/76 [00:00<?, ?it/s, loss=0.6141]
Epoch 65/100:   8%|▊         | 6/76 [00:00<00:01, 59.66it/s, loss=0.6141]
Epoch 65/100:   8%|▊         | 6/76 [00:00<00:01, 59.66it/s, loss=0.6062]
Epoch 65/100:   8%|▊         | 6/76 [00:00<00:01, 59.66it/s, loss=0.5152]
Epoch 65/100:   8%|▊         | 6/76 [00:00<00:01, 59.66it/s, loss=0.4619]
Epoch 65/100:   8%|▊         | 6/76 [00:00<00:01, 59.66it/s, loss=0.4116]
Epoch 65/100:   8%|▊         | 6/76 [00:00<00:01, 59.66it/s, loss=0.5263]
Epoch 65/100:   8%|▊         | 6/76 [00:00<00:01, 59.66it/s, loss=0.4588]
Epoch 65/100:  16%|█▌        | 12/76 [00:00<00:01, 59.74it/s, loss=0.4588]
Epoch 65/100:  16%|█▌        | 12/76 [00:00<00:01, 59.74it/s, loss=0.3357]
Epoch 65/100:  16%|█▌        | 12/76 [00:00<00:01, 59.74it/s, loss=0.4030]
Epoch 65/100:  16%|█▌        | 12/76 [00:00<00:01, 59.74it/s, loss=0.3994]
Epoch 65/100:  16%|█▌        | 12/76 [00:00<00:01, 59.74it/s, loss=0.6572]
Epoch 65/100:  16%|█▌        | 12/76 [00:00<00:01, 59.74it/s, loss=0.5900]
Epoch 65/100:  16%|█▌        | 12/76 [00:00<00:01, 59.74it/s, loss=0.4792]
Epoch 65/100:  16%|█▌        | 12/76 [00:00<00:01, 59.74it/s, loss=0.4144]
Epoch 65/100:  25%|██▌       | 19/76 [00:00<00:00, 59.92it/s, loss=0.4144]
Epoch 65/100:  25%|██▌       | 19/76 [00:00<00:00, 59.92it/s, loss=0.6857]
Epoch 65/100:  25%|██▌       | 19/76 [00:00<00:00, 59.92it/s, loss=0.3134]
Epoch 65/100:  25%|██▌       | 19/76 [00:00<00:00, 59.92it/s, loss=0.5145]
Epoch 65/100:  25%|██▌       | 19/76 [00:00<00:00, 59.92it/s, loss=0.4692]
Epoch 65/100:  25%|██▌       | 19/76 [00:00<00:00, 59.92it/s, loss=0.5327]
Epoch 65/100:  25%|██▌       | 19/76 [00:00<00:00, 59.92it/s, loss=0.4753]
Epoch 65/100:  25%|██▌       | 19/76 [00:00<00:00, 59.92it/s, loss=0.4153]
Epoch 65/100:  34%|███▍      | 26/76 [00:00<00:00, 59.97it/s, loss=0.4153]
Epoch 65/100:  34%|███▍      | 26/76 [00:00<00:00, 59.97it/s, loss=0.4609]
Epoch 65/100:  34%|███▍      | 26/76 [00:00<00:00, 59.97it/s, loss=0.8133]
Epoch 65/100:  34%|███▍      | 26/76 [00:00<00:00, 59.97it/s, loss=0.4826]
Epoch 65/100:  34%|███▍      | 26/76 [00:00<00:00, 59.97it/s, loss=0.3707]
Epoch 65/100:  34%|███▍      | 26/76 [00:00<00:00, 59.97it/s, loss=0.5691]
Epoch 65/100:  34%|███▍      | 26/76 [00:00<00:00, 59.97it/s, loss=0.5648]
Epoch 65/100:  34%|███▍      | 26/76 [00:00<00:00, 59.97it/s, loss=0.4662]
Epoch 65/100:  43%|████▎     | 33/76 [00:00<00:00, 59.99it/s, loss=0.4662]
Epoch 65/100:  43%|████▎     | 33/76 [00:00<00:00, 59.99it/s, loss=0.2606]
Epoch 65/100:  43%|████▎     | 33/76 [00:00<00:00, 59.99it/s, loss=0.4960]
Epoch 65/100:  43%|████▎     | 33/76 [00:00<00:00, 59.99it/s, loss=0.5317]
Epoch 65/100:  43%|████▎     | 33/76 [00:00<00:00, 59.99it/s, loss=0.5939]
Epoch 65/100:  43%|████▎     | 33/76 [00:00<00:00, 59.99it/s, loss=0.4017]
Epoch 65/100:  43%|████▎     | 33/76 [00:00<00:00, 59.99it/s, loss=0.4807]
Epoch 65/100:  51%|█████▏    | 39/76 [00:00<00:00, 59.90it/s, loss=0.4807]
Epoch 65/100:  51%|█████▏    | 39/76 [00:00<00:00, 59.90it/s, loss=0.6045]
Epoch 65/100:  51%|█████▏    | 39/76 [00:00<00:00, 59.90it/s, loss=0.7009]
Epoch 65/100:  51%|█████▏    | 39/76 [00:00<00:00, 59.90it/s, loss=0.5729]
Epoch 65/100:  51%|█████▏    | 39/76 [00:00<00:00, 59.90it/s, loss=0.4739]
Epoch 65/100:  51%|█████▏    | 39/76 [00:00<00:00, 59.90it/s, loss=0.6434]
Epoch 65/100:  51%|█████▏    | 39/76 [00:00<00:00, 59.90it/s, loss=0.4792]
Epoch 65/100:  51%|█████▏    | 39/76 [00:00<00:00, 59.90it/s, loss=0.5569]
Epoch 65/100:  61%|██████    | 46/76 [00:00<00:00, 60.00it/s, loss=0.5569]
Epoch 65/100:  61%|██████    | 46/76 [00:00<00:00, 60.00it/s, loss=0.6381]
Epoch 65/100:  61%|██████    | 46/76 [00:00<00:00, 60.00it/s, loss=0.6604]
Epoch 65/100:  61%|██████    | 46/76 [00:00<00:00, 60.00it/s, loss=0.3946]
Epoch 65/100:  61%|██████    | 46/76 [00:00<00:00, 60.00it/s, loss=0.5610]
Epoch 65/100:  61%|██████    | 46/76 [00:00<00:00, 60.00it/s, loss=0.5094]
Epoch 65/100:  61%|██████    | 46/76 [00:00<00:00, 60.00it/s, loss=0.5522]
Epoch 65/100:  61%|██████    | 46/76 [00:00<00:00, 60.00it/s, loss=0.7733]
Epoch 65/100:  70%|██████▉   | 53/76 [00:00<00:00, 60.03it/s, loss=0.7733]
Epoch 65/100:  70%|██████▉   | 53/76 [00:00<00:00, 60.03it/s, loss=0.5253]
Epoch 65/100:  70%|██████▉   | 53/76 [00:00<00:00, 60.03it/s, loss=0.5195]
Epoch 65/100:  70%|██████▉   | 53/76 [00:00<00:00, 60.03it/s, loss=0.4271]
Epoch 65/100:  70%|██████▉   | 53/76 [00:00<00:00, 60.03it/s, loss=0.6325]
Epoch 65/100:  70%|██████▉   | 53/76 [00:00<00:00, 60.03it/s, loss=0.5822]
Epoch 65/100:  70%|██████▉   | 53/76 [00:00<00:00, 60.03it/s, loss=0.4845]
Epoch 65/100:  70%|██████▉   | 53/76 [00:01<00:00, 60.03it/s, loss=0.5816]
Epoch 65/100:  79%|███████▉  | 60/76 [00:01<00:00, 60.03it/s, loss=0.5816]
Epoch 65/100:  79%|███████▉  | 60/76 [00:01<00:00, 60.03it/s, loss=0.6073]
Epoch 65/100:  79%|███████▉  | 60/76 [00:01<00:00, 60.03it/s, loss=0.5988]
Epoch 65/100:  79%|███████▉  | 60/76 [00:01<00:00, 60.03it/s, loss=0.3565]
Epoch 65/100:  79%|███████▉  | 60/76 [00:01<00:00, 60.03it/s, loss=0.6119]
Epoch 65/100:  79%|███████▉  | 60/76 [00:01<00:00, 60.03it/s, loss=0.4765]
Epoch 65/100:  79%|███████▉  | 60/76 [00:01<00:00, 60.03it/s, loss=0.3645]
Epoch 65/100:  79%|███████▉  | 60/76 [00:01<00:00, 60.03it/s, loss=0.6690]
Epoch 65/100:  88%|████████▊ | 67/76 [00:01<00:00, 59.94it/s, loss=0.6690]
Epoch 65/100:  88%|████████▊ | 67/76 [00:01<00:00, 59.94it/s, loss=0.6870]
Epoch 65/100:  88%|████████▊ | 67/76 [00:01<00:00, 59.94it/s, loss=0.4435]
Epoch 65/100:  88%|████████▊ | 67/76 [00:01<00:00, 59.94it/s, loss=0.4643]
Epoch 65/100:  88%|████████▊ | 67/76 [00:01<00:00, 59.94it/s, loss=0.5343]
Epoch 65/100:  88%|████████▊ | 67/76 [00:01<00:00, 59.94it/s, loss=0.5777]
Epoch 65/100:  88%|████████▊ | 67/76 [00:01<00:00, 59.94it/s, loss=0.5662]
Epoch 65/100:  96%|█████████▌| 73/76 [00:01<00:00, 59.93it/s, loss=0.5662]
Epoch 65/100:  96%|█████████▌| 73/76 [00:01<00:00, 59.93it/s, loss=0.6184]
Epoch 65/100:  96%|█████████▌| 73/76 [00:01<00:00, 59.93it/s, loss=0.6119]
Epoch 65/100:  96%|█████████▌| 73/76 [00:01<00:00, 59.93it/s, loss=0.6975]
Epoch 65/100: 100%|██████████| 76/76 [00:01<00:00, 59.96it/s, loss=0.6975]
Epoch 65/100 - avg_loss: 0.5231

Epoch 66/100:   0%|          | 0/76 [00:00<?, ?it/s]
Epoch 66/100:   0%|          | 0/76 [00:00<?, ?it/s, loss=0.4223]
Epoch 66/100:   0%|          | 0/76 [00:00<?, ?it/s, loss=0.5093]
Epoch 66/100:   0%|          | 0/76 [00:00<?, ?it/s, loss=0.4036]
Epoch 66/100:   0%|          | 0/76 [00:00<?, ?it/s, loss=0.2771]
Epoch 66/100:   0%|          | 0/76 [00:00<?, ?it/s, loss=0.4605]
Epoch 66/100:   0%|          | 0/76 [00:00<?, ?it/s, loss=0.5176]
Epoch 66/100:   0%|          | 0/76 [00:00<?, ?it/s, loss=0.3594]
Epoch 66/100:   9%|▉         | 7/76 [00:00<00:01, 60.20it/s, loss=0.3594]
Epoch 66/100:   9%|▉         | 7/76 [00:00<00:01, 60.20it/s, loss=0.6182]
Epoch 66/100:   9%|▉         | 7/76 [00:00<00:01, 60.20it/s, loss=0.5901]
Epoch 66/100:   9%|▉         | 7/76 [00:00<00:01, 60.20it/s, loss=0.3839]
Epoch 66/100:   9%|▉         | 7/76 [00:00<00:01, 60.20it/s, loss=0.3745]
Epoch 66/100:   9%|▉         | 7/76 [00:00<00:01, 60.20it/s, loss=0.4199]
Epoch 66/100:   9%|▉         | 7/76 [00:00<00:01, 60.20it/s, loss=0.6090]
Epoch 66/100:   9%|▉         | 7/76 [00:00<00:01, 60.20it/s, loss=0.4337]
Epoch 66/100:  18%|█▊        | 14/76 [00:00<00:01, 60.17it/s, loss=0.4337]
Epoch 66/100:  18%|█▊        | 14/76 [00:00<00:01, 60.17it/s, loss=0.4849]
Epoch 66/100:  18%|█▊        | 14/76 [00:00<00:01, 60.17it/s, loss=0.3589]
Epoch 66/100:  18%|█▊        | 14/76 [00:00<00:01, 60.17it/s, loss=0.3328]
Epoch 66/100:  18%|█▊        | 14/76 [00:00<00:01, 60.17it/s, loss=0.3761]
Epoch 66/100:  18%|█▊        | 14/76 [00:00<00:01, 60.17it/s, loss=0.3565]
Epoch 66/100:  18%|█▊        | 14/76 [00:00<00:01, 60.17it/s, loss=0.5462]
Epoch 66/100:  18%|█▊        | 14/76 [00:00<00:01, 60.17it/s, loss=0.4796]
Epoch 66/100:  28%|██▊       | 21/76 [00:00<00:00, 60.13it/s, loss=0.4796]
Epoch 66/100:  28%|██▊       | 21/76 [00:00<00:00, 60.13it/s, loss=0.4671]
Epoch 66/100:  28%|██▊       | 21/76 [00:00<00:00, 60.13it/s, loss=0.6958]
Epoch 66/100:  28%|██▊       | 21/76 [00:00<00:00, 60.13it/s, loss=0.3835]
Epoch 66/100:  28%|██▊       | 21/76 [00:00<00:00, 60.13it/s, loss=0.4661]
Epoch 66/100:  28%|██▊       | 21/76 [00:00<00:00, 60.13it/s, loss=0.4682]
Epoch 66/100:  28%|██▊       | 21/76 [00:00<00:00, 60.13it/s, loss=0.5894]
Epoch 66/100:  28%|██▊       | 21/76 [00:00<00:00, 60.13it/s, loss=0.4742]
Epoch 66/100:  37%|███▋      | 28/76 [00:00<00:00, 60.15it/s, loss=0.4742]
Epoch 66/100:  37%|███▋      | 28/76 [00:00<00:00, 60.15it/s, loss=0.4517]
Epoch 66/100:  37%|███▋      | 28/76 [00:00<00:00, 60.15it/s, loss=0.3739]
Epoch 66/100:  37%|███▋      | 28/76 [00:00<00:00, 60.15it/s, loss=0.4838]
Epoch 66/100:  37%|███▋      | 28/76 [00:00<00:00, 60.15it/s, loss=0.4281]
Epoch 66/100:  37%|███▋      | 28/76 [00:00<00:00, 60.15it/s, loss=0.5181]
Epoch 66/100:  37%|███▋      | 28/76 [00:00<00:00, 60.15it/s, loss=0.5687]
Epoch 66/100:  37%|███▋      | 28/76 [00:00<00:00, 60.15it/s, loss=0.6831]
Epoch 66/100:  46%|████▌     | 35/76 [00:00<00:00, 60.15it/s, loss=0.6831]
Epoch 66/100:  46%|████▌     | 35/76 [00:00<00:00, 60.15it/s, loss=0.6395]
Epoch 66/100:  46%|████▌     | 35/76 [00:00<00:00, 60.15it/s, loss=0.4418]
Epoch 66/100:  46%|████▌     | 35/76 [00:00<00:00, 60.15it/s, loss=0.4365]
Epoch 66/100:  46%|████▌     | 35/76 [00:00<00:00, 60.15it/s, loss=0.4135]
Epoch 66/100:  46%|████▌     | 35/76 [00:00<00:00, 60.15it/s, loss=0.3791]
Epoch 66/100:  46%|████▌     | 35/76 [00:00<00:00, 60.15it/s, loss=0.5944]
Epoch 66/100:  46%|████▌     | 35/76 [00:00<00:00, 60.15it/s, loss=0.6521]
Epoch 66/100:  55%|█████▌    | 42/76 [00:00<00:00, 55.84it/s, loss=0.6521]
Epoch 66/100:  55%|█████▌    | 42/76 [00:00<00:00, 55.84it/s, loss=0.5716]
Epoch 66/100:  55%|█████▌    | 42/76 [00:00<00:00, 55.84it/s, loss=0.5147]
Epoch 66/100:  55%|█████▌    | 42/76 [00:00<00:00, 55.84it/s, loss=0.5053]
Epoch 66/100:  55%|█████▌    | 42/76 [00:00<00:00, 55.84it/s, loss=0.4888]
Epoch 66/100:  55%|█████▌    | 42/76 [00:00<00:00, 55.84it/s, loss=0.3664]
Epoch 66/100:  55%|█████▌    | 42/76 [00:00<00:00, 55.84it/s, loss=0.6125]
Epoch 66/100:  55%|█████▌    | 42/76 [00:00<00:00, 55.84it/s, loss=0.5544]
Epoch 66/100:  64%|██████▍   | 49/76 [00:00<00:00, 57.27it/s, loss=0.5544]
Epoch 66/100:  64%|██████▍   | 49/76 [00:00<00:00, 57.27it/s, loss=0.4665]
Epoch 66/100:  64%|██████▍   | 49/76 [00:00<00:00, 57.27it/s, loss=0.5449]
Epoch 66/100:  64%|██████▍   | 49/76 [00:00<00:00, 57.27it/s, loss=0.4912]
Epoch 66/100:  64%|██████▍   | 49/76 [00:00<00:00, 57.27it/s, loss=0.5044]
Epoch 66/100:  64%|██████▍   | 49/76 [00:00<00:00, 57.27it/s, loss=0.5181]
Epoch 66/100:  64%|██████▍   | 49/76 [00:00<00:00, 57.27it/s, loss=0.4860]
Epoch 66/100:  72%|███████▏  | 55/76 [00:00<00:00, 57.68it/s, loss=0.4860]
Epoch 66/100:  72%|███████▏  | 55/76 [00:00<00:00, 57.68it/s, loss=0.5346]
Epoch 66/100:  72%|███████▏  | 55/76 [00:00<00:00, 57.68it/s, loss=0.4725]
Epoch 66/100:  72%|███████▏  | 55/76 [00:00<00:00, 57.68it/s, loss=0.6260]
Epoch 66/100:  72%|███████▏  | 55/76 [00:01<00:00, 57.68it/s, loss=0.4338]
Epoch 66/100:  72%|███████▏  | 55/76 [00:01<00:00, 57.68it/s, loss=0.4573]
Epoch 66/100:  72%|███████▏  | 55/76 [00:01<00:00, 57.68it/s, loss=0.5575]
Epoch 66/100:  80%|████████  | 61/76 [00:01<00:00, 58.16it/s, loss=0.5575]
Epoch 66/100:  80%|████████  | 61/76 [00:01<00:00, 58.16it/s, loss=0.7037]
Epoch 66/100:  80%|████████  | 61/76 [00:01<00:00, 58.16it/s, loss=0.4054]
Epoch 66/100:  80%|████████  | 61/76 [00:01<00:00, 58.16it/s, loss=0.5377]
Epoch 66/100:  80%|████████  | 61/76 [00:01<00:00, 58.16it/s, loss=0.5668]
Epoch 66/100:  80%|████████  | 61/76 [00:01<00:00, 58.16it/s, loss=0.4575]
Epoch 66/100:  80%|████████  | 61/76 [00:01<00:00, 58.16it/s, loss=0.4951]
Epoch 66/100:  88%|████████▊ | 67/76 [00:01<00:00, 58.47it/s, loss=0.4951]
Epoch 66/100:  88%|████████▊ | 67/76 [00:01<00:00, 58.47it/s, loss=0.4968]
Epoch 66/100:  88%|████████▊ | 67/76 [00:01<00:00, 58.47it/s, loss=0.4548]
Epoch 66/100:  88%|████████▊ | 67/76 [00:01<00:00, 58.47it/s, loss=0.6993]
Epoch 66/100:  88%|████████▊ | 67/76 [00:01<00:00, 58.47it/s, loss=0.6081]
Epoch 66/100:  88%|████████▊ | 67/76 [00:01<00:00, 58.47it/s, loss=0.5450]
Epoch 66/100:  88%|████████▊ | 67/76 [00:01<00:00, 58.47it/s, loss=0.7200]
Epoch 66/100:  96%|█████████▌| 73/76 [00:01<00:00, 58.86it/s, loss=0.7200]
Epoch 66/100:  96%|█████████▌| 73/76 [00:01<00:00, 58.86it/s, loss=0.5193]
Epoch 66/100:  96%|█████████▌| 73/76 [00:01<00:00, 58.86it/s, loss=0.4664]
Epoch 66/100:  96%|█████████▌| 73/76 [00:01<00:00, 58.86it/s, loss=0.4615]
Epoch 66/100: 100%|██████████| 76/76 [00:01<00:00, 58.67it/s, loss=0.4615]
Epoch 66/100 - avg_loss: 0.4969

Epoch 67/100:   0%|          | 0/76 [00:00<?, ?it/s]
Epoch 67/100:   0%|          | 0/76 [00:00<?, ?it/s, loss=0.3979]
Epoch 67/100:   0%|          | 0/76 [00:00<?, ?it/s, loss=0.2874]
Epoch 67/100:   0%|          | 0/76 [00:00<?, ?it/s, loss=0.4338]
Epoch 67/100:   0%|          | 0/76 [00:00<?, ?it/s, loss=0.5135]
Epoch 67/100:   0%|          | 0/76 [00:00<?, ?it/s, loss=0.3863]
Epoch 67/100:   0%|          | 0/76 [00:00<?, ?it/s, loss=0.4623]
Epoch 67/100:   0%|          | 0/76 [00:00<?, ?it/s, loss=0.3264]
Epoch 67/100:   9%|▉         | 7/76 [00:00<00:01, 60.01it/s, loss=0.3264]
Epoch 67/100:   9%|▉         | 7/76 [00:00<00:01, 60.01it/s, loss=0.5156]
Epoch 67/100:   9%|▉         | 7/76 [00:00<00:01, 60.01it/s, loss=0.4220]
Epoch 67/100:   9%|▉         | 7/76 [00:00<00:01, 60.01it/s, loss=0.4651]
Epoch 67/100:   9%|▉         | 7/76 [00:00<00:01, 60.01it/s, loss=0.4922]
Epoch 67/100:   9%|▉         | 7/76 [00:00<00:01, 60.01it/s, loss=0.4546]
Epoch 67/100:   9%|▉         | 7/76 [00:00<00:01, 60.01it/s, loss=0.5682]
Epoch 67/100:   9%|▉         | 7/76 [00:00<00:01, 60.01it/s, loss=0.3850]
Epoch 67/100:  18%|█▊        | 14/76 [00:00<00:01, 60.05it/s, loss=0.3850]
Epoch 67/100:  18%|█▊        | 14/76 [00:00<00:01, 60.05it/s, loss=0.3188]
Epoch 67/100:  18%|█▊        | 14/76 [00:00<00:01, 60.05it/s, loss=0.5160]
Epoch 67/100:  18%|█▊        | 14/76 [00:00<00:01, 60.05it/s, loss=0.4617]
Epoch 67/100:  18%|█▊        | 14/76 [00:00<00:01, 60.05it/s, loss=0.5028]
Epoch 67/100:  18%|█▊        | 14/76 [00:00<00:01, 60.05it/s, loss=0.3772]
Epoch 67/100:  18%|█▊        | 14/76 [00:00<00:01, 60.05it/s, loss=0.4936]
Epoch 67/100:  18%|█▊        | 14/76 [00:00<00:01, 60.05it/s, loss=0.4881]
Epoch 67/100:  28%|██▊       | 21/76 [00:00<00:00, 60.10it/s, loss=0.4881]
Epoch 67/100:  28%|██▊       | 21/76 [00:00<00:00, 60.10it/s, loss=0.5837]
Epoch 67/100:  28%|██▊       | 21/76 [00:00<00:00, 60.10it/s, loss=0.5984]
Epoch 67/100:  28%|██▊       | 21/76 [00:00<00:00, 60.10it/s, loss=0.6435]
Epoch 67/100:  28%|██▊       | 21/76 [00:00<00:00, 60.10it/s, loss=0.6278]
Epoch 67/100:  28%|██▊       | 21/76 [00:00<00:00, 60.10it/s, loss=0.4659]
Epoch 67/100:  28%|██▊       | 21/76 [00:00<00:00, 60.10it/s, loss=0.6081]
Epoch 67/100:  28%|██▊       | 21/76 [00:00<00:00, 60.10it/s, loss=0.4892]
Epoch 67/100:  37%|███▋      | 28/76 [00:00<00:00, 60.09it/s, loss=0.4892]
Epoch 67/100:  37%|███▋      | 28/76 [00:00<00:00, 60.09it/s, loss=0.7322]
Epoch 67/100:  37%|███▋      | 28/76 [00:00<00:00, 60.09it/s, loss=0.4481]
Epoch 67/100:  37%|███▋      | 28/76 [00:00<00:00, 60.09it/s, loss=0.3949]
Epoch 67/100:  37%|███▋      | 28/76 [00:00<00:00, 60.09it/s, loss=0.4233]
Epoch 67/100:  37%|███▋      | 28/76 [00:00<00:00, 60.09it/s, loss=0.3859]
Epoch 67/100:  37%|███▋      | 28/76 [00:00<00:00, 60.09it/s, loss=0.3072]
Epoch 67/100:  37%|███▋      | 28/76 [00:00<00:00, 60.09it/s, loss=0.6434]
Epoch 67/100:  46%|████▌     | 35/76 [00:00<00:00, 59.99it/s, loss=0.6434]
Epoch 67/100:  46%|████▌     | 35/76 [00:00<00:00, 59.99it/s, loss=0.5553]
Epoch 67/100:  46%|████▌     | 35/76 [00:00<00:00, 59.99it/s, loss=0.5482]
Epoch 67/100:  46%|████▌     | 35/76 [00:00<00:00, 59.99it/s, loss=0.5003]
Epoch 67/100:  46%|████▌     | 35/76 [00:00<00:00, 59.99it/s, loss=0.5878]
Epoch 67/100:  46%|████▌     | 35/76 [00:00<00:00, 59.99it/s, loss=0.3125]
Epoch 67/100:  46%|████▌     | 35/76 [00:00<00:00, 59.99it/s, loss=0.5253]
Epoch 67/100:  54%|█████▍    | 41/76 [00:00<00:00, 59.94it/s, loss=0.5253]
Epoch 67/100:  54%|█████▍    | 41/76 [00:00<00:00, 59.94it/s, loss=0.3850]
Epoch 67/100:  54%|█████▍    | 41/76 [00:00<00:00, 59.94it/s, loss=0.4439]
Epoch 67/100:  54%|█████▍    | 41/76 [00:00<00:00, 59.94it/s, loss=0.5599]
Epoch 67/100:  54%|█████▍    | 41/76 [00:00<00:00, 59.94it/s, loss=0.6383]
Epoch 67/100:  54%|█████▍    | 41/76 [00:00<00:00, 59.94it/s, loss=0.5691]
Epoch 67/100:  54%|█████▍    | 41/76 [00:00<00:00, 59.94it/s, loss=0.5704]
Epoch 67/100:  62%|██████▏   | 47/76 [00:00<00:00, 59.88it/s, loss=0.5704]
Epoch 67/100:  62%|██████▏   | 47/76 [00:00<00:00, 59.88it/s, loss=0.3607]
Epoch 67/100:  62%|██████▏   | 47/76 [00:00<00:00, 59.88it/s, loss=0.5785]
Epoch 67/100:  62%|██████▏   | 47/76 [00:00<00:00, 59.88it/s, loss=0.4841]
Epoch 67/100:  62%|██████▏   | 47/76 [00:00<00:00, 59.88it/s, loss=0.5719]
Epoch 67/100:  62%|██████▏   | 47/76 [00:00<00:00, 59.88it/s, loss=0.4735]
Epoch 67/100:  62%|██████▏   | 47/76 [00:00<00:00, 59.88it/s, loss=0.5435]
Epoch 67/100:  62%|██████▏   | 47/76 [00:00<00:00, 59.88it/s, loss=0.5697]
Epoch 67/100:  71%|███████   | 54/76 [00:00<00:00, 59.93it/s, loss=0.5697]
Epoch 67/100:  71%|███████   | 54/76 [00:00<00:00, 59.93it/s, loss=0.4191]
Epoch 67/100:  71%|███████   | 54/76 [00:00<00:00, 59.93it/s, loss=0.5793]
Epoch 67/100:  71%|███████   | 54/76 [00:00<00:00, 59.93it/s, loss=0.5471]
Epoch 67/100:  71%|███████   | 54/76 [00:00<00:00, 59.93it/s, loss=0.3933]
Epoch 67/100:  71%|███████   | 54/76 [00:00<00:00, 59.93it/s, loss=0.5549]
Epoch 67/100:  71%|███████   | 54/76 [00:00<00:00, 59.93it/s, loss=0.6652]
Epoch 67/100:  71%|███████   | 54/76 [00:01<00:00, 59.93it/s, loss=0.4275]
Epoch 67/100:  80%|████████  | 61/76 [00:01<00:00, 60.37it/s, loss=0.4275]
Epoch 67/100:  80%|████████  | 61/76 [00:01<00:00, 60.37it/s, loss=0.5037]
Epoch 67/100:  80%|████████  | 61/76 [00:01<00:00, 60.37it/s, loss=0.6494]
Epoch 67/100:  80%|████████  | 61/76 [00:01<00:00, 60.37it/s, loss=0.4292]
Epoch 67/100:  80%|████████  | 61/76 [00:01<00:00, 60.37it/s, loss=0.5401]
Epoch 67/100:  80%|████████  | 61/76 [00:01<00:00, 60.37it/s, loss=0.6768]
Epoch 67/100:  80%|████████  | 61/76 [00:01<00:00, 60.37it/s, loss=0.5811]
Epoch 67/100:  80%|████████  | 61/76 [00:01<00:00, 60.37it/s, loss=0.5030]
Epoch 67/100:  89%|████████▉ | 68/76 [00:01<00:00, 60.23it/s, loss=0.5030]
Epoch 67/100:  89%|████████▉ | 68/76 [00:01<00:00, 60.23it/s, loss=0.6964]
Epoch 67/100:  89%|████████▉ | 68/76 [00:01<00:00, 60.23it/s, loss=0.3982]
Epoch 67/100:  89%|████████▉ | 68/76 [00:01<00:00, 60.23it/s, loss=0.7104]
Epoch 67/100:  89%|████████▉ | 68/76 [00:01<00:00, 60.23it/s, loss=0.6048]
Epoch 67/100:  89%|████████▉ | 68/76 [00:01<00:00, 60.23it/s, loss=0.5659]
Epoch 67/100:  89%|████████▉ | 68/76 [00:01<00:00, 60.23it/s, loss=0.5788]
Epoch 67/100:  89%|████████▉ | 68/76 [00:01<00:00, 60.23it/s, loss=0.5789]
Epoch 67/100:  99%|█████████▊| 75/76 [00:01<00:00, 60.09it/s, loss=0.5789]
Epoch 67/100:  99%|█████████▊| 75/76 [00:01<00:00, 60.09it/s, loss=0.5996]
Epoch 67/100: 100%|██████████| 76/76 [00:01<00:00, 60.08it/s, loss=0.5996]
Epoch 67/100 - avg_loss: 0.5079

Epoch 68/100:   0%|          | 0/76 [00:00<?, ?it/s]
Epoch 68/100:   0%|          | 0/76 [00:00<?, ?it/s, loss=0.2818]
Epoch 68/100:   0%|          | 0/76 [00:00<?, ?it/s, loss=0.5516]
Epoch 68/100:   0%|          | 0/76 [00:00<?, ?it/s, loss=0.4190]
Epoch 68/100:   0%|          | 0/76 [00:00<?, ?it/s, loss=0.5191]
Epoch 68/100:   0%|          | 0/76 [00:00<?, ?it/s, loss=0.3306]
Epoch 68/100:   0%|          | 0/76 [00:00<?, ?it/s, loss=0.4290]
Epoch 68/100:   8%|▊         | 6/76 [00:00<00:01, 59.88it/s, loss=0.4290]
Epoch 68/100:   8%|▊         | 6/76 [00:00<00:01, 59.88it/s, loss=0.4544]
Epoch 68/100:   8%|▊         | 6/76 [00:00<00:01, 59.88it/s, loss=0.4156]
Epoch 68/100:   8%|▊         | 6/76 [00:00<00:01, 59.88it/s, loss=0.6349]
Epoch 68/100:   8%|▊         | 6/76 [00:00<00:01, 59.88it/s, loss=0.3630]
Epoch 68/100:   8%|▊         | 6/76 [00:00<00:01, 59.88it/s, loss=0.4869]
Epoch 68/100:   8%|▊         | 6/76 [00:00<00:01, 59.88it/s, loss=0.6361]
Epoch 68/100:   8%|▊         | 6/76 [00:00<00:01, 59.88it/s, loss=0.5161]
Epoch 68/100:  17%|█▋        | 13/76 [00:00<00:01, 59.96it/s, loss=0.5161]
Epoch 68/100:  17%|█▋        | 13/76 [00:00<00:01, 59.96it/s, loss=0.5267]
Epoch 68/100:  17%|█▋        | 13/76 [00:00<00:01, 59.96it/s, loss=0.4559]
Epoch 68/100:  17%|█▋        | 13/76 [00:00<00:01, 59.96it/s, loss=0.4806]
Epoch 68/100:  17%|█▋        | 13/76 [00:00<00:01, 59.96it/s, loss=0.4201]
Epoch 68/100:  17%|█▋        | 13/76 [00:00<00:01, 59.96it/s, loss=0.5695]
Epoch 68/100:  17%|█▋        | 13/76 [00:00<00:01, 59.96it/s, loss=0.5673]
Epoch 68/100:  25%|██▌       | 19/76 [00:00<00:00, 59.81it/s, loss=0.5673]
Epoch 68/100:  25%|██▌       | 19/76 [00:00<00:00, 59.81it/s, loss=0.5225]
Epoch 68/100:  25%|██▌       | 19/76 [00:00<00:00, 59.81it/s, loss=0.4297]
Epoch 68/100:  25%|██▌       | 19/76 [00:00<00:00, 59.81it/s, loss=0.3186]
Epoch 68/100:  25%|██▌       | 19/76 [00:00<00:00, 59.81it/s, loss=0.5075]
Epoch 68/100:  25%|██▌       | 19/76 [00:00<00:00, 59.81it/s, loss=0.4800]
Epoch 68/100:  25%|██▌       | 19/76 [00:00<00:00, 59.81it/s, loss=0.3688]
Epoch 68/100:  33%|███▎      | 25/76 [00:00<00:00, 59.84it/s, loss=0.3688]
Epoch 68/100:  33%|███▎      | 25/76 [00:00<00:00, 59.84it/s, loss=0.4544]
Epoch 68/100:  33%|███▎      | 25/76 [00:00<00:00, 59.84it/s, loss=0.5072]
Epoch 68/100:  33%|███▎      | 25/76 [00:00<00:00, 59.84it/s, loss=0.5779]
Epoch 68/100:  33%|███▎      | 25/76 [00:00<00:00, 59.84it/s, loss=0.6437]
Epoch 68/100:  33%|███▎      | 25/76 [00:00<00:00, 59.84it/s, loss=0.5497]
Epoch 68/100:  33%|███▎      | 25/76 [00:00<00:00, 59.84it/s, loss=0.4384]
Epoch 68/100:  41%|████      | 31/76 [00:00<00:00, 59.75it/s, loss=0.4384]
Epoch 68/100:  41%|████      | 31/76 [00:00<00:00, 59.75it/s, loss=0.4342]
Epoch 68/100:  41%|████      | 31/76 [00:00<00:00, 59.75it/s, loss=0.4767]
Epoch 68/100:  41%|████      | 31/76 [00:00<00:00, 59.75it/s, loss=0.5440]
Epoch 68/100:  41%|████      | 31/76 [00:00<00:00, 59.75it/s, loss=0.3050]
Epoch 68/100:  41%|████      | 31/76 [00:00<00:00, 59.75it/s, loss=0.5252]
Epoch 68/100:  41%|████      | 31/76 [00:00<00:00, 59.75it/s, loss=0.6472]
Epoch 68/100:  41%|████      | 31/76 [00:00<00:00, 59.75it/s, loss=0.5414]
Epoch 68/100:  50%|█████     | 38/76 [00:00<00:00, 59.89it/s, loss=0.5414]
Epoch 68/100:  50%|█████     | 38/76 [00:00<00:00, 59.89it/s, loss=0.4385]
Epoch 68/100:  50%|█████     | 38/76 [00:00<00:00, 59.89it/s, loss=0.4613]
Epoch 68/100:  50%|█████     | 38/76 [00:00<00:00, 59.89it/s, loss=0.6345]
Epoch 68/100:  50%|█████     | 38/76 [00:00<00:00, 59.89it/s, loss=0.4773]
Epoch 68/100:  50%|█████     | 38/76 [00:00<00:00, 59.89it/s, loss=0.5137]
Epoch 68/100:  50%|█████     | 38/76 [00:00<00:00, 59.89it/s, loss=0.5643]
Epoch 68/100:  50%|█████     | 38/76 [00:00<00:00, 59.89it/s, loss=0.5254]
Epoch 68/100:  59%|█████▉    | 45/76 [00:00<00:00, 60.01it/s, loss=0.5254]
Epoch 68/100:  59%|█████▉    | 45/76 [00:00<00:00, 60.01it/s, loss=0.4466]
Epoch 68/100:  59%|█████▉    | 45/76 [00:00<00:00, 60.01it/s, loss=0.3720]
Epoch 68/100:  59%|█████▉    | 45/76 [00:00<00:00, 60.01it/s, loss=0.6163]
Epoch 68/100:  59%|█████▉    | 45/76 [00:00<00:00, 60.01it/s, loss=0.6013]
Epoch 68/100:  59%|█████▉    | 45/76 [00:00<00:00, 60.01it/s, loss=0.7295]
Epoch 68/100:  59%|█████▉    | 45/76 [00:00<00:00, 60.01it/s, loss=0.5781]
Epoch 68/100:  67%|██████▋   | 51/76 [00:00<00:00, 59.98it/s, loss=0.5781]
Epoch 68/100:  67%|██████▋   | 51/76 [00:00<00:00, 59.98it/s, loss=0.6062]
Epoch 68/100:  67%|██████▋   | 51/76 [00:00<00:00, 59.98it/s, loss=0.5455]
Epoch 68/100:  67%|██████▋   | 51/76 [00:00<00:00, 59.98it/s, loss=0.5253]
Epoch 68/100:  67%|██████▋   | 51/76 [00:00<00:00, 59.98it/s, loss=0.5494]
Epoch 68/100:  67%|██████▋   | 51/76 [00:00<00:00, 59.98it/s, loss=0.5177]
Epoch 68/100:  67%|██████▋   | 51/76 [00:00<00:00, 59.98it/s, loss=0.5080]
Epoch 68/100:  67%|██████▋   | 51/76 [00:00<00:00, 59.98it/s, loss=0.6129]
Epoch 68/100:  76%|███████▋  | 58/76 [00:00<00:00, 60.03it/s, loss=0.6129]
Epoch 68/100:  76%|███████▋  | 58/76 [00:00<00:00, 60.03it/s, loss=0.3553]
Epoch 68/100:  76%|███████▋  | 58/76 [00:01<00:00, 60.03it/s, loss=0.3247]
Epoch 68/100:  76%|███████▋  | 58/76 [00:01<00:00, 60.03it/s, loss=0.4937]
Epoch 68/100:  76%|███████▋  | 58/76 [00:01<00:00, 60.03it/s, loss=0.6222]
Epoch 68/100:  76%|███████▋  | 58/76 [00:01<00:00, 60.03it/s, loss=0.4952]
Epoch 68/100:  76%|███████▋  | 58/76 [00:01<00:00, 60.03it/s, loss=0.5876]
Epoch 68/100:  76%|███████▋  | 58/76 [00:01<00:00, 60.03it/s, loss=0.4578]
Epoch 68/100:  86%|████████▌ | 65/76 [00:01<00:00, 60.04it/s, loss=0.4578]
Epoch 68/100:  86%|████████▌ | 65/76 [00:01<00:00, 60.04it/s, loss=0.5854]
Epoch 68/100:  86%|████████▌ | 65/76 [00:01<00:00, 60.04it/s, loss=0.6566]
Epoch 68/100:  86%|████████▌ | 65/76 [00:01<00:00, 60.04it/s, loss=0.6405]
Epoch 68/100:  86%|████████▌ | 65/76 [00:01<00:00, 60.04it/s, loss=0.7217]
Epoch 68/100:  86%|████████▌ | 65/76 [00:01<00:00, 60.04it/s, loss=0.6401]
Epoch 68/100:  86%|████████▌ | 65/76 [00:01<00:00, 60.04it/s, loss=0.5620]
Epoch 68/100:  86%|████████▌ | 65/76 [00:01<00:00, 60.04it/s, loss=0.6388]
Epoch 68/100:  95%|█████████▍| 72/76 [00:01<00:00, 60.07it/s, loss=0.6388]
Epoch 68/100:  95%|█████████▍| 72/76 [00:01<00:00, 60.07it/s, loss=0.4839]
Epoch 68/100:  95%|█████████▍| 72/76 [00:01<00:00, 60.07it/s, loss=0.5152]
Epoch 68/100:  95%|█████████▍| 72/76 [00:01<00:00, 60.07it/s, loss=0.4284]
Epoch 68/100:  95%|█████████▍| 72/76 [00:01<00:00, 60.07it/s, loss=0.4878]
Epoch 68/100: 100%|██████████| 76/76 [00:01<00:00, 59.98it/s, loss=0.4878]
Epoch 68/100 - avg_loss: 0.5112

Epoch 69/100:   0%|          | 0/76 [00:00<?, ?it/s]
Epoch 69/100:   0%|          | 0/76 [00:00<?, ?it/s, loss=0.3045]
Epoch 69/100:   0%|          | 0/76 [00:00<?, ?it/s, loss=0.4362]
Epoch 69/100:   0%|          | 0/76 [00:00<?, ?it/s, loss=0.3855]
Epoch 69/100:   0%|          | 0/76 [00:00<?, ?it/s, loss=0.3314]
Epoch 69/100:   0%|          | 0/76 [00:00<?, ?it/s, loss=0.3930]
Epoch 69/100:   0%|          | 0/76 [00:00<?, ?it/s, loss=0.3916]
Epoch 69/100:   8%|▊         | 6/76 [00:00<00:01, 59.87it/s, loss=0.3916]
Epoch 69/100:   8%|▊         | 6/76 [00:00<00:01, 59.87it/s, loss=0.6686]
Epoch 69/100:   8%|▊         | 6/76 [00:00<00:01, 59.87it/s, loss=0.5013]
Epoch 69/100:   8%|▊         | 6/76 [00:00<00:01, 59.87it/s, loss=0.3873]
Epoch 69/100:   8%|▊         | 6/76 [00:00<00:01, 59.87it/s, loss=0.4935]
Epoch 69/100:   8%|▊         | 6/76 [00:00<00:01, 59.87it/s, loss=0.5549]
Epoch 69/100:   8%|▊         | 6/76 [00:00<00:01, 59.87it/s, loss=0.5367]
Epoch 69/100:   8%|▊         | 6/76 [00:00<00:01, 59.87it/s, loss=0.3677]
Epoch 69/100:  17%|█▋        | 13/76 [00:00<00:01, 59.94it/s, loss=0.3677]
Epoch 69/100:  17%|█▋        | 13/76 [00:00<00:01, 59.94it/s, loss=0.5772]
Epoch 69/100:  17%|█▋        | 13/76 [00:00<00:01, 59.94it/s, loss=0.3791]
Epoch 69/100:  17%|█▋        | 13/76 [00:00<00:01, 59.94it/s, loss=0.4050]
Epoch 69/100:  17%|█▋        | 13/76 [00:00<00:01, 59.94it/s, loss=0.4230]
Epoch 69/100:  17%|█▋        | 13/76 [00:00<00:01, 59.94it/s, loss=0.4831]
Epoch 69/100:  17%|█▋        | 13/76 [00:00<00:01, 59.94it/s, loss=0.4170]
Epoch 69/100:  17%|█▋        | 13/76 [00:00<00:01, 59.94it/s, loss=0.3598]
Epoch 69/100:  26%|██▋       | 20/76 [00:00<00:00, 60.02it/s, loss=0.3598]
Epoch 69/100:  26%|██▋       | 20/76 [00:00<00:00, 60.02it/s, loss=0.5526]
Epoch 69/100:  26%|██▋       | 20/76 [00:00<00:00, 60.02it/s, loss=0.3531]
Epoch 69/100:  26%|██▋       | 20/76 [00:00<00:00, 60.02it/s, loss=0.6357]
Epoch 69/100:  26%|██▋       | 20/76 [00:00<00:00, 60.02it/s, loss=0.4010]
Epoch 69/100:  26%|██▋       | 20/76 [00:00<00:00, 60.02it/s, loss=0.7751]
Epoch 69/100:  26%|██▋       | 20/76 [00:00<00:00, 60.02it/s, loss=0.7240]
Epoch 69/100:  26%|██▋       | 20/76 [00:00<00:00, 60.02it/s, loss=0.4494]
Epoch 69/100:  36%|███▌      | 27/76 [00:00<00:00, 60.04it/s, loss=0.4494]
Epoch 69/100:  36%|███▌      | 27/76 [00:00<00:00, 60.04it/s, loss=0.4789]
Epoch 69/100:  36%|███▌      | 27/76 [00:00<00:00, 60.04it/s, loss=0.3830]
Epoch 69/100:  36%|███▌      | 27/76 [00:00<00:00, 60.04it/s, loss=0.5452]
Epoch 69/100:  36%|███▌      | 27/76 [00:00<00:00, 60.04it/s, loss=0.5910]
Epoch 69/100:  36%|███▌      | 27/76 [00:00<00:00, 60.04it/s, loss=0.4900]
Epoch 69/100:  36%|███▌      | 27/76 [00:00<00:00, 60.04it/s, loss=0.7296]
Epoch 69/100:  36%|███▌      | 27/76 [00:00<00:00, 60.04it/s, loss=0.5223]
Epoch 69/100:  45%|████▍     | 34/76 [00:00<00:00, 60.03it/s, loss=0.5223]
Epoch 69/100:  45%|████▍     | 34/76 [00:00<00:00, 60.03it/s, loss=0.3843]
Epoch 69/100:  45%|████▍     | 34/76 [00:00<00:00, 60.03it/s, loss=0.2661]
Epoch 69/100:  45%|████▍     | 34/76 [00:00<00:00, 60.03it/s, loss=0.3764]
Epoch 69/100:  45%|████▍     | 34/76 [00:00<00:00, 60.03it/s, loss=0.4676]
Epoch 69/100:  45%|████▍     | 34/76 [00:00<00:00, 60.03it/s, loss=0.4537]
Epoch 69/100:  45%|████▍     | 34/76 [00:00<00:00, 60.03it/s, loss=0.4185]
Epoch 69/100:  45%|████▍     | 34/76 [00:00<00:00, 60.03it/s, loss=0.4825]
Epoch 69/100:  54%|█████▍    | 41/76 [00:00<00:00, 59.99it/s, loss=0.4825]
Epoch 69/100:  54%|█████▍    | 41/76 [00:00<00:00, 59.99it/s, loss=0.6120]
Epoch 69/100:  54%|█████▍    | 41/76 [00:00<00:00, 59.99it/s, loss=0.4999]
Epoch 69/100:  54%|█████▍    | 41/76 [00:00<00:00, 59.99it/s, loss=0.6658]
Epoch 69/100:  54%|█████▍    | 41/76 [00:00<00:00, 59.99it/s, loss=0.5046]
Epoch 69/100:  54%|█████▍    | 41/76 [00:00<00:00, 59.99it/s, loss=0.6577]
Epoch 69/100:  54%|█████▍    | 41/76 [00:00<00:00, 59.99it/s, loss=0.6238]
Epoch 69/100:  54%|█████▍    | 41/76 [00:00<00:00, 59.99it/s, loss=0.5189]
Epoch 69/100:  63%|██████▎   | 48/76 [00:00<00:00, 60.08it/s, loss=0.5189]
Epoch 69/100:  63%|██████▎   | 48/76 [00:00<00:00, 60.08it/s, loss=0.4364]
Epoch 69/100:  63%|██████▎   | 48/76 [00:00<00:00, 60.08it/s, loss=0.5033]
Epoch 69/100:  63%|██████▎   | 48/76 [00:00<00:00, 60.08it/s, loss=0.6138]
Epoch 69/100:  63%|██████▎   | 48/76 [00:00<00:00, 60.08it/s, loss=0.4208]
Epoch 69/100:  63%|██████▎   | 48/76 [00:00<00:00, 60.08it/s, loss=0.6591]
Epoch 69/100:  63%|██████▎   | 48/76 [00:00<00:00, 60.08it/s, loss=0.6296]
Epoch 69/100:  63%|██████▎   | 48/76 [00:00<00:00, 60.08it/s, loss=0.5984]
Epoch 69/100:  72%|███████▏  | 55/76 [00:00<00:00, 60.07it/s, loss=0.5984]
Epoch 69/100:  72%|███████▏  | 55/76 [00:00<00:00, 60.07it/s, loss=0.5071]
Epoch 69/100:  72%|███████▏  | 55/76 [00:00<00:00, 60.07it/s, loss=0.4176]
Epoch 69/100:  72%|███████▏  | 55/76 [00:00<00:00, 60.07it/s, loss=0.6121]
Epoch 69/100:  72%|███████▏  | 55/76 [00:00<00:00, 60.07it/s, loss=0.4300]
Epoch 69/100:  72%|███████▏  | 55/76 [00:00<00:00, 60.07it/s, loss=0.5590]
Epoch 69/100:  72%|███████▏  | 55/76 [00:01<00:00, 60.07it/s, loss=0.4266]
Epoch 69/100:  72%|███████▏  | 55/76 [00:01<00:00, 60.07it/s, loss=0.4545]
Epoch 69/100:  82%|████████▏ | 62/76 [00:01<00:00, 60.10it/s, loss=0.4545]
Epoch 69/100:  82%|████████▏ | 62/76 [00:01<00:00, 60.10it/s, loss=0.5479]
Epoch 69/100:  82%|████████▏ | 62/76 [00:01<00:00, 60.10it/s, loss=0.4913]
Epoch 69/100:  82%|████████▏ | 62/76 [00:01<00:00, 60.10it/s, loss=0.5516]
Epoch 69/100:  82%|████████▏ | 62/76 [00:01<00:00, 60.10it/s, loss=0.4358]
Epoch 69/100:  82%|████████▏ | 62/76 [00:01<00:00, 60.10it/s, loss=0.4939]
Epoch 69/100:  82%|████████▏ | 62/76 [00:01<00:00, 60.10it/s, loss=0.4758]
Epoch 69/100:  82%|████████▏ | 62/76 [00:01<00:00, 60.10it/s, loss=0.6272]
Epoch 69/100:  91%|█████████ | 69/76 [00:01<00:00, 60.08it/s, loss=0.6272]
Epoch 69/100:  91%|█████████ | 69/76 [00:01<00:00, 60.08it/s, loss=0.3855]
Epoch 69/100:  91%|█████████ | 69/76 [00:01<00:00, 60.08it/s, loss=0.4893]
Epoch 69/100:  91%|█████████ | 69/76 [00:01<00:00, 60.08it/s, loss=0.5626]
Epoch 69/100:  91%|█████████ | 69/76 [00:01<00:00, 60.08it/s, loss=0.6376]
Epoch 69/100:  91%|█████████ | 69/76 [00:01<00:00, 60.08it/s, loss=0.6723]
Epoch 69/100:  91%|█████████ | 69/76 [00:01<00:00, 60.08it/s, loss=0.6698]
Epoch 69/100:  91%|█████████ | 69/76 [00:01<00:00, 60.08it/s, loss=0.5706]
Epoch 69/100: 100%|██████████| 76/76 [00:01<00:00, 60.14it/s, loss=0.5706]
Epoch 69/100: 100%|██████████| 76/76 [00:01<00:00, 60.06it/s, loss=0.5706]
Epoch 69/100 - avg_loss: 0.5031

Epoch 70/100:   0%|          | 0/76 [00:00<?, ?it/s]
Epoch 70/100:   0%|          | 0/76 [00:00<?, ?it/s, loss=0.5483]
Epoch 70/100:   0%|          | 0/76 [00:00<?, ?it/s, loss=0.3869]
Epoch 70/100:   0%|          | 0/76 [00:00<?, ?it/s, loss=0.4745]
Epoch 70/100:   0%|          | 0/76 [00:00<?, ?it/s, loss=0.4667]
Epoch 70/100:   0%|          | 0/76 [00:00<?, ?it/s, loss=0.2670]
Epoch 70/100:   0%|          | 0/76 [00:00<?, ?it/s, loss=0.4555]
Epoch 70/100:   0%|          | 0/76 [00:00<?, ?it/s, loss=0.3193]
Epoch 70/100:   9%|▉         | 7/76 [00:00<00:01, 60.19it/s, loss=0.3193]
Epoch 70/100:   9%|▉         | 7/76 [00:00<00:01, 60.19it/s, loss=0.5300]
Epoch 70/100:   9%|▉         | 7/76 [00:00<00:01, 60.19it/s, loss=0.4075]
Epoch 70/100:   9%|▉         | 7/76 [00:00<00:01, 60.19it/s, loss=0.4297]
Epoch 70/100:   9%|▉         | 7/76 [00:00<00:01, 60.19it/s, loss=0.4405]
Epoch 70/100:   9%|▉         | 7/76 [00:00<00:01, 60.19it/s, loss=0.4852]
Epoch 70/100:   9%|▉         | 7/76 [00:00<00:01, 60.19it/s, loss=0.3884]
Epoch 70/100:   9%|▉         | 7/76 [00:00<00:01, 60.19it/s, loss=0.4935]
Epoch 70/100:  18%|█▊        | 14/76 [00:00<00:01, 60.12it/s, loss=0.4935]
Epoch 70/100:  18%|█▊        | 14/76 [00:00<00:01, 60.12it/s, loss=0.5523]
Epoch 70/100:  18%|█▊        | 14/76 [00:00<00:01, 60.12it/s, loss=0.6030]
Epoch 70/100:  18%|█▊        | 14/76 [00:00<00:01, 60.12it/s, loss=0.5077]
Epoch 70/100:  18%|█▊        | 14/76 [00:00<00:01, 60.12it/s, loss=0.3391]
Epoch 70/100:  18%|█▊        | 14/76 [00:00<00:01, 60.12it/s, loss=0.4334]
Epoch 70/100:  18%|█▊        | 14/76 [00:00<00:01, 60.12it/s, loss=0.5572]
Epoch 70/100:  18%|█▊        | 14/76 [00:00<00:01, 60.12it/s, loss=0.5189]
Epoch 70/100:  28%|██▊       | 21/76 [00:00<00:00, 59.81it/s, loss=0.5189]
Epoch 70/100:  28%|██▊       | 21/76 [00:00<00:00, 59.81it/s, loss=0.5165]
Epoch 70/100:  28%|██▊       | 21/76 [00:00<00:00, 59.81it/s, loss=0.4492]
Epoch 70/100:  28%|██▊       | 21/76 [00:00<00:00, 59.81it/s, loss=0.4237]
Epoch 70/100:  28%|██▊       | 21/76 [00:00<00:00, 59.81it/s, loss=0.3771]
Epoch 70/100:  28%|██▊       | 21/76 [00:00<00:00, 59.81it/s, loss=0.5754]
Epoch 70/100:  28%|██▊       | 21/76 [00:00<00:00, 59.81it/s, loss=0.4234]
Epoch 70/100:  28%|██▊       | 21/76 [00:00<00:00, 59.81it/s, loss=0.4923]
Epoch 70/100:  37%|███▋      | 28/76 [00:00<00:00, 60.05it/s, loss=0.4923]
Epoch 70/100:  37%|███▋      | 28/76 [00:00<00:00, 60.05it/s, loss=0.5789]
Epoch 70/100:  37%|███▋      | 28/76 [00:00<00:00, 60.05it/s, loss=0.5337]
Epoch 70/100:  37%|███▋      | 28/76 [00:00<00:00, 60.05it/s, loss=0.4905]
Epoch 70/100:  37%|███▋      | 28/76 [00:00<00:00, 60.05it/s, loss=0.3119]
Epoch 70/100:  37%|███▋      | 28/76 [00:00<00:00, 60.05it/s, loss=0.5815]
Epoch 70/100:  37%|███▋      | 28/76 [00:00<00:00, 60.05it/s, loss=0.5222]
Epoch 70/100:  37%|███▋      | 28/76 [00:00<00:00, 60.05it/s, loss=0.5111]
Epoch 70/100:  46%|████▌     | 35/76 [00:00<00:00, 60.11it/s, loss=0.5111]
Epoch 70/100:  46%|████▌     | 35/76 [00:00<00:00, 60.11it/s, loss=0.5312]
Epoch 70/100:  46%|████▌     | 35/76 [00:00<00:00, 60.11it/s, loss=0.4845]
Epoch 70/100:  46%|████▌     | 35/76 [00:00<00:00, 60.11it/s, loss=0.4223]
Epoch 70/100:  46%|████▌     | 35/76 [00:00<00:00, 60.11it/s, loss=0.4666]
Epoch 70/100:  46%|████▌     | 35/76 [00:00<00:00, 60.11it/s, loss=0.5492]
Epoch 70/100:  46%|████▌     | 35/76 [00:00<00:00, 60.11it/s, loss=0.6422]
Epoch 70/100:  46%|████▌     | 35/76 [00:00<00:00, 60.11it/s, loss=0.5294]
Epoch 70/100:  55%|█████▌    | 42/76 [00:00<00:00, 60.13it/s, loss=0.5294]
Epoch 70/100:  55%|█████▌    | 42/76 [00:00<00:00, 60.13it/s, loss=0.4486]
Epoch 70/100:  55%|█████▌    | 42/76 [00:00<00:00, 60.13it/s, loss=0.4316]
Epoch 70/100:  55%|█████▌    | 42/76 [00:00<00:00, 60.13it/s, loss=0.4845]
Epoch 70/100:  55%|█████▌    | 42/76 [00:00<00:00, 60.13it/s, loss=0.5548]
Epoch 70/100:  55%|█████▌    | 42/76 [00:00<00:00, 60.13it/s, loss=0.6126]
Epoch 70/100:  55%|█████▌    | 42/76 [00:00<00:00, 60.13it/s, loss=0.5012]
Epoch 70/100:  55%|█████▌    | 42/76 [00:00<00:00, 60.13it/s, loss=0.5260]
Epoch 70/100:  64%|██████▍   | 49/76 [00:00<00:00, 60.10it/s, loss=0.5260]
Epoch 70/100:  64%|██████▍   | 49/76 [00:00<00:00, 60.10it/s, loss=0.3619]
Epoch 70/100:  64%|██████▍   | 49/76 [00:00<00:00, 60.10it/s, loss=0.5205]
Epoch 70/100:  64%|██████▍   | 49/76 [00:00<00:00, 60.10it/s, loss=0.4574]
Epoch 70/100:  64%|██████▍   | 49/76 [00:00<00:00, 60.10it/s, loss=0.6386]
Epoch 70/100:  64%|██████▍   | 49/76 [00:00<00:00, 60.10it/s, loss=0.6689]
Epoch 70/100:  64%|██████▍   | 49/76 [00:00<00:00, 60.10it/s, loss=0.4299]
Epoch 70/100:  64%|██████▍   | 49/76 [00:00<00:00, 60.10it/s, loss=0.6433]
Epoch 70/100:  74%|███████▎  | 56/76 [00:00<00:00, 60.13it/s, loss=0.6433]
Epoch 70/100:  74%|███████▎  | 56/76 [00:00<00:00, 60.13it/s, loss=0.6660]
Epoch 70/100:  74%|███████▎  | 56/76 [00:00<00:00, 60.13it/s, loss=0.4307]
Epoch 70/100:  74%|███████▎  | 56/76 [00:00<00:00, 60.13it/s, loss=0.3628]
Epoch 70/100:  74%|███████▎  | 56/76 [00:00<00:00, 60.13it/s, loss=0.5015]
Epoch 70/100:  74%|███████▎  | 56/76 [00:01<00:00, 60.13it/s, loss=0.4167]
Epoch 70/100:  74%|███████▎  | 56/76 [00:01<00:00, 60.13it/s, loss=0.5331]
Epoch 70/100:  74%|███████▎  | 56/76 [00:01<00:00, 60.13it/s, loss=0.5632]
Epoch 70/100:  83%|████████▎ | 63/76 [00:01<00:00, 60.16it/s, loss=0.5632]
Epoch 70/100:  83%|████████▎ | 63/76 [00:01<00:00, 60.16it/s, loss=0.6763]
Epoch 70/100:  83%|████████▎ | 63/76 [00:01<00:00, 60.16it/s, loss=0.6405]
Epoch 70/100:  83%|████████▎ | 63/76 [00:01<00:00, 60.16it/s, loss=0.4031]
Epoch 70/100:  83%|████████▎ | 63/76 [00:01<00:00, 60.16it/s, loss=0.5489]
Epoch 70/100:  83%|████████▎ | 63/76 [00:01<00:00, 60.16it/s, loss=0.3953]
Epoch 70/100:  83%|████████▎ | 63/76 [00:01<00:00, 60.16it/s, loss=0.5233]
Epoch 70/100:  83%|████████▎ | 63/76 [00:01<00:00, 60.16it/s, loss=0.5898]
Epoch 70/100:  92%|█████████▏| 70/76 [00:01<00:00, 60.15it/s, loss=0.5898]
Epoch 70/100:  92%|█████████▏| 70/76 [00:01<00:00, 60.15it/s, loss=0.5866]
Epoch 70/100:  92%|█████████▏| 70/76 [00:01<00:00, 60.15it/s, loss=0.6037]
Epoch 70/100:  92%|█████████▏| 70/76 [00:01<00:00, 60.15it/s, loss=0.4344]
Epoch 70/100:  92%|█████████▏| 70/76 [00:01<00:00, 60.15it/s, loss=0.4554]
Epoch 70/100:  92%|█████████▏| 70/76 [00:01<00:00, 60.15it/s, loss=0.5726]
Epoch 70/100:  92%|█████████▏| 70/76 [00:01<00:00, 60.15it/s, loss=0.7521]
Epoch 70/100: 100%|██████████| 76/76 [00:01<00:00, 60.12it/s, loss=0.7521]
Epoch 70/100 - avg_loss: 0.4994

Epoch 71/100:   0%|          | 0/76 [00:00<?, ?it/s]
Epoch 71/100:   0%|          | 0/76 [00:00<?, ?it/s, loss=0.3477]
Epoch 71/100:   0%|          | 0/76 [00:00<?, ?it/s, loss=0.3731]
Epoch 71/100:   0%|          | 0/76 [00:00<?, ?it/s, loss=0.4333]
Epoch 71/100:   0%|          | 0/76 [00:00<?, ?it/s, loss=0.3428]
Epoch 71/100:   0%|          | 0/76 [00:00<?, ?it/s, loss=0.4757]
Epoch 71/100:   0%|          | 0/76 [00:00<?, ?it/s, loss=0.4324]
Epoch 71/100:   8%|▊         | 6/76 [00:00<00:01, 59.88it/s, loss=0.4324]
Epoch 71/100:   8%|▊         | 6/76 [00:00<00:01, 59.88it/s, loss=0.4761]
Epoch 71/100:   8%|▊         | 6/76 [00:00<00:01, 59.88it/s, loss=0.4401]
Epoch 71/100:   8%|▊         | 6/76 [00:00<00:01, 59.88it/s, loss=0.3878]
Epoch 71/100:   8%|▊         | 6/76 [00:00<00:01, 59.88it/s, loss=0.3618]
Epoch 71/100:   8%|▊         | 6/76 [00:00<00:01, 59.88it/s, loss=0.3701]
Epoch 71/100:   8%|▊         | 6/76 [00:00<00:01, 59.88it/s, loss=0.3708]
Epoch 71/100:   8%|▊         | 6/76 [00:00<00:01, 59.88it/s, loss=0.3791]
Epoch 71/100:  17%|█▋        | 13/76 [00:00<00:01, 60.08it/s, loss=0.3791]
Epoch 71/100:  17%|█▋        | 13/76 [00:00<00:01, 60.08it/s, loss=0.4910]
Epoch 71/100:  17%|█▋        | 13/76 [00:00<00:01, 60.08it/s, loss=0.5304]
Epoch 71/100:  17%|█▋        | 13/76 [00:00<00:01, 60.08it/s, loss=0.3905]
Epoch 71/100:  17%|█▋        | 13/76 [00:00<00:01, 60.08it/s, loss=0.4592]
Epoch 71/100:  17%|█▋        | 13/76 [00:00<00:01, 60.08it/s, loss=0.4392]
Epoch 71/100:  17%|█▋        | 13/76 [00:00<00:01, 60.08it/s, loss=0.5263]
Epoch 71/100:  17%|█▋        | 13/76 [00:00<00:01, 60.08it/s, loss=0.5215]
Epoch 71/100:  26%|██▋       | 20/76 [00:00<00:00, 60.04it/s, loss=0.5215]
Epoch 71/100:  26%|██▋       | 20/76 [00:00<00:00, 60.04it/s, loss=0.3975]
Epoch 71/100:  26%|██▋       | 20/76 [00:00<00:00, 60.04it/s, loss=0.2309]
Epoch 71/100:  26%|██▋       | 20/76 [00:00<00:00, 60.04it/s, loss=0.5355]
Epoch 71/100:  26%|██▋       | 20/76 [00:00<00:00, 60.04it/s, loss=0.4942]
Epoch 71/100:  26%|██▋       | 20/76 [00:00<00:00, 60.04it/s, loss=0.4290]
Epoch 71/100:  26%|██▋       | 20/76 [00:00<00:00, 60.04it/s, loss=0.3235]
Epoch 71/100:  26%|██▋       | 20/76 [00:00<00:00, 60.04it/s, loss=0.4552]
Epoch 71/100:  36%|███▌      | 27/76 [00:00<00:00, 60.10it/s, loss=0.4552]
Epoch 71/100:  36%|███▌      | 27/76 [00:00<00:00, 60.10it/s, loss=0.5830]
Epoch 71/100:  36%|███▌      | 27/76 [00:00<00:00, 60.10it/s, loss=0.3634]
Epoch 71/100:  36%|███▌      | 27/76 [00:00<00:00, 60.10it/s, loss=0.5137]
Epoch 71/100:  36%|███▌      | 27/76 [00:00<00:00, 60.10it/s, loss=0.4780]
Epoch 71/100:  36%|███▌      | 27/76 [00:00<00:00, 60.10it/s, loss=0.4783]
Epoch 71/100:  36%|███▌      | 27/76 [00:00<00:00, 60.10it/s, loss=0.5855]
Epoch 71/100:  36%|███▌      | 27/76 [00:00<00:00, 60.10it/s, loss=0.4566]
Epoch 71/100:  45%|████▍     | 34/76 [00:00<00:00, 59.94it/s, loss=0.4566]
Epoch 71/100:  45%|████▍     | 34/76 [00:00<00:00, 59.94it/s, loss=0.4044]
Epoch 71/100:  45%|████▍     | 34/76 [00:00<00:00, 59.94it/s, loss=0.4129]
Epoch 71/100:  45%|████▍     | 34/76 [00:00<00:00, 59.94it/s, loss=0.4284]
Epoch 71/100:  45%|████▍     | 34/76 [00:00<00:00, 59.94it/s, loss=0.6291]
Epoch 71/100:  45%|████▍     | 34/76 [00:00<00:00, 59.94it/s, loss=0.7540]
Epoch 71/100:  45%|████▍     | 34/76 [00:00<00:00, 59.94it/s, loss=0.4668]
Epoch 71/100:  45%|████▍     | 34/76 [00:00<00:00, 59.94it/s, loss=0.5357]
Epoch 71/100:  54%|█████▍    | 41/76 [00:00<00:00, 60.01it/s, loss=0.5357]
Epoch 71/100:  54%|█████▍    | 41/76 [00:00<00:00, 60.01it/s, loss=0.4618]
Epoch 71/100:  54%|█████▍    | 41/76 [00:00<00:00, 60.01it/s, loss=0.6048]
Epoch 71/100:  54%|█████▍    | 41/76 [00:00<00:00, 60.01it/s, loss=0.5777]
Epoch 71/100:  54%|█████▍    | 41/76 [00:00<00:00, 60.01it/s, loss=0.3665]
Epoch 71/100:  54%|█████▍    | 41/76 [00:00<00:00, 60.01it/s, loss=0.5112]
Epoch 71/100:  54%|█████▍    | 41/76 [00:00<00:00, 60.01it/s, loss=0.4639]
Epoch 71/100:  54%|█████▍    | 41/76 [00:00<00:00, 60.01it/s, loss=0.4497]
Epoch 71/100:  63%|██████▎   | 48/76 [00:00<00:00, 60.09it/s, loss=0.4497]
Epoch 71/100:  63%|██████▎   | 48/76 [00:00<00:00, 60.09it/s, loss=0.4464]
Epoch 71/100:  63%|██████▎   | 48/76 [00:00<00:00, 60.09it/s, loss=0.4870]
Epoch 71/100:  63%|██████▎   | 48/76 [00:00<00:00, 60.09it/s, loss=0.4183]
Epoch 71/100:  63%|██████▎   | 48/76 [00:00<00:00, 60.09it/s, loss=0.3982]
Epoch 71/100:  63%|██████▎   | 48/76 [00:00<00:00, 60.09it/s, loss=0.4300]
Epoch 71/100:  63%|██████▎   | 48/76 [00:00<00:00, 60.09it/s, loss=0.4548]
Epoch 71/100:  63%|██████▎   | 48/76 [00:00<00:00, 60.09it/s, loss=0.4399]
Epoch 71/100:  72%|███████▏  | 55/76 [00:00<00:00, 58.84it/s, loss=0.4399]
Epoch 71/100:  72%|███████▏  | 55/76 [00:00<00:00, 58.84it/s, loss=0.4009]
Epoch 71/100:  72%|███████▏  | 55/76 [00:00<00:00, 58.84it/s, loss=0.5494]
Epoch 71/100:  72%|███████▏  | 55/76 [00:00<00:00, 58.84it/s, loss=0.4363]
Epoch 71/100:  72%|███████▏  | 55/76 [00:00<00:00, 58.84it/s, loss=0.4532]
Epoch 71/100:  72%|███████▏  | 55/76 [00:01<00:00, 58.84it/s, loss=0.5231]
Epoch 71/100:  72%|███████▏  | 55/76 [00:01<00:00, 58.84it/s, loss=0.7844]
Epoch 71/100:  72%|███████▏  | 55/76 [00:01<00:00, 58.84it/s, loss=0.8287]
Epoch 71/100:  82%|████████▏ | 62/76 [00:01<00:00, 59.22it/s, loss=0.8287]
Epoch 71/100:  82%|████████▏ | 62/76 [00:01<00:00, 59.22it/s, loss=0.4758]
Epoch 71/100:  82%|████████▏ | 62/76 [00:01<00:00, 59.22it/s, loss=0.5250]
Epoch 71/100:  82%|████████▏ | 62/76 [00:01<00:00, 59.22it/s, loss=0.5526]
Epoch 71/100:  82%|████████▏ | 62/76 [00:01<00:00, 59.22it/s, loss=0.6346]
Epoch 71/100:  82%|████████▏ | 62/76 [00:01<00:00, 59.22it/s, loss=0.5365]
Epoch 71/100:  82%|████████▏ | 62/76 [00:01<00:00, 59.22it/s, loss=0.5380]
Epoch 71/100:  89%|████████▉ | 68/76 [00:01<00:00, 59.42it/s, loss=0.5380]
Epoch 71/100:  89%|████████▉ | 68/76 [00:01<00:00, 59.42it/s, loss=0.4751]
Epoch 71/100:  89%|████████▉ | 68/76 [00:01<00:00, 59.42it/s, loss=0.6685]
Epoch 71/100:  89%|████████▉ | 68/76 [00:01<00:00, 59.42it/s, loss=0.4807]
Epoch 71/100:  89%|████████▉ | 68/76 [00:01<00:00, 59.42it/s, loss=0.4310]
Epoch 71/100:  89%|████████▉ | 68/76 [00:01<00:00, 59.42it/s, loss=0.6495]
Epoch 71/100:  89%|████████▉ | 68/76 [00:01<00:00, 59.42it/s, loss=0.4277]
Epoch 71/100:  89%|████████▉ | 68/76 [00:01<00:00, 59.42it/s, loss=0.7483]
Epoch 71/100:  99%|█████████▊| 75/76 [00:01<00:00, 59.63it/s, loss=0.7483]
Epoch 71/100:  99%|█████████▊| 75/76 [00:01<00:00, 59.63it/s, loss=0.7120]
Epoch 71/100: 100%|██████████| 76/76 [00:01<00:00, 59.69it/s, loss=0.7120]
Epoch 71/100 - avg_loss: 0.4848

Epoch 72/100:   0%|          | 0/76 [00:00<?, ?it/s]
Epoch 72/100:   0%|          | 0/76 [00:00<?, ?it/s, loss=0.3332]
Epoch 72/100:   0%|          | 0/76 [00:00<?, ?it/s, loss=0.4580]
Epoch 72/100:   0%|          | 0/76 [00:00<?, ?it/s, loss=0.4807]
Epoch 72/100:   0%|          | 0/76 [00:00<?, ?it/s, loss=0.4113]
Epoch 72/100:   0%|          | 0/76 [00:00<?, ?it/s, loss=0.4130]
Epoch 72/100:   0%|          | 0/76 [00:00<?, ?it/s, loss=0.4320]
Epoch 72/100:   0%|          | 0/76 [00:00<?, ?it/s, loss=0.4968]
Epoch 72/100:   9%|▉         | 7/76 [00:00<00:01, 60.07it/s, loss=0.4968]
Epoch 72/100:   9%|▉         | 7/76 [00:00<00:01, 60.07it/s, loss=0.3951]
Epoch 72/100:   9%|▉         | 7/76 [00:00<00:01, 60.07it/s, loss=0.3232]
Epoch 72/100:   9%|▉         | 7/76 [00:00<00:01, 60.07it/s, loss=0.6427]
Epoch 72/100:   9%|▉         | 7/76 [00:00<00:01, 60.07it/s, loss=0.5776]
Epoch 72/100:   9%|▉         | 7/76 [00:00<00:01, 60.07it/s, loss=0.5540]
Epoch 72/100:   9%|▉         | 7/76 [00:00<00:01, 60.07it/s, loss=0.4151]
Epoch 72/100:   9%|▉         | 7/76 [00:00<00:01, 60.07it/s, loss=0.4302]
Epoch 72/100:  18%|█▊        | 14/76 [00:00<00:01, 59.89it/s, loss=0.4302]
Epoch 72/100:  18%|█▊        | 14/76 [00:00<00:01, 59.89it/s, loss=0.3917]
Epoch 72/100:  18%|█▊        | 14/76 [00:00<00:01, 59.89it/s, loss=0.4334]
Epoch 72/100:  18%|█▊        | 14/76 [00:00<00:01, 59.89it/s, loss=0.4548]
Epoch 72/100:  18%|█▊        | 14/76 [00:00<00:01, 59.89it/s, loss=0.4016]
Epoch 72/100:  18%|█▊        | 14/76 [00:00<00:01, 59.89it/s, loss=0.5873]
Epoch 72/100:  18%|█▊        | 14/76 [00:00<00:01, 59.89it/s, loss=0.4744]
Epoch 72/100:  26%|██▋       | 20/76 [00:00<00:00, 59.73it/s, loss=0.4744]
Epoch 72/100:  26%|██▋       | 20/76 [00:00<00:00, 59.73it/s, loss=0.2821]
Epoch 72/100:  26%|██▋       | 20/76 [00:00<00:00, 59.73it/s, loss=0.4435]
Epoch 72/100:  26%|██▋       | 20/76 [00:00<00:00, 59.73it/s, loss=0.5257]
Epoch 72/100:  26%|██▋       | 20/76 [00:00<00:00, 59.73it/s, loss=0.3666]
Epoch 72/100:  26%|██▋       | 20/76 [00:00<00:00, 59.73it/s, loss=0.2950]
Epoch 72/100:  26%|██▋       | 20/76 [00:00<00:00, 59.73it/s, loss=0.4498]
Epoch 72/100:  34%|███▍      | 26/76 [00:00<00:00, 59.82it/s, loss=0.4498]
Epoch 72/100:  34%|███▍      | 26/76 [00:00<00:00, 59.82it/s, loss=0.4546]
Epoch 72/100:  34%|███▍      | 26/76 [00:00<00:00, 59.82it/s, loss=0.4440]
Epoch 72/100:  34%|███▍      | 26/76 [00:00<00:00, 59.82it/s, loss=0.2718]
Epoch 72/100:  34%|███▍      | 26/76 [00:00<00:00, 59.82it/s, loss=0.5478]
Epoch 72/100:  34%|███▍      | 26/76 [00:00<00:00, 59.82it/s, loss=0.3937]
Epoch 72/100:  34%|███▍      | 26/76 [00:00<00:00, 59.82it/s, loss=0.5084]
Epoch 72/100:  34%|███▍      | 26/76 [00:00<00:00, 59.82it/s, loss=0.4599]
Epoch 72/100:  43%|████▎     | 33/76 [00:00<00:00, 59.92it/s, loss=0.4599]
Epoch 72/100:  43%|████▎     | 33/76 [00:00<00:00, 59.92it/s, loss=0.5024]
Epoch 72/100:  43%|████▎     | 33/76 [00:00<00:00, 59.92it/s, loss=0.4347]
Epoch 72/100:  43%|████▎     | 33/76 [00:00<00:00, 59.92it/s, loss=0.6628]
Epoch 72/100:  43%|████▎     | 33/76 [00:00<00:00, 59.92it/s, loss=0.3847]
Epoch 72/100:  43%|████▎     | 33/76 [00:00<00:00, 59.92it/s, loss=0.5554]
Epoch 72/100:  43%|████▎     | 33/76 [00:00<00:00, 59.92it/s, loss=0.4196]
Epoch 72/100:  43%|████▎     | 33/76 [00:00<00:00, 59.92it/s, loss=0.4860]
Epoch 72/100:  53%|█████▎    | 40/76 [00:00<00:00, 59.98it/s, loss=0.4860]
Epoch 72/100:  53%|█████▎    | 40/76 [00:00<00:00, 59.98it/s, loss=0.4588]
Epoch 72/100:  53%|█████▎    | 40/76 [00:00<00:00, 59.98it/s, loss=0.4672]
Epoch 72/100:  53%|█████▎    | 40/76 [00:00<00:00, 59.98it/s, loss=0.5035]
Epoch 72/100:  53%|█████▎    | 40/76 [00:00<00:00, 59.98it/s, loss=0.5690]
Epoch 72/100:  53%|█████▎    | 40/76 [00:00<00:00, 59.98it/s, loss=0.4692]
Epoch 72/100:  53%|█████▎    | 40/76 [00:00<00:00, 59.98it/s, loss=0.5085]
Epoch 72/100:  61%|██████    | 46/76 [00:00<00:00, 59.91it/s, loss=0.5085]
Epoch 72/100:  61%|██████    | 46/76 [00:00<00:00, 59.91it/s, loss=0.4233]
Epoch 72/100:  61%|██████    | 46/76 [00:00<00:00, 59.91it/s, loss=0.6281]
Epoch 72/100:  61%|██████    | 46/76 [00:00<00:00, 59.91it/s, loss=0.3289]
Epoch 72/100:  61%|██████    | 46/76 [00:00<00:00, 59.91it/s, loss=0.4589]
Epoch 72/100:  61%|██████    | 46/76 [00:00<00:00, 59.91it/s, loss=0.4254]
Epoch 72/100:  61%|██████    | 46/76 [00:00<00:00, 59.91it/s, loss=0.4600]
Epoch 72/100:  68%|██████▊   | 52/76 [00:00<00:00, 59.88it/s, loss=0.4600]
Epoch 72/100:  68%|██████▊   | 52/76 [00:00<00:00, 59.88it/s, loss=0.5006]
Epoch 72/100:  68%|██████▊   | 52/76 [00:00<00:00, 59.88it/s, loss=0.4673]
Epoch 72/100:  68%|██████▊   | 52/76 [00:00<00:00, 59.88it/s, loss=0.4652]
Epoch 72/100:  68%|██████▊   | 52/76 [00:00<00:00, 59.88it/s, loss=0.4383]
Epoch 72/100:  68%|██████▊   | 52/76 [00:00<00:00, 59.88it/s, loss=0.7251]
Epoch 72/100:  68%|██████▊   | 52/76 [00:00<00:00, 59.88it/s, loss=0.6678]
Epoch 72/100:  76%|███████▋  | 58/76 [00:00<00:00, 59.76it/s, loss=0.6678]
Epoch 72/100:  76%|███████▋  | 58/76 [00:00<00:00, 59.76it/s, loss=0.5529]
Epoch 72/100:  76%|███████▋  | 58/76 [00:01<00:00, 59.76it/s, loss=0.7171]
Epoch 72/100:  76%|███████▋  | 58/76 [00:01<00:00, 59.76it/s, loss=0.4895]
Epoch 72/100:  76%|███████▋  | 58/76 [00:01<00:00, 59.76it/s, loss=0.5249]
Epoch 72/100:  76%|███████▋  | 58/76 [00:01<00:00, 59.76it/s, loss=0.5622]
Epoch 72/100:  76%|███████▋  | 58/76 [00:01<00:00, 59.76it/s, loss=0.4118]
Epoch 72/100:  84%|████████▍ | 64/76 [00:01<00:00, 59.44it/s, loss=0.4118]
Epoch 72/100:  84%|████████▍ | 64/76 [00:01<00:00, 59.44it/s, loss=0.5038]
Epoch 72/100:  84%|████████▍ | 64/76 [00:01<00:00, 59.44it/s, loss=0.4821]
Epoch 72/100:  84%|████████▍ | 64/76 [00:01<00:00, 59.44it/s, loss=0.4856]
Epoch 72/100:  84%|████████▍ | 64/76 [00:01<00:00, 59.44it/s, loss=0.5277]
Epoch 72/100:  84%|████████▍ | 64/76 [00:01<00:00, 59.44it/s, loss=0.5067]
Epoch 72/100:  84%|████████▍ | 64/76 [00:01<00:00, 59.44it/s, loss=0.6277]
Epoch 72/100:  84%|████████▍ | 64/76 [00:01<00:00, 59.44it/s, loss=0.4004]
Epoch 72/100:  93%|█████████▎| 71/76 [00:01<00:00, 59.62it/s, loss=0.4004]
Epoch 72/100:  93%|█████████▎| 71/76 [00:01<00:00, 59.62it/s, loss=0.5888]
Epoch 72/100:  93%|█████████▎| 71/76 [00:01<00:00, 59.62it/s, loss=0.4492]
Epoch 72/100:  93%|█████████▎| 71/76 [00:01<00:00, 59.62it/s, loss=0.5805]
Epoch 72/100:  93%|█████████▎| 71/76 [00:01<00:00, 59.62it/s, loss=0.5057]
Epoch 72/100:  93%|█████████▎| 71/76 [00:01<00:00, 59.62it/s, loss=0.6527]
Epoch 72/100: 100%|██████████| 76/76 [00:01<00:00, 59.79it/s, loss=0.6527]
Epoch 72/100 - avg_loss: 0.4806

Epoch 73/100:   0%|          | 0/76 [00:00<?, ?it/s]
Epoch 73/100:   0%|          | 0/76 [00:00<?, ?it/s, loss=0.3886]
Epoch 73/100:   0%|          | 0/76 [00:00<?, ?it/s, loss=0.4573]
Epoch 73/100:   0%|          | 0/76 [00:00<?, ?it/s, loss=0.4310]
Epoch 73/100:   0%|          | 0/76 [00:00<?, ?it/s, loss=0.3688]
Epoch 73/100:   0%|          | 0/76 [00:00<?, ?it/s, loss=0.5300]
Epoch 73/100:   0%|          | 0/76 [00:00<?, ?it/s, loss=0.4938]
Epoch 73/100:   0%|          | 0/76 [00:00<?, ?it/s, loss=0.3372]
Epoch 73/100:   9%|▉         | 7/76 [00:00<00:01, 60.27it/s, loss=0.3372]
Epoch 73/100:   9%|▉         | 7/76 [00:00<00:01, 60.27it/s, loss=0.6328]
Epoch 73/100:   9%|▉         | 7/76 [00:00<00:01, 60.27it/s, loss=0.4126]
Epoch 73/100:   9%|▉         | 7/76 [00:00<00:01, 60.27it/s, loss=0.4749]
Epoch 73/100:   9%|▉         | 7/76 [00:00<00:01, 60.27it/s, loss=0.5939]
Epoch 73/100:   9%|▉         | 7/76 [00:00<00:01, 60.27it/s, loss=0.3756]
Epoch 73/100:   9%|▉         | 7/76 [00:00<00:01, 60.27it/s, loss=0.4863]
Epoch 73/100:   9%|▉         | 7/76 [00:00<00:01, 60.27it/s, loss=0.4288]
Epoch 73/100:  18%|█▊        | 14/76 [00:00<00:01, 60.02it/s, loss=0.4288]
Epoch 73/100:  18%|█▊        | 14/76 [00:00<00:01, 60.02it/s, loss=0.3790]
Epoch 73/100:  18%|█▊        | 14/76 [00:00<00:01, 60.02it/s, loss=0.3245]
Epoch 73/100:  18%|█▊        | 14/76 [00:00<00:01, 60.02it/s, loss=0.4456]
Epoch 73/100:  18%|█▊        | 14/76 [00:00<00:01, 60.02it/s, loss=0.4514]
Epoch 73/100:  18%|█▊        | 14/76 [00:00<00:01, 60.02it/s, loss=0.6302]
Epoch 73/100:  18%|█▊        | 14/76 [00:00<00:01, 60.02it/s, loss=0.4305]
Epoch 73/100:  18%|█▊        | 14/76 [00:00<00:01, 60.02it/s, loss=0.4573]
Epoch 73/100:  28%|██▊       | 21/76 [00:00<00:00, 59.99it/s, loss=0.4573]
Epoch 73/100:  28%|██▊       | 21/76 [00:00<00:00, 59.99it/s, loss=0.5450]
Epoch 73/100:  28%|██▊       | 21/76 [00:00<00:00, 59.99it/s, loss=0.4144]
Epoch 73/100:  28%|██▊       | 21/76 [00:00<00:00, 59.99it/s, loss=0.5036]
Epoch 73/100:  28%|██▊       | 21/76 [00:00<00:00, 59.99it/s, loss=0.4031]
Epoch 73/100:  28%|██▊       | 21/76 [00:00<00:00, 59.99it/s, loss=0.2467]
Epoch 73/100:  28%|██▊       | 21/76 [00:00<00:00, 59.99it/s, loss=0.3908]
Epoch 73/100:  28%|██▊       | 21/76 [00:00<00:00, 59.99it/s, loss=0.3674]
Epoch 73/100:  37%|███▋      | 28/76 [00:00<00:00, 60.01it/s, loss=0.3674]
Epoch 73/100:  37%|███▋      | 28/76 [00:00<00:00, 60.01it/s, loss=0.4710]
Epoch 73/100:  37%|███▋      | 28/76 [00:00<00:00, 60.01it/s, loss=0.3135]
Epoch 73/100:  37%|███▋      | 28/76 [00:00<00:00, 60.01it/s, loss=0.4826]
Epoch 73/100:  37%|███▋      | 28/76 [00:00<00:00, 60.01it/s, loss=0.5071]
Epoch 73/100:  37%|███▋      | 28/76 [00:00<00:00, 60.01it/s, loss=0.5378]
Epoch 73/100:  37%|███▋      | 28/76 [00:00<00:00, 60.01it/s, loss=0.6188]
Epoch 73/100:  37%|███▋      | 28/76 [00:00<00:00, 60.01it/s, loss=0.4876]
Epoch 73/100:  46%|████▌     | 35/76 [00:00<00:00, 59.96it/s, loss=0.4876]
Epoch 73/100:  46%|████▌     | 35/76 [00:00<00:00, 59.96it/s, loss=0.4782]
Epoch 73/100:  46%|████▌     | 35/76 [00:00<00:00, 59.96it/s, loss=0.6195]
Epoch 73/100:  46%|████▌     | 35/76 [00:00<00:00, 59.96it/s, loss=0.5472]
Epoch 73/100:  46%|████▌     | 35/76 [00:00<00:00, 59.96it/s, loss=0.4454]
Epoch 73/100:  46%|████▌     | 35/76 [00:00<00:00, 59.96it/s, loss=0.3974]
Epoch 73/100:  46%|████▌     | 35/76 [00:00<00:00, 59.96it/s, loss=0.3269]
Epoch 73/100:  54%|█████▍    | 41/76 [00:00<00:00, 59.96it/s, loss=0.3269]
Epoch 73/100:  54%|█████▍    | 41/76 [00:00<00:00, 59.96it/s, loss=0.4218]
Epoch 73/100:  54%|█████▍    | 41/76 [00:00<00:00, 59.96it/s, loss=0.5045]
Epoch 73/100:  54%|█████▍    | 41/76 [00:00<00:00, 59.96it/s, loss=0.4569]
Epoch 73/100:  54%|█████▍    | 41/76 [00:00<00:00, 59.96it/s, loss=0.5108]
Epoch 73/100:  54%|█████▍    | 41/76 [00:00<00:00, 59.96it/s, loss=0.4031]
Epoch 73/100:  54%|█████▍    | 41/76 [00:00<00:00, 59.96it/s, loss=0.5474]
Epoch 73/100:  54%|█████▍    | 41/76 [00:00<00:00, 59.96it/s, loss=0.6160]
Epoch 73/100:  63%|██████▎   | 48/76 [00:00<00:00, 59.98it/s, loss=0.6160]
Epoch 73/100:  63%|██████▎   | 48/76 [00:00<00:00, 59.98it/s, loss=0.5103]
Epoch 73/100:  63%|██████▎   | 48/76 [00:00<00:00, 59.98it/s, loss=0.4268]
Epoch 73/100:  63%|██████▎   | 48/76 [00:00<00:00, 59.98it/s, loss=0.3229]
Epoch 73/100:  63%|██████▎   | 48/76 [00:00<00:00, 59.98it/s, loss=0.3452]
Epoch 73/100:  63%|██████▎   | 48/76 [00:00<00:00, 59.98it/s, loss=0.5043]
Epoch 73/100:  63%|██████▎   | 48/76 [00:00<00:00, 59.98it/s, loss=0.4397]
Epoch 73/100:  71%|███████   | 54/76 [00:00<00:00, 59.97it/s, loss=0.4397]
Epoch 73/100:  71%|███████   | 54/76 [00:00<00:00, 59.97it/s, loss=0.5595]
Epoch 73/100:  71%|███████   | 54/76 [00:00<00:00, 59.97it/s, loss=0.5175]
Epoch 73/100:  71%|███████   | 54/76 [00:00<00:00, 59.97it/s, loss=0.6152]
Epoch 73/100:  71%|███████   | 54/76 [00:00<00:00, 59.97it/s, loss=0.3496]
Epoch 73/100:  71%|███████   | 54/76 [00:00<00:00, 59.97it/s, loss=0.5639]
Epoch 73/100:  71%|███████   | 54/76 [00:01<00:00, 59.97it/s, loss=0.3791]
Epoch 73/100:  71%|███████   | 54/76 [00:01<00:00, 59.97it/s, loss=0.6009]
Epoch 73/100:  80%|████████  | 61/76 [00:01<00:00, 59.99it/s, loss=0.6009]
Epoch 73/100:  80%|████████  | 61/76 [00:01<00:00, 59.99it/s, loss=0.6208]
Epoch 73/100:  80%|████████  | 61/76 [00:01<00:00, 59.99it/s, loss=0.5433]
Epoch 73/100:  80%|████████  | 61/76 [00:01<00:00, 59.99it/s, loss=0.4433]
Epoch 73/100:  80%|████████  | 61/76 [00:01<00:00, 59.99it/s, loss=0.5010]
Epoch 73/100:  80%|████████  | 61/76 [00:01<00:00, 59.99it/s, loss=0.3976]
Epoch 73/100:  80%|████████  | 61/76 [00:01<00:00, 59.99it/s, loss=0.5985]
Epoch 73/100:  88%|████████▊ | 67/76 [00:01<00:00, 59.91it/s, loss=0.5985]
Epoch 73/100:  88%|████████▊ | 67/76 [00:01<00:00, 59.91it/s, loss=0.5320]
Epoch 73/100:  88%|████████▊ | 67/76 [00:01<00:00, 59.91it/s, loss=0.5517]
Epoch 73/100:  88%|████████▊ | 67/76 [00:01<00:00, 59.91it/s, loss=0.6184]
Epoch 73/100:  88%|████████▊ | 67/76 [00:01<00:00, 59.91it/s, loss=0.3408]
Epoch 73/100:  88%|████████▊ | 67/76 [00:01<00:00, 59.91it/s, loss=0.4297]
Epoch 73/100:  88%|████████▊ | 67/76 [00:01<00:00, 59.91it/s, loss=0.6107]
Epoch 73/100:  96%|█████████▌| 73/76 [00:01<00:00, 59.91it/s, loss=0.6107]
Epoch 73/100:  96%|█████████▌| 73/76 [00:01<00:00, 59.91it/s, loss=0.7608]
Epoch 73/100:  96%|█████████▌| 73/76 [00:01<00:00, 59.91it/s, loss=0.5827]
Epoch 73/100:  96%|█████████▌| 73/76 [00:01<00:00, 59.91it/s, loss=0.3434]
Epoch 73/100: 100%|██████████| 76/76 [00:01<00:00, 59.97it/s, loss=0.3434]
Epoch 73/100 - avg_loss: 0.4751

Epoch 74/100:   0%|          | 0/76 [00:00<?, ?it/s]
Epoch 74/100:   0%|          | 0/76 [00:00<?, ?it/s, loss=0.4484]
Epoch 74/100:   0%|          | 0/76 [00:00<?, ?it/s, loss=0.4815]
Epoch 74/100:   0%|          | 0/76 [00:00<?, ?it/s, loss=0.5122]
Epoch 74/100:   0%|          | 0/76 [00:00<?, ?it/s, loss=0.2704]
Epoch 74/100:   0%|          | 0/76 [00:00<?, ?it/s, loss=0.3119]
Epoch 74/100:   0%|          | 0/76 [00:00<?, ?it/s, loss=0.3280]
Epoch 74/100:   0%|          | 0/76 [00:00<?, ?it/s, loss=0.3779]
Epoch 74/100:   9%|▉         | 7/76 [00:00<00:01, 60.11it/s, loss=0.3779]
Epoch 74/100:   9%|▉         | 7/76 [00:00<00:01, 60.11it/s, loss=0.4789]
Epoch 74/100:   9%|▉         | 7/76 [00:00<00:01, 60.11it/s, loss=0.2825]
Epoch 74/100:   9%|▉         | 7/76 [00:00<00:01, 60.11it/s, loss=0.6055]
Epoch 74/100:   9%|▉         | 7/76 [00:00<00:01, 60.11it/s, loss=0.4193]
Epoch 74/100:   9%|▉         | 7/76 [00:00<00:01, 60.11it/s, loss=0.4864]
Epoch 74/100:   9%|▉         | 7/76 [00:00<00:01, 60.11it/s, loss=0.4693]
Epoch 74/100:   9%|▉         | 7/76 [00:00<00:01, 60.11it/s, loss=0.4167]
Epoch 74/100:  18%|█▊        | 14/76 [00:00<00:01, 60.01it/s, loss=0.4167]
Epoch 74/100:  18%|█▊        | 14/76 [00:00<00:01, 60.01it/s, loss=0.5046]
Epoch 74/100:  18%|█▊        | 14/76 [00:00<00:01, 60.01it/s, loss=0.4901]
Epoch 74/100:  18%|█▊        | 14/76 [00:00<00:01, 60.01it/s, loss=0.3023]
Epoch 74/100:  18%|█▊        | 14/76 [00:00<00:01, 60.01it/s, loss=0.4000]
Epoch 74/100:  18%|█▊        | 14/76 [00:00<00:01, 60.01it/s, loss=0.5270]
Epoch 74/100:  18%|█▊        | 14/76 [00:00<00:01, 60.01it/s, loss=0.3024]
Epoch 74/100:  18%|█▊        | 14/76 [00:00<00:01, 60.01it/s, loss=0.4243]
Epoch 74/100:  28%|██▊       | 21/76 [00:00<00:00, 60.02it/s, loss=0.4243]
Epoch 74/100:  28%|██▊       | 21/76 [00:00<00:00, 60.02it/s, loss=0.4677]
Epoch 74/100:  28%|██▊       | 21/76 [00:00<00:00, 60.02it/s, loss=0.6037]
Epoch 74/100:  28%|██▊       | 21/76 [00:00<00:00, 60.02it/s, loss=0.4697]
Epoch 74/100:  28%|██▊       | 21/76 [00:00<00:00, 60.02it/s, loss=0.5373]
Epoch 74/100:  28%|██▊       | 21/76 [00:00<00:00, 60.02it/s, loss=0.3740]
Epoch 74/100:  28%|██▊       | 21/76 [00:00<00:00, 60.02it/s, loss=0.4952]
Epoch 74/100:  28%|██▊       | 21/76 [00:00<00:00, 60.02it/s, loss=0.5089]
Epoch 74/100:  37%|███▋      | 28/76 [00:00<00:00, 59.99it/s, loss=0.5089]
Epoch 74/100:  37%|███▋      | 28/76 [00:00<00:00, 59.99it/s, loss=0.4848]
Epoch 74/100:  37%|███▋      | 28/76 [00:00<00:00, 59.99it/s, loss=0.5027]
Epoch 74/100:  37%|███▋      | 28/76 [00:00<00:00, 59.99it/s, loss=0.4745]
Epoch 74/100:  37%|███▋      | 28/76 [00:00<00:00, 59.99it/s, loss=0.4464]
Epoch 74/100:  37%|███▋      | 28/76 [00:00<00:00, 59.99it/s, loss=0.3110]
Epoch 74/100:  37%|███▋      | 28/76 [00:00<00:00, 59.99it/s, loss=0.3718]
Epoch 74/100:  45%|████▍     | 34/76 [00:00<00:00, 59.99it/s, loss=0.3718]
Epoch 74/100:  45%|████▍     | 34/76 [00:00<00:00, 59.99it/s, loss=0.3665]
Epoch 74/100:  45%|████▍     | 34/76 [00:00<00:00, 59.99it/s, loss=0.3036]
Epoch 74/100:  45%|████▍     | 34/76 [00:00<00:00, 59.99it/s, loss=0.4945]
Epoch 74/100:  45%|████▍     | 34/76 [00:00<00:00, 59.99it/s, loss=0.5593]
Epoch 74/100:  45%|████▍     | 34/76 [00:00<00:00, 59.99it/s, loss=0.3980]
Epoch 74/100:  45%|████▍     | 34/76 [00:00<00:00, 59.99it/s, loss=0.4921]
Epoch 74/100:  53%|█████▎    | 40/76 [00:00<00:00, 59.93it/s, loss=0.4921]
Epoch 74/100:  53%|█████▎    | 40/76 [00:00<00:00, 59.93it/s, loss=0.3277]
Epoch 74/100:  53%|█████▎    | 40/76 [00:00<00:00, 59.93it/s, loss=0.4518]
Epoch 74/100:  53%|█████▎    | 40/76 [00:00<00:00, 59.93it/s, loss=0.3896]
Epoch 74/100:  53%|█████▎    | 40/76 [00:00<00:00, 59.93it/s, loss=0.5160]
Epoch 74/100:  53%|█████▎    | 40/76 [00:00<00:00, 59.93it/s, loss=0.4375]
Epoch 74/100:  53%|█████▎    | 40/76 [00:00<00:00, 59.93it/s, loss=0.5474]
Epoch 74/100:  61%|██████    | 46/76 [00:00<00:00, 59.84it/s, loss=0.5474]
Epoch 74/100:  61%|██████    | 46/76 [00:00<00:00, 59.84it/s, loss=0.4742]
Epoch 74/100:  61%|██████    | 46/76 [00:00<00:00, 59.84it/s, loss=0.5252]
Epoch 74/100:  61%|██████    | 46/76 [00:00<00:00, 59.84it/s, loss=0.5733]
Epoch 74/100:  61%|██████    | 46/76 [00:00<00:00, 59.84it/s, loss=0.4107]
Epoch 74/100:  61%|██████    | 46/76 [00:00<00:00, 59.84it/s, loss=0.7111]
Epoch 74/100:  61%|██████    | 46/76 [00:00<00:00, 59.84it/s, loss=0.6302]
Epoch 74/100:  68%|██████▊   | 52/76 [00:00<00:00, 59.80it/s, loss=0.6302]
Epoch 74/100:  68%|██████▊   | 52/76 [00:00<00:00, 59.80it/s, loss=0.3590]
Epoch 74/100:  68%|██████▊   | 52/76 [00:00<00:00, 59.80it/s, loss=0.6974]
Epoch 74/100:  68%|██████▊   | 52/76 [00:00<00:00, 59.80it/s, loss=0.4104]
Epoch 74/100:  68%|██████▊   | 52/76 [00:00<00:00, 59.80it/s, loss=0.5356]
Epoch 74/100:  68%|██████▊   | 52/76 [00:00<00:00, 59.80it/s, loss=0.5816]
Epoch 74/100:  68%|██████▊   | 52/76 [00:00<00:00, 59.80it/s, loss=0.5813]
Epoch 74/100:  68%|██████▊   | 52/76 [00:00<00:00, 59.80it/s, loss=0.4484]
Epoch 74/100:  78%|███████▊  | 59/76 [00:00<00:00, 59.88it/s, loss=0.4484]
Epoch 74/100:  78%|███████▊  | 59/76 [00:01<00:00, 59.88it/s, loss=0.4893]
Epoch 74/100:  78%|███████▊  | 59/76 [00:01<00:00, 59.88it/s, loss=0.3544]
Epoch 74/100:  78%|███████▊  | 59/76 [00:01<00:00, 59.88it/s, loss=0.4607]
Epoch 74/100:  78%|███████▊  | 59/76 [00:01<00:00, 59.88it/s, loss=0.2921]
Epoch 74/100:  78%|███████▊  | 59/76 [00:01<00:00, 59.88it/s, loss=0.5602]
Epoch 74/100:  78%|███████▊  | 59/76 [00:01<00:00, 59.88it/s, loss=0.4854]
Epoch 74/100:  78%|███████▊  | 59/76 [00:01<00:00, 59.88it/s, loss=0.3486]
Epoch 74/100:  87%|████████▋ | 66/76 [00:01<00:00, 59.94it/s, loss=0.3486]
Epoch 74/100:  87%|████████▋ | 66/76 [00:01<00:00, 59.94it/s, loss=0.3634]
Epoch 74/100:  87%|████████▋ | 66/76 [00:01<00:00, 59.94it/s, loss=0.4267]
Epoch 74/100:  87%|████████▋ | 66/76 [00:01<00:00, 59.94it/s, loss=0.5254]
Epoch 74/100:  87%|████████▋ | 66/76 [00:01<00:00, 59.94it/s, loss=0.6125]
Epoch 74/100:  87%|████████▋ | 66/76 [00:01<00:00, 59.94it/s, loss=0.4461]
Epoch 74/100:  87%|████████▋ | 66/76 [00:01<00:00, 59.94it/s, loss=0.6287]
Epoch 74/100:  87%|████████▋ | 66/76 [00:01<00:00, 59.94it/s, loss=0.5767]
Epoch 74/100:  96%|█████████▌| 73/76 [00:01<00:00, 59.97it/s, loss=0.5767]
Epoch 74/100:  96%|█████████▌| 73/76 [00:01<00:00, 59.97it/s, loss=0.4938]
Epoch 74/100:  96%|█████████▌| 73/76 [00:01<00:00, 59.97it/s, loss=0.6116]
Epoch 74/100:  96%|█████████▌| 73/76 [00:01<00:00, 59.97it/s, loss=0.5112]
Epoch 74/100: 100%|██████████| 76/76 [00:01<00:00, 59.94it/s, loss=0.5112]
Epoch 74/100 - avg_loss: 0.4644

Epoch 75/100:   0%|          | 0/76 [00:00<?, ?it/s]
Epoch 75/100:   0%|          | 0/76 [00:00<?, ?it/s, loss=0.4295]
Epoch 75/100:   0%|          | 0/76 [00:00<?, ?it/s, loss=0.4798]
Epoch 75/100:   0%|          | 0/76 [00:00<?, ?it/s, loss=0.5318]
Epoch 75/100:   0%|          | 0/76 [00:00<?, ?it/s, loss=0.3819]
Epoch 75/100:   0%|          | 0/76 [00:00<?, ?it/s, loss=0.4160]
Epoch 75/100:   0%|          | 0/76 [00:00<?, ?it/s, loss=0.4102]
Epoch 75/100:   0%|          | 0/76 [00:00<?, ?it/s, loss=0.3694]
Epoch 75/100:   9%|▉         | 7/76 [00:00<00:01, 60.12it/s, loss=0.3694]
Epoch 75/100:   9%|▉         | 7/76 [00:00<00:01, 60.12it/s, loss=0.3890]
Epoch 75/100:   9%|▉         | 7/76 [00:00<00:01, 60.12it/s, loss=0.2679]
Epoch 75/100:   9%|▉         | 7/76 [00:00<00:01, 60.12it/s, loss=0.5320]
Epoch 75/100:   9%|▉         | 7/76 [00:00<00:01, 60.12it/s, loss=0.4686]
Epoch 75/100:   9%|▉         | 7/76 [00:00<00:01, 60.12it/s, loss=0.4351]
Epoch 75/100:   9%|▉         | 7/76 [00:00<00:01, 60.12it/s, loss=0.4522]
Epoch 75/100:   9%|▉         | 7/76 [00:00<00:01, 60.12it/s, loss=0.3621]
Epoch 75/100:  18%|█▊        | 14/76 [00:00<00:01, 60.06it/s, loss=0.3621]
Epoch 75/100:  18%|█▊        | 14/76 [00:00<00:01, 60.06it/s, loss=0.4580]
Epoch 75/100:  18%|█▊        | 14/76 [00:00<00:01, 60.06it/s, loss=0.2376]
Epoch 75/100:  18%|█▊        | 14/76 [00:00<00:01, 60.06it/s, loss=0.2994]
Epoch 75/100:  18%|█▊        | 14/76 [00:00<00:01, 60.06it/s, loss=0.3783]
Epoch 75/100:  18%|█▊        | 14/76 [00:00<00:01, 60.06it/s, loss=0.4991]
Epoch 75/100:  18%|█▊        | 14/76 [00:00<00:01, 60.06it/s, loss=0.3803]
Epoch 75/100:  18%|█▊        | 14/76 [00:00<00:01, 60.06it/s, loss=0.3189]
Epoch 75/100:  28%|██▊       | 21/76 [00:00<00:00, 60.01it/s, loss=0.3189]
Epoch 75/100:  28%|██▊       | 21/76 [00:00<00:00, 60.01it/s, loss=0.5216]
Epoch 75/100:  28%|██▊       | 21/76 [00:00<00:00, 60.01it/s, loss=0.5952]
Epoch 75/100:  28%|██▊       | 21/76 [00:00<00:00, 60.01it/s, loss=0.3380]
Epoch 75/100:  28%|██▊       | 21/76 [00:00<00:00, 60.01it/s, loss=0.4656]
Epoch 75/100:  28%|██▊       | 21/76 [00:00<00:00, 60.01it/s, loss=0.3769]
Epoch 75/100:  28%|██▊       | 21/76 [00:00<00:00, 60.01it/s, loss=0.5281]
Epoch 75/100:  28%|██▊       | 21/76 [00:00<00:00, 60.01it/s, loss=0.4848]
Epoch 75/100:  37%|███▋      | 28/76 [00:00<00:00, 59.86it/s, loss=0.4848]
Epoch 75/100:  37%|███▋      | 28/76 [00:00<00:00, 59.86it/s, loss=0.4835]
Epoch 75/100:  37%|███▋      | 28/76 [00:00<00:00, 59.86it/s, loss=0.4917]
Epoch 75/100:  37%|███▋      | 28/76 [00:00<00:00, 59.86it/s, loss=0.4797]
Epoch 75/100:  37%|███▋      | 28/76 [00:00<00:00, 59.86it/s, loss=0.3330]
Epoch 75/100:  37%|███▋      | 28/76 [00:00<00:00, 59.86it/s, loss=0.5115]
Epoch 75/100:  37%|███▋      | 28/76 [00:00<00:00, 59.86it/s, loss=0.3773]
Epoch 75/100:  45%|████▍     | 34/76 [00:00<00:00, 59.86it/s, loss=0.3773]
Epoch 75/100:  45%|████▍     | 34/76 [00:00<00:00, 59.86it/s, loss=0.5081]
Epoch 75/100:  45%|████▍     | 34/76 [00:00<00:00, 59.86it/s, loss=0.4008]
Epoch 75/100:  45%|████▍     | 34/76 [00:00<00:00, 59.86it/s, loss=0.5805]
Epoch 75/100:  45%|████▍     | 34/76 [00:00<00:00, 59.86it/s, loss=0.5208]
Epoch 75/100:  45%|████▍     | 34/76 [00:00<00:00, 59.86it/s, loss=0.5051]
Epoch 75/100:  45%|████▍     | 34/76 [00:00<00:00, 59.86it/s, loss=0.3929]
Epoch 75/100:  45%|████▍     | 34/76 [00:00<00:00, 59.86it/s, loss=0.4725]
Epoch 75/100:  54%|█████▍    | 41/76 [00:00<00:00, 59.92it/s, loss=0.4725]
Epoch 75/100:  54%|█████▍    | 41/76 [00:00<00:00, 59.92it/s, loss=0.4067]
Epoch 75/100:  54%|█████▍    | 41/76 [00:00<00:00, 59.92it/s, loss=0.5065]
Epoch 75/100:  54%|█████▍    | 41/76 [00:00<00:00, 59.92it/s, loss=0.4152]
Epoch 75/100:  54%|█████▍    | 41/76 [00:00<00:00, 59.92it/s, loss=0.4202]
Epoch 75/100:  54%|█████▍    | 41/76 [00:00<00:00, 59.92it/s, loss=0.4714]
Epoch 75/100:  54%|█████▍    | 41/76 [00:00<00:00, 59.92it/s, loss=0.5520]
Epoch 75/100:  54%|█████▍    | 41/76 [00:00<00:00, 59.92it/s, loss=0.7574]
Epoch 75/100:  63%|██████▎   | 48/76 [00:00<00:00, 60.01it/s, loss=0.7574]
Epoch 75/100:  63%|██████▎   | 48/76 [00:00<00:00, 60.01it/s, loss=0.4023]
Epoch 75/100:  63%|██████▎   | 48/76 [00:00<00:00, 60.01it/s, loss=0.3458]
Epoch 75/100:  63%|██████▎   | 48/76 [00:00<00:00, 60.01it/s, loss=0.5990]
Epoch 75/100:  63%|██████▎   | 48/76 [00:00<00:00, 60.01it/s, loss=0.4889]
Epoch 75/100:  63%|██████▎   | 48/76 [00:00<00:00, 60.01it/s, loss=0.5980]
Epoch 75/100:  63%|██████▎   | 48/76 [00:00<00:00, 60.01it/s, loss=0.5705]
Epoch 75/100:  63%|██████▎   | 48/76 [00:00<00:00, 60.01it/s, loss=0.5542]
Epoch 75/100:  72%|███████▏  | 55/76 [00:00<00:00, 60.49it/s, loss=0.5542]
Epoch 75/100:  72%|███████▏  | 55/76 [00:00<00:00, 60.49it/s, loss=0.5067]
Epoch 75/100:  72%|███████▏  | 55/76 [00:00<00:00, 60.49it/s, loss=0.5467]
Epoch 75/100:  72%|███████▏  | 55/76 [00:00<00:00, 60.49it/s, loss=0.5764]
Epoch 75/100:  72%|███████▏  | 55/76 [00:00<00:00, 60.49it/s, loss=0.7438]
Epoch 75/100:  72%|███████▏  | 55/76 [00:00<00:00, 60.49it/s, loss=0.5621]
Epoch 75/100:  72%|███████▏  | 55/76 [00:01<00:00, 60.49it/s, loss=0.4779]
Epoch 75/100:  72%|███████▏  | 55/76 [00:01<00:00, 60.49it/s, loss=0.5519]
Epoch 75/100:  82%|████████▏ | 62/76 [00:01<00:00, 60.22it/s, loss=0.5519]
Epoch 75/100:  82%|████████▏ | 62/76 [00:01<00:00, 60.22it/s, loss=0.4041]
Epoch 75/100:  82%|████████▏ | 62/76 [00:01<00:00, 60.22it/s, loss=0.5928]
Epoch 75/100:  82%|████████▏ | 62/76 [00:01<00:00, 60.22it/s, loss=0.5698]
Epoch 75/100:  82%|████████▏ | 62/76 [00:01<00:00, 60.22it/s, loss=0.5107]
Epoch 75/100:  82%|████████▏ | 62/76 [00:01<00:00, 60.22it/s, loss=0.5561]
Epoch 75/100:  82%|████████▏ | 62/76 [00:01<00:00, 60.22it/s, loss=0.4172]
Epoch 75/100:  82%|████████▏ | 62/76 [00:01<00:00, 60.22it/s, loss=0.3953]
Epoch 75/100:  91%|█████████ | 69/76 [00:01<00:00, 60.10it/s, loss=0.3953]
Epoch 75/100:  91%|█████████ | 69/76 [00:01<00:00, 60.10it/s, loss=0.5892]
Epoch 75/100:  91%|█████████ | 69/76 [00:01<00:00, 60.10it/s, loss=0.3262]
Epoch 75/100:  91%|█████████ | 69/76 [00:01<00:00, 60.10it/s, loss=0.6068]
Epoch 75/100:  91%|█████████ | 69/76 [00:01<00:00, 60.10it/s, loss=0.5915]
Epoch 75/100:  91%|█████████ | 69/76 [00:01<00:00, 60.10it/s, loss=0.3748]
Epoch 75/100:  91%|█████████ | 69/76 [00:01<00:00, 60.10it/s, loss=0.4893]
Epoch 75/100:  91%|█████████ | 69/76 [00:01<00:00, 60.10it/s, loss=0.4622]
Epoch 75/100: 100%|██████████| 76/76 [00:01<00:00, 60.12it/s, loss=0.4622]
Epoch 75/100: 100%|██████████| 76/76 [00:01<00:00, 60.08it/s, loss=0.4622]
Epoch 75/100 - avg_loss: 0.4711

Epoch 76/100:   0%|          | 0/76 [00:00<?, ?it/s]
Epoch 76/100:   0%|          | 0/76 [00:00<?, ?it/s, loss=0.4152]
Epoch 76/100:   0%|          | 0/76 [00:00<?, ?it/s, loss=0.4183]
Epoch 76/100:   0%|          | 0/76 [00:00<?, ?it/s, loss=0.3596]
Epoch 76/100:   0%|          | 0/76 [00:00<?, ?it/s, loss=0.4634]
Epoch 76/100:   0%|          | 0/76 [00:00<?, ?it/s, loss=0.3362]
Epoch 76/100:   0%|          | 0/76 [00:00<?, ?it/s, loss=0.4472]
Epoch 76/100:   0%|          | 0/76 [00:00<?, ?it/s, loss=0.4002]
Epoch 76/100:   9%|▉         | 7/76 [00:00<00:01, 60.13it/s, loss=0.4002]
Epoch 76/100:   9%|▉         | 7/76 [00:00<00:01, 60.13it/s, loss=0.4270]
Epoch 76/100:   9%|▉         | 7/76 [00:00<00:01, 60.13it/s, loss=0.4305]
Epoch 76/100:   9%|▉         | 7/76 [00:00<00:01, 60.13it/s, loss=0.3715]
Epoch 76/100:   9%|▉         | 7/76 [00:00<00:01, 60.13it/s, loss=0.3207]
Epoch 76/100:   9%|▉         | 7/76 [00:00<00:01, 60.13it/s, loss=0.6738]
Epoch 76/100:   9%|▉         | 7/76 [00:00<00:01, 60.13it/s, loss=0.3858]
Epoch 76/100:   9%|▉         | 7/76 [00:00<00:01, 60.13it/s, loss=0.4331]
Epoch 76/100:  18%|█▊        | 14/76 [00:00<00:01, 59.99it/s, loss=0.4331]
Epoch 76/100:  18%|█▊        | 14/76 [00:00<00:01, 59.99it/s, loss=0.3243]
Epoch 76/100:  18%|█▊        | 14/76 [00:00<00:01, 59.99it/s, loss=0.4346]
Epoch 76/100:  18%|█▊        | 14/76 [00:00<00:01, 59.99it/s, loss=0.3539]
Epoch 76/100:  18%|█▊        | 14/76 [00:00<00:01, 59.99it/s, loss=0.4117]
Epoch 76/100:  18%|█▊        | 14/76 [00:00<00:01, 59.99it/s, loss=0.3538]
Epoch 76/100:  18%|█▊        | 14/76 [00:00<00:01, 59.99it/s, loss=0.3932]
Epoch 76/100:  18%|█▊        | 14/76 [00:00<00:01, 59.99it/s, loss=0.3785]
Epoch 76/100:  28%|██▊       | 21/76 [00:00<00:00, 59.99it/s, loss=0.3785]
Epoch 76/100:  28%|██▊       | 21/76 [00:00<00:00, 59.99it/s, loss=0.4597]
Epoch 76/100:  28%|██▊       | 21/76 [00:00<00:00, 59.99it/s, loss=0.5361]
Epoch 76/100:  28%|██▊       | 21/76 [00:00<00:00, 59.99it/s, loss=0.4724]
Epoch 76/100:  28%|██▊       | 21/76 [00:00<00:00, 59.99it/s, loss=0.5190]
Epoch 76/100:  28%|██▊       | 21/76 [00:00<00:00, 59.99it/s, loss=0.5250]
Epoch 76/100:  28%|██▊       | 21/76 [00:00<00:00, 59.99it/s, loss=0.5693]
Epoch 76/100:  36%|███▌      | 27/76 [00:00<00:00, 59.96it/s, loss=0.5693]
Epoch 76/100:  36%|███▌      | 27/76 [00:00<00:00, 59.96it/s, loss=0.4254]
Epoch 76/100:  36%|███▌      | 27/76 [00:00<00:00, 59.96it/s, loss=0.4395]
Epoch 76/100:  36%|███▌      | 27/76 [00:00<00:00, 59.96it/s, loss=0.5117]
Epoch 76/100:  36%|███▌      | 27/76 [00:00<00:00, 59.96it/s, loss=0.5011]
Epoch 76/100:  36%|███▌      | 27/76 [00:00<00:00, 59.96it/s, loss=0.4253]
Epoch 76/100:  36%|███▌      | 27/76 [00:00<00:00, 59.96it/s, loss=0.4559]
Epoch 76/100:  36%|███▌      | 27/76 [00:00<00:00, 59.96it/s, loss=0.3889]
Epoch 76/100:  45%|████▍     | 34/76 [00:00<00:00, 59.98it/s, loss=0.3889]
Epoch 76/100:  45%|████▍     | 34/76 [00:00<00:00, 59.98it/s, loss=0.4751]
Epoch 76/100:  45%|████▍     | 34/76 [00:00<00:00, 59.98it/s, loss=0.4354]
Epoch 76/100:  45%|████▍     | 34/76 [00:00<00:00, 59.98it/s, loss=0.5812]
Epoch 76/100:  45%|████▍     | 34/76 [00:00<00:00, 59.98it/s, loss=0.4794]
Epoch 76/100:  45%|████▍     | 34/76 [00:00<00:00, 59.98it/s, loss=0.4453]
Epoch 76/100:  45%|████▍     | 34/76 [00:00<00:00, 59.98it/s, loss=0.5215]
Epoch 76/100:  45%|████▍     | 34/76 [00:00<00:00, 59.98it/s, loss=0.5899]
Epoch 76/100:  54%|█████▍    | 41/76 [00:00<00:00, 60.02it/s, loss=0.5899]
Epoch 76/100:  54%|█████▍    | 41/76 [00:00<00:00, 60.02it/s, loss=0.4404]
Epoch 76/100:  54%|█████▍    | 41/76 [00:00<00:00, 60.02it/s, loss=0.5272]
Epoch 76/100:  54%|█████▍    | 41/76 [00:00<00:00, 60.02it/s, loss=0.6415]
Epoch 76/100:  54%|█████▍    | 41/76 [00:00<00:00, 60.02it/s, loss=0.3399]
Epoch 76/100:  54%|█████▍    | 41/76 [00:00<00:00, 60.02it/s, loss=0.6370]
Epoch 76/100:  54%|█████▍    | 41/76 [00:00<00:00, 60.02it/s, loss=0.3616]
Epoch 76/100:  54%|█████▍    | 41/76 [00:00<00:00, 60.02it/s, loss=0.3910]
Epoch 76/100:  63%|██████▎   | 48/76 [00:00<00:00, 60.00it/s, loss=0.3910]
Epoch 76/100:  63%|██████▎   | 48/76 [00:00<00:00, 60.00it/s, loss=0.7270]
Epoch 76/100:  63%|██████▎   | 48/76 [00:00<00:00, 60.00it/s, loss=0.6838]
Epoch 76/100:  63%|██████▎   | 48/76 [00:00<00:00, 60.00it/s, loss=0.4665]
Epoch 76/100:  63%|██████▎   | 48/76 [00:00<00:00, 60.00it/s, loss=0.6980]
Epoch 76/100:  63%|██████▎   | 48/76 [00:00<00:00, 60.00it/s, loss=0.5227]
Epoch 76/100:  63%|██████▎   | 48/76 [00:00<00:00, 60.00it/s, loss=0.4890]
Epoch 76/100:  71%|███████   | 54/76 [00:00<00:00, 59.83it/s, loss=0.4890]
Epoch 76/100:  71%|███████   | 54/76 [00:00<00:00, 59.83it/s, loss=0.4507]
Epoch 76/100:  71%|███████   | 54/76 [00:00<00:00, 59.83it/s, loss=0.4673]
Epoch 76/100:  71%|███████   | 54/76 [00:00<00:00, 59.83it/s, loss=0.4057]
Epoch 76/100:  71%|███████   | 54/76 [00:00<00:00, 59.83it/s, loss=0.6668]
Epoch 76/100:  71%|███████   | 54/76 [00:00<00:00, 59.83it/s, loss=0.3600]
Epoch 76/100:  71%|███████   | 54/76 [00:01<00:00, 59.83it/s, loss=0.6490]
Epoch 76/100:  79%|███████▉  | 60/76 [00:01<00:00, 59.83it/s, loss=0.6490]
Epoch 76/100:  79%|███████▉  | 60/76 [00:01<00:00, 59.83it/s, loss=0.2824]
Epoch 76/100:  79%|███████▉  | 60/76 [00:01<00:00, 59.83it/s, loss=0.5396]
Epoch 76/100:  79%|███████▉  | 60/76 [00:01<00:00, 59.83it/s, loss=0.4142]
Epoch 76/100:  79%|███████▉  | 60/76 [00:01<00:00, 59.83it/s, loss=0.4540]
Epoch 76/100:  79%|███████▉  | 60/76 [00:01<00:00, 59.83it/s, loss=0.5661]
Epoch 76/100:  79%|███████▉  | 60/76 [00:01<00:00, 59.83it/s, loss=0.7608]
Epoch 76/100:  79%|███████▉  | 60/76 [00:01<00:00, 59.83it/s, loss=0.4501]
Epoch 76/100:  88%|████████▊ | 67/76 [00:01<00:00, 59.88it/s, loss=0.4501]
Epoch 76/100:  88%|████████▊ | 67/76 [00:01<00:00, 59.88it/s, loss=0.6246]
Epoch 76/100:  88%|████████▊ | 67/76 [00:01<00:00, 59.88it/s, loss=0.3696]
Epoch 76/100:  88%|████████▊ | 67/76 [00:01<00:00, 59.88it/s, loss=0.5854]
Epoch 76/100:  88%|████████▊ | 67/76 [00:01<00:00, 59.88it/s, loss=0.5074]
Epoch 76/100:  88%|████████▊ | 67/76 [00:01<00:00, 59.88it/s, loss=0.6159]
Epoch 76/100:  88%|████████▊ | 67/76 [00:01<00:00, 59.88it/s, loss=0.4020]
Epoch 76/100:  96%|█████████▌| 73/76 [00:01<00:00, 59.90it/s, loss=0.4020]
Epoch 76/100:  96%|█████████▌| 73/76 [00:01<00:00, 59.90it/s, loss=0.3767]
Epoch 76/100:  96%|█████████▌| 73/76 [00:01<00:00, 59.90it/s, loss=0.3822]
Epoch 76/100:  96%|█████████▌| 73/76 [00:01<00:00, 59.90it/s, loss=0.5400]
Epoch 76/100: 100%|██████████| 76/76 [00:01<00:00, 59.94it/s, loss=0.5400]
Epoch 76/100 - avg_loss: 0.4748

Epoch 77/100:   0%|          | 0/76 [00:00<?, ?it/s]
Epoch 77/100:   0%|          | 0/76 [00:00<?, ?it/s, loss=0.4988]
Epoch 77/100:   0%|          | 0/76 [00:00<?, ?it/s, loss=0.4196]
Epoch 77/100:   0%|          | 0/76 [00:00<?, ?it/s, loss=0.3743]
Epoch 77/100:   0%|          | 0/76 [00:00<?, ?it/s, loss=0.3377]
Epoch 77/100:   0%|          | 0/76 [00:00<?, ?it/s, loss=0.4933]
Epoch 77/100:   0%|          | 0/76 [00:00<?, ?it/s, loss=0.3440]
Epoch 77/100:   0%|          | 0/76 [00:00<?, ?it/s, loss=0.4470]
Epoch 77/100:   9%|▉         | 7/76 [00:00<00:01, 60.07it/s, loss=0.4470]
Epoch 77/100:   9%|▉         | 7/76 [00:00<00:01, 60.07it/s, loss=0.5171]
Epoch 77/100:   9%|▉         | 7/76 [00:00<00:01, 60.07it/s, loss=0.3506]
Epoch 77/100:   9%|▉         | 7/76 [00:00<00:01, 60.07it/s, loss=0.5752]
Epoch 77/100:   9%|▉         | 7/76 [00:00<00:01, 60.07it/s, loss=0.3737]
Epoch 77/100:   9%|▉         | 7/76 [00:00<00:01, 60.07it/s, loss=0.4092]
Epoch 77/100:   9%|▉         | 7/76 [00:00<00:01, 60.07it/s, loss=0.4184]
Epoch 77/100:   9%|▉         | 7/76 [00:00<00:01, 60.07it/s, loss=0.3885]
Epoch 77/100:  18%|█▊        | 14/76 [00:00<00:01, 60.19it/s, loss=0.3885]
Epoch 77/100:  18%|█▊        | 14/76 [00:00<00:01, 60.19it/s, loss=0.4342]
Epoch 77/100:  18%|█▊        | 14/76 [00:00<00:01, 60.19it/s, loss=0.3933]
Epoch 77/100:  18%|█▊        | 14/76 [00:00<00:01, 60.19it/s, loss=0.4468]
Epoch 77/100:  18%|█▊        | 14/76 [00:00<00:01, 60.19it/s, loss=0.3685]
Epoch 77/100:  18%|█▊        | 14/76 [00:00<00:01, 60.19it/s, loss=0.4513]
Epoch 77/100:  18%|█▊        | 14/76 [00:00<00:01, 60.19it/s, loss=0.3517]
Epoch 77/100:  18%|█▊        | 14/76 [00:00<00:01, 60.19it/s, loss=0.3379]
Epoch 77/100:  28%|██▊       | 21/76 [00:00<00:00, 60.10it/s, loss=0.3379]
Epoch 77/100:  28%|██▊       | 21/76 [00:00<00:00, 60.10it/s, loss=0.4130]
Epoch 77/100:  28%|██▊       | 21/76 [00:00<00:00, 60.10it/s, loss=0.5455]
Epoch 77/100:  28%|██▊       | 21/76 [00:00<00:00, 60.10it/s, loss=0.5667]
Epoch 77/100:  28%|██▊       | 21/76 [00:00<00:00, 60.10it/s, loss=0.3666]
Epoch 77/100:  28%|██▊       | 21/76 [00:00<00:00, 60.10it/s, loss=0.4821]
Epoch 77/100:  28%|██▊       | 21/76 [00:00<00:00, 60.10it/s, loss=0.4231]
Epoch 77/100:  28%|██▊       | 21/76 [00:00<00:00, 60.10it/s, loss=0.4192]
Epoch 77/100:  37%|███▋      | 28/76 [00:00<00:00, 59.92it/s, loss=0.4192]
Epoch 77/100:  37%|███▋      | 28/76 [00:00<00:00, 59.92it/s, loss=0.4805]
Epoch 77/100:  37%|███▋      | 28/76 [00:00<00:00, 59.92it/s, loss=0.2494]
Epoch 77/100:  37%|███▋      | 28/76 [00:00<00:00, 59.92it/s, loss=0.6014]
Epoch 77/100:  37%|███▋      | 28/76 [00:00<00:00, 59.92it/s, loss=0.4932]
Epoch 77/100:  37%|███▋      | 28/76 [00:00<00:00, 59.92it/s, loss=0.3672]
Epoch 77/100:  37%|███▋      | 28/76 [00:00<00:00, 59.92it/s, loss=0.3858]
Epoch 77/100:  37%|███▋      | 28/76 [00:00<00:00, 59.92it/s, loss=0.4758]
Epoch 77/100:  46%|████▌     | 35/76 [00:00<00:00, 59.97it/s, loss=0.4758]
Epoch 77/100:  46%|████▌     | 35/76 [00:00<00:00, 59.97it/s, loss=0.5472]
Epoch 77/100:  46%|████▌     | 35/76 [00:00<00:00, 59.97it/s, loss=0.5281]
Epoch 77/100:  46%|████▌     | 35/76 [00:00<00:00, 59.97it/s, loss=0.5901]
Epoch 77/100:  46%|████▌     | 35/76 [00:00<00:00, 59.97it/s, loss=0.4796]
Epoch 77/100:  46%|████▌     | 35/76 [00:00<00:00, 59.97it/s, loss=0.4000]
Epoch 77/100:  46%|████▌     | 35/76 [00:00<00:00, 59.97it/s, loss=0.6014]
Epoch 77/100:  46%|████▌     | 35/76 [00:00<00:00, 59.97it/s, loss=0.4994]
Epoch 77/100:  55%|█████▌    | 42/76 [00:00<00:00, 60.04it/s, loss=0.4994]
Epoch 77/100:  55%|█████▌    | 42/76 [00:00<00:00, 60.04it/s, loss=0.2723]
Epoch 77/100:  55%|█████▌    | 42/76 [00:00<00:00, 60.04it/s, loss=0.4227]
Epoch 77/100:  55%|█████▌    | 42/76 [00:00<00:00, 60.04it/s, loss=0.5353]
Epoch 77/100:  55%|█████▌    | 42/76 [00:00<00:00, 60.04it/s, loss=0.4579]
Epoch 77/100:  55%|█████▌    | 42/76 [00:00<00:00, 60.04it/s, loss=0.5175]
Epoch 77/100:  55%|█████▌    | 42/76 [00:00<00:00, 60.04it/s, loss=0.5083]
Epoch 77/100:  55%|█████▌    | 42/76 [00:00<00:00, 60.04it/s, loss=0.6292]
Epoch 77/100:  64%|██████▍   | 49/76 [00:00<00:00, 60.00it/s, loss=0.6292]
Epoch 77/100:  64%|██████▍   | 49/76 [00:00<00:00, 60.00it/s, loss=0.5135]
Epoch 77/100:  64%|██████▍   | 49/76 [00:00<00:00, 60.00it/s, loss=0.4441]
Epoch 77/100:  64%|██████▍   | 49/76 [00:00<00:00, 60.00it/s, loss=0.5066]
Epoch 77/100:  64%|██████▍   | 49/76 [00:00<00:00, 60.00it/s, loss=0.5693]
Epoch 77/100:  64%|██████▍   | 49/76 [00:00<00:00, 60.00it/s, loss=0.5970]
Epoch 77/100:  64%|██████▍   | 49/76 [00:00<00:00, 60.00it/s, loss=0.5041]
Epoch 77/100:  64%|██████▍   | 49/76 [00:00<00:00, 60.00it/s, loss=0.4393]
Epoch 77/100:  74%|███████▎  | 56/76 [00:00<00:00, 60.01it/s, loss=0.4393]
Epoch 77/100:  74%|███████▎  | 56/76 [00:00<00:00, 60.01it/s, loss=0.4254]
Epoch 77/100:  74%|███████▎  | 56/76 [00:00<00:00, 60.01it/s, loss=0.3732]
Epoch 77/100:  74%|███████▎  | 56/76 [00:00<00:00, 60.01it/s, loss=0.6142]
Epoch 77/100:  74%|███████▎  | 56/76 [00:00<00:00, 60.01it/s, loss=0.4497]
Epoch 77/100:  74%|███████▎  | 56/76 [00:01<00:00, 60.01it/s, loss=0.4768]
Epoch 77/100:  74%|███████▎  | 56/76 [00:01<00:00, 60.01it/s, loss=0.3066]
Epoch 77/100:  74%|███████▎  | 56/76 [00:01<00:00, 60.01it/s, loss=0.5398]
Epoch 77/100:  83%|████████▎ | 63/76 [00:01<00:00, 59.98it/s, loss=0.5398]
Epoch 77/100:  83%|████████▎ | 63/76 [00:01<00:00, 59.98it/s, loss=0.5249]
Epoch 77/100:  83%|████████▎ | 63/76 [00:01<00:00, 59.98it/s, loss=0.6053]
Epoch 77/100:  83%|████████▎ | 63/76 [00:01<00:00, 59.98it/s, loss=0.4287]
Epoch 77/100:  83%|████████▎ | 63/76 [00:01<00:00, 59.98it/s, loss=0.6537]
Epoch 77/100:  83%|████████▎ | 63/76 [00:01<00:00, 59.98it/s, loss=0.5232]
Epoch 77/100:  83%|████████▎ | 63/76 [00:01<00:00, 59.98it/s, loss=0.4331]
Epoch 77/100:  83%|████████▎ | 63/76 [00:01<00:00, 59.98it/s, loss=0.2718]
Epoch 77/100:  92%|█████████▏| 70/76 [00:01<00:00, 60.00it/s, loss=0.2718]
Epoch 77/100:  92%|█████████▏| 70/76 [00:01<00:00, 60.00it/s, loss=0.5374]
Epoch 77/100:  92%|█████████▏| 70/76 [00:01<00:00, 60.00it/s, loss=0.6391]
Epoch 77/100:  92%|█████████▏| 70/76 [00:01<00:00, 60.00it/s, loss=0.4236]
Epoch 77/100:  92%|█████████▏| 70/76 [00:01<00:00, 60.00it/s, loss=0.3824]
Epoch 77/100:  92%|█████████▏| 70/76 [00:01<00:00, 60.00it/s, loss=0.5136]
Epoch 77/100:  92%|█████████▏| 70/76 [00:01<00:00, 60.00it/s, loss=0.5531]
Epoch 77/100: 100%|██████████| 76/76 [00:01<00:00, 60.03it/s, loss=0.5531]
Epoch 77/100 - avg_loss: 0.4637

Epoch 78/100:   0%|          | 0/76 [00:00<?, ?it/s]
Epoch 78/100:   0%|          | 0/76 [00:00<?, ?it/s, loss=0.5040]
Epoch 78/100:   0%|          | 0/76 [00:00<?, ?it/s, loss=0.4558]
Epoch 78/100:   0%|          | 0/76 [00:00<?, ?it/s, loss=0.4895]
Epoch 78/100:   0%|          | 0/76 [00:00<?, ?it/s, loss=0.3125]
Epoch 78/100:   0%|          | 0/76 [00:00<?, ?it/s, loss=0.4361]
Epoch 78/100:   0%|          | 0/76 [00:00<?, ?it/s, loss=0.4951]
Epoch 78/100:   0%|          | 0/76 [00:00<?, ?it/s, loss=0.6369]
Epoch 78/100:   9%|▉         | 7/76 [00:00<00:01, 60.12it/s, loss=0.6369]
Epoch 78/100:   9%|▉         | 7/76 [00:00<00:01, 60.12it/s, loss=0.4651]
Epoch 78/100:   9%|▉         | 7/76 [00:00<00:01, 60.12it/s, loss=0.2241]
Epoch 78/100:   9%|▉         | 7/76 [00:00<00:01, 60.12it/s, loss=0.5586]
Epoch 78/100:   9%|▉         | 7/76 [00:00<00:01, 60.12it/s, loss=0.3898]
Epoch 78/100:   9%|▉         | 7/76 [00:00<00:01, 60.12it/s, loss=0.2807]
Epoch 78/100:   9%|▉         | 7/76 [00:00<00:01, 60.12it/s, loss=0.6083]
Epoch 78/100:   9%|▉         | 7/76 [00:00<00:01, 60.12it/s, loss=0.3832]
Epoch 78/100:  18%|█▊        | 14/76 [00:00<00:01, 60.03it/s, loss=0.3832]
Epoch 78/100:  18%|█▊        | 14/76 [00:00<00:01, 60.03it/s, loss=0.2726]
Epoch 78/100:  18%|█▊        | 14/76 [00:00<00:01, 60.03it/s, loss=0.4341]
Epoch 78/100:  18%|█▊        | 14/76 [00:00<00:01, 60.03it/s, loss=0.4970]
Epoch 78/100:  18%|█▊        | 14/76 [00:00<00:01, 60.03it/s, loss=0.3465]
Epoch 78/100:  18%|█▊        | 14/76 [00:00<00:01, 60.03it/s, loss=0.4731]
Epoch 78/100:  18%|█▊        | 14/76 [00:00<00:01, 60.03it/s, loss=0.2703]
Epoch 78/100:  18%|█▊        | 14/76 [00:00<00:01, 60.03it/s, loss=0.4141]
Epoch 78/100:  28%|██▊       | 21/76 [00:00<00:00, 59.92it/s, loss=0.4141]
Epoch 78/100:  28%|██▊       | 21/76 [00:00<00:00, 59.92it/s, loss=0.3986]
Epoch 78/100:  28%|██▊       | 21/76 [00:00<00:00, 59.92it/s, loss=0.7105]
Epoch 78/100:  28%|██▊       | 21/76 [00:00<00:00, 59.92it/s, loss=0.4150]
Epoch 78/100:  28%|██▊       | 21/76 [00:00<00:00, 59.92it/s, loss=0.4968]
Epoch 78/100:  28%|██▊       | 21/76 [00:00<00:00, 59.92it/s, loss=0.4346]
Epoch 78/100:  28%|██▊       | 21/76 [00:00<00:00, 59.92it/s, loss=0.5794]
Epoch 78/100:  36%|███▌      | 27/76 [00:00<00:00, 59.93it/s, loss=0.5794]
Epoch 78/100:  36%|███▌      | 27/76 [00:00<00:00, 59.93it/s, loss=0.4282]
Epoch 78/100:  36%|███▌      | 27/76 [00:00<00:00, 59.93it/s, loss=0.3666]
Epoch 78/100:  36%|███▌      | 27/76 [00:00<00:00, 59.93it/s, loss=0.5054]
Epoch 78/100:  36%|███▌      | 27/76 [00:00<00:00, 59.93it/s, loss=0.6403]
Epoch 78/100:  36%|███▌      | 27/76 [00:00<00:00, 59.93it/s, loss=0.6683]
Epoch 78/100:  36%|███▌      | 27/76 [00:00<00:00, 59.93it/s, loss=0.3350]
Epoch 78/100:  36%|███▌      | 27/76 [00:00<00:00, 59.93it/s, loss=0.5483]
Epoch 78/100:  45%|████▍     | 34/76 [00:00<00:00, 59.98it/s, loss=0.5483]
Epoch 78/100:  45%|████▍     | 34/76 [00:00<00:00, 59.98it/s, loss=0.3100]
Epoch 78/100:  45%|████▍     | 34/76 [00:00<00:00, 59.98it/s, loss=0.5144]
Epoch 78/100:  45%|████▍     | 34/76 [00:00<00:00, 59.98it/s, loss=0.3711]
Epoch 78/100:  45%|████▍     | 34/76 [00:00<00:00, 59.98it/s, loss=0.5091]
Epoch 78/100:  45%|████▍     | 34/76 [00:00<00:00, 59.98it/s, loss=0.3967]
Epoch 78/100:  45%|████▍     | 34/76 [00:00<00:00, 59.98it/s, loss=0.6438]
Epoch 78/100:  53%|█████▎    | 40/76 [00:00<00:00, 59.97it/s, loss=0.6438]
Epoch 78/100:  53%|█████▎    | 40/76 [00:00<00:00, 59.97it/s, loss=0.4217]
Epoch 78/100:  53%|█████▎    | 40/76 [00:00<00:00, 59.97it/s, loss=0.4924]
Epoch 78/100:  53%|█████▎    | 40/76 [00:00<00:00, 59.97it/s, loss=0.5480]
Epoch 78/100:  53%|█████▎    | 40/76 [00:00<00:00, 59.97it/s, loss=0.2432]
Epoch 78/100:  53%|█████▎    | 40/76 [00:00<00:00, 59.97it/s, loss=0.4062]
Epoch 78/100:  53%|█████▎    | 40/76 [00:00<00:00, 59.97it/s, loss=0.4865]
Epoch 78/100:  53%|█████▎    | 40/76 [00:00<00:00, 59.97it/s, loss=0.3080]
Epoch 78/100:  62%|██████▏   | 47/76 [00:00<00:00, 60.87it/s, loss=0.3080]
Epoch 78/100:  62%|██████▏   | 47/76 [00:00<00:00, 60.87it/s, loss=0.4432]
Epoch 78/100:  62%|██████▏   | 47/76 [00:00<00:00, 60.87it/s, loss=0.5665]
Epoch 78/100:  62%|██████▏   | 47/76 [00:00<00:00, 60.87it/s, loss=0.6873]
Epoch 78/100:  62%|██████▏   | 47/76 [00:00<00:00, 60.87it/s, loss=0.4590]
Epoch 78/100:  62%|██████▏   | 47/76 [00:00<00:00, 60.87it/s, loss=0.5642]
Epoch 78/100:  62%|██████▏   | 47/76 [00:00<00:00, 60.87it/s, loss=0.3889]
Epoch 78/100:  62%|██████▏   | 47/76 [00:00<00:00, 60.87it/s, loss=0.5195]
Epoch 78/100:  62%|██████▏   | 47/76 [00:00<00:00, 60.87it/s, loss=0.6230]
Epoch 78/100:  72%|███████▏  | 55/76 [00:00<00:00, 64.46it/s, loss=0.6230]
Epoch 78/100:  72%|███████▏  | 55/76 [00:00<00:00, 64.46it/s, loss=0.4009]
Epoch 78/100:  72%|███████▏  | 55/76 [00:00<00:00, 64.46it/s, loss=0.6326]
Epoch 78/100:  72%|███████▏  | 55/76 [00:00<00:00, 64.46it/s, loss=0.5109]
Epoch 78/100:  72%|███████▏  | 55/76 [00:00<00:00, 64.46it/s, loss=0.3817]
Epoch 78/100:  72%|███████▏  | 55/76 [00:00<00:00, 64.46it/s, loss=0.4623]
Epoch 78/100:  72%|███████▏  | 55/76 [00:00<00:00, 64.46it/s, loss=0.6810]
Epoch 78/100:  72%|███████▏  | 55/76 [00:00<00:00, 64.46it/s, loss=0.6293]
Epoch 78/100:  72%|███████▏  | 55/76 [00:00<00:00, 64.46it/s, loss=0.4559]
Epoch 78/100:  83%|████████▎ | 63/76 [00:00<00:00, 67.66it/s, loss=0.4559]
Epoch 78/100:  83%|████████▎ | 63/76 [00:01<00:00, 67.66it/s, loss=0.6443]
Epoch 78/100:  83%|████████▎ | 63/76 [00:01<00:00, 67.66it/s, loss=0.5146]
Epoch 78/100:  83%|████████▎ | 63/76 [00:01<00:00, 67.66it/s, loss=0.5991]
Epoch 78/100:  83%|████████▎ | 63/76 [00:01<00:00, 67.66it/s, loss=0.3207]
Epoch 78/100:  83%|████████▎ | 63/76 [00:01<00:00, 67.66it/s, loss=0.3735]
Epoch 78/100:  83%|████████▎ | 63/76 [00:01<00:00, 67.66it/s, loss=0.6198]
Epoch 78/100:  83%|████████▎ | 63/76 [00:01<00:00, 67.66it/s, loss=0.4814]
Epoch 78/100:  83%|████████▎ | 63/76 [00:01<00:00, 67.66it/s, loss=0.5143]
Epoch 78/100:  93%|█████████▎| 71/76 [00:01<00:00, 68.50it/s, loss=0.5143]
Epoch 78/100:  93%|█████████▎| 71/76 [00:01<00:00, 68.50it/s, loss=0.3212]
Epoch 78/100:  93%|█████████▎| 71/76 [00:01<00:00, 68.50it/s, loss=0.4640]
Epoch 78/100:  93%|█████████▎| 71/76 [00:01<00:00, 68.50it/s, loss=0.5640]
Epoch 78/100:  93%|█████████▎| 71/76 [00:01<00:00, 68.50it/s, loss=0.6126]
Epoch 78/100:  93%|█████████▎| 71/76 [00:01<00:00, 68.50it/s, loss=0.3012]
Epoch 78/100: 100%|██████████| 76/76 [00:01<00:00, 64.26it/s, loss=0.3012]
Epoch 78/100 - avg_loss: 0.4719

Epoch 79/100:   0%|          | 0/76 [00:00<?, ?it/s]
Epoch 79/100:   0%|          | 0/76 [00:00<?, ?it/s, loss=0.4820]
Epoch 79/100:   0%|          | 0/76 [00:00<?, ?it/s, loss=0.4195]
Epoch 79/100:   0%|          | 0/76 [00:00<?, ?it/s, loss=0.4951]
Epoch 79/100:   0%|          | 0/76 [00:00<?, ?it/s, loss=0.3280]
Epoch 79/100:   0%|          | 0/76 [00:00<?, ?it/s, loss=0.3443]
Epoch 79/100:   0%|          | 0/76 [00:00<?, ?it/s, loss=0.5522]
Epoch 79/100:   0%|          | 0/76 [00:00<?, ?it/s, loss=0.3192]
Epoch 79/100:   9%|▉         | 7/76 [00:00<00:00, 69.50it/s, loss=0.3192]
Epoch 79/100:   9%|▉         | 7/76 [00:00<00:00, 69.50it/s, loss=0.3920]
Epoch 79/100:   9%|▉         | 7/76 [00:00<00:00, 69.50it/s, loss=0.4488]
Epoch 79/100:   9%|▉         | 7/76 [00:00<00:00, 69.50it/s, loss=0.3089]
Epoch 79/100:   9%|▉         | 7/76 [00:00<00:00, 69.50it/s, loss=0.5156]
Epoch 79/100:   9%|▉         | 7/76 [00:00<00:00, 69.50it/s, loss=0.4004]
Epoch 79/100:   9%|▉         | 7/76 [00:00<00:00, 69.50it/s, loss=0.4409]
Epoch 79/100:   9%|▉         | 7/76 [00:00<00:00, 69.50it/s, loss=0.3655]
Epoch 79/100:   9%|▉         | 7/76 [00:00<00:00, 69.50it/s, loss=0.4266]
Epoch 79/100:  20%|█▉        | 15/76 [00:00<00:00, 72.79it/s, loss=0.4266]
Epoch 79/100:  20%|█▉        | 15/76 [00:00<00:00, 72.79it/s, loss=0.3412]
Epoch 79/100:  20%|█▉        | 15/76 [00:00<00:00, 72.79it/s, loss=0.5308]
Epoch 79/100:  20%|█▉        | 15/76 [00:00<00:00, 72.79it/s, loss=0.3207]
Epoch 79/100:  20%|█▉        | 15/76 [00:00<00:00, 72.79it/s, loss=0.3393]
Epoch 79/100:  20%|█▉        | 15/76 [00:00<00:00, 72.79it/s, loss=0.5150]
Epoch 79/100:  20%|█▉        | 15/76 [00:00<00:00, 72.79it/s, loss=0.2969]
Epoch 79/100:  20%|█▉        | 15/76 [00:00<00:00, 72.79it/s, loss=0.3250]
Epoch 79/100:  20%|█▉        | 15/76 [00:00<00:00, 72.79it/s, loss=0.3896]
Epoch 79/100:  30%|███       | 23/76 [00:00<00:00, 74.04it/s, loss=0.3896]
Epoch 79/100:  30%|███       | 23/76 [00:00<00:00, 74.04it/s, loss=0.3900]
Epoch 79/100:  30%|███       | 23/76 [00:00<00:00, 74.04it/s, loss=0.3596]
Epoch 79/100:  30%|███       | 23/76 [00:00<00:00, 74.04it/s, loss=0.4017]
Epoch 79/100:  30%|███       | 23/76 [00:00<00:00, 74.04it/s, loss=0.3092]
Epoch 79/100:  30%|███       | 23/76 [00:00<00:00, 74.04it/s, loss=0.2978]
Epoch 79/100:  30%|███       | 23/76 [00:00<00:00, 74.04it/s, loss=0.5760]
Epoch 79/100:  30%|███       | 23/76 [00:00<00:00, 74.04it/s, loss=0.4532]
Epoch 79/100:  30%|███       | 23/76 [00:00<00:00, 74.04it/s, loss=0.4661]
Epoch 79/100:  30%|███       | 23/76 [00:00<00:00, 74.04it/s, loss=0.4818]
Epoch 79/100:  42%|████▏     | 32/76 [00:00<00:00, 76.95it/s, loss=0.4818]
Epoch 79/100:  42%|████▏     | 32/76 [00:00<00:00, 76.95it/s, loss=0.4621]
Epoch 79/100:  42%|████▏     | 32/76 [00:00<00:00, 76.95it/s, loss=0.5424]
Epoch 79/100:  42%|████▏     | 32/76 [00:00<00:00, 76.95it/s, loss=0.5953]
Epoch 79/100:  42%|████▏     | 32/76 [00:00<00:00, 76.95it/s, loss=0.5693]
Epoch 79/100:  42%|████▏     | 32/76 [00:00<00:00, 76.95it/s, loss=0.4554]
Epoch 79/100:  42%|████▏     | 32/76 [00:00<00:00, 76.95it/s, loss=0.2741]
Epoch 79/100:  42%|████▏     | 32/76 [00:00<00:00, 76.95it/s, loss=0.5195]
Epoch 79/100:  42%|████▏     | 32/76 [00:00<00:00, 76.95it/s, loss=0.4261]
Epoch 79/100:  42%|████▏     | 32/76 [00:00<00:00, 76.95it/s, loss=0.3994]
Epoch 79/100:  54%|█████▍    | 41/76 [00:00<00:00, 78.30it/s, loss=0.3994]
Epoch 79/100:  54%|█████▍    | 41/76 [00:00<00:00, 78.30it/s, loss=0.4367]
Epoch 79/100:  54%|█████▍    | 41/76 [00:00<00:00, 78.30it/s, loss=0.3907]
Epoch 79/100:  54%|█████▍    | 41/76 [00:00<00:00, 78.30it/s, loss=0.4761]
Epoch 79/100:  54%|█████▍    | 41/76 [00:00<00:00, 78.30it/s, loss=0.4247]
Epoch 79/100:  54%|█████▍    | 41/76 [00:00<00:00, 78.30it/s, loss=0.4584]
Epoch 79/100:  54%|█████▍    | 41/76 [00:00<00:00, 78.30it/s, loss=0.5072]
Epoch 79/100:  54%|█████▍    | 41/76 [00:00<00:00, 78.30it/s, loss=0.5709]
Epoch 79/100:  54%|█████▍    | 41/76 [00:00<00:00, 78.30it/s, loss=0.4157]
Epoch 79/100:  54%|█████▍    | 41/76 [00:00<00:00, 78.30it/s, loss=0.3993]
Epoch 79/100:  66%|██████▌   | 50/76 [00:00<00:00, 79.17it/s, loss=0.3993]
Epoch 79/100:  66%|██████▌   | 50/76 [00:00<00:00, 79.17it/s, loss=0.4584]
Epoch 79/100:  66%|██████▌   | 50/76 [00:00<00:00, 79.17it/s, loss=0.3589]
Epoch 79/100:  66%|██████▌   | 50/76 [00:00<00:00, 79.17it/s, loss=0.4429]
Epoch 79/100:  66%|██████▌   | 50/76 [00:00<00:00, 79.17it/s, loss=0.4686]
Epoch 79/100:  66%|██████▌   | 50/76 [00:00<00:00, 79.17it/s, loss=0.3798]
Epoch 79/100:  66%|██████▌   | 50/76 [00:00<00:00, 79.17it/s, loss=0.4869]
Epoch 79/100:  66%|██████▌   | 50/76 [00:00<00:00, 79.17it/s, loss=0.4816]
Epoch 79/100:  66%|██████▌   | 50/76 [00:00<00:00, 79.17it/s, loss=0.4388]
Epoch 79/100:  66%|██████▌   | 50/76 [00:00<00:00, 79.17it/s, loss=0.5228]
Epoch 79/100:  78%|███████▊  | 59/76 [00:00<00:00, 79.98it/s, loss=0.5228]
Epoch 79/100:  78%|███████▊  | 59/76 [00:00<00:00, 79.98it/s, loss=0.4837]
Epoch 79/100:  78%|███████▊  | 59/76 [00:00<00:00, 79.98it/s, loss=0.4965]
Epoch 79/100:  78%|███████▊  | 59/76 [00:00<00:00, 79.98it/s, loss=0.3459]
Epoch 79/100:  78%|███████▊  | 59/76 [00:00<00:00, 79.98it/s, loss=0.3303]
Epoch 79/100:  78%|███████▊  | 59/76 [00:00<00:00, 79.98it/s, loss=0.4926]
Epoch 79/100:  78%|███████▊  | 59/76 [00:00<00:00, 79.98it/s, loss=0.4397]
Epoch 79/100:  78%|███████▊  | 59/76 [00:00<00:00, 79.98it/s, loss=0.3618]
Epoch 79/100:  78%|███████▊  | 59/76 [00:00<00:00, 79.98it/s, loss=0.5539]
Epoch 79/100:  78%|███████▊  | 59/76 [00:00<00:00, 79.98it/s, loss=0.6535]
Epoch 79/100:  89%|████████▉ | 68/76 [00:00<00:00, 80.42it/s, loss=0.6535]
Epoch 79/100:  89%|████████▉ | 68/76 [00:00<00:00, 80.42it/s, loss=0.5942]
Epoch 79/100:  89%|████████▉ | 68/76 [00:00<00:00, 80.42it/s, loss=0.6950]
Epoch 79/100:  89%|████████▉ | 68/76 [00:00<00:00, 80.42it/s, loss=0.3799]
Epoch 79/100:  89%|████████▉ | 68/76 [00:00<00:00, 80.42it/s, loss=0.4943]
Epoch 79/100:  89%|████████▉ | 68/76 [00:00<00:00, 80.42it/s, loss=0.3647]
Epoch 79/100:  89%|████████▉ | 68/76 [00:00<00:00, 80.42it/s, loss=0.3478]
Epoch 79/100:  89%|████████▉ | 68/76 [00:00<00:00, 80.42it/s, loss=0.4352]
Epoch 79/100:  89%|████████▉ | 68/76 [00:00<00:00, 80.42it/s, loss=0.4965]
Epoch 79/100: 100%|██████████| 76/76 [00:00<00:00, 78.65it/s, loss=0.4965]
Epoch 79/100 - avg_loss: 0.4390

Epoch 80/100:   0%|          | 0/76 [00:00<?, ?it/s]
Epoch 80/100:   0%|          | 0/76 [00:00<?, ?it/s, loss=0.4302]
Epoch 80/100:   0%|          | 0/76 [00:00<?, ?it/s, loss=0.3733]
Epoch 80/100:   0%|          | 0/76 [00:00<?, ?it/s, loss=0.5133]
Epoch 80/100:   0%|          | 0/76 [00:00<?, ?it/s, loss=0.3742]
Epoch 80/100:   0%|          | 0/76 [00:00<?, ?it/s, loss=0.4335]
Epoch 80/100:   0%|          | 0/76 [00:00<?, ?it/s, loss=0.3976]
Epoch 80/100:   0%|          | 0/76 [00:00<?, ?it/s, loss=0.3384]
Epoch 80/100:   0%|          | 0/76 [00:00<?, ?it/s, loss=0.3162]
Epoch 80/100:   0%|          | 0/76 [00:00<?, ?it/s, loss=0.3257]
Epoch 80/100:  12%|█▏        | 9/76 [00:00<00:00, 80.47it/s, loss=0.3257]
Epoch 80/100:  12%|█▏        | 9/76 [00:00<00:00, 80.47it/s, loss=0.5825]
Epoch 80/100:  12%|█▏        | 9/76 [00:00<00:00, 80.47it/s, loss=0.3585]
Epoch 80/100:  12%|█▏        | 9/76 [00:00<00:00, 80.47it/s, loss=0.3380]
Epoch 80/100:  12%|█▏        | 9/76 [00:00<00:00, 80.47it/s, loss=0.4272]
Epoch 80/100:  12%|█▏        | 9/76 [00:00<00:00, 80.47it/s, loss=0.4547]
Epoch 80/100:  12%|█▏        | 9/76 [00:00<00:00, 80.47it/s, loss=0.5906]
Epoch 80/100:  12%|█▏        | 9/76 [00:00<00:00, 80.47it/s, loss=0.3290]
Epoch 80/100:  12%|█▏        | 9/76 [00:00<00:00, 80.47it/s, loss=0.3793]
Epoch 80/100:  12%|█▏        | 9/76 [00:00<00:00, 80.47it/s, loss=0.3822]
Epoch 80/100:  24%|██▎       | 18/76 [00:00<00:00, 80.11it/s, loss=0.3822]
Epoch 80/100:  24%|██▎       | 18/76 [00:00<00:00, 80.11it/s, loss=0.3707]
Epoch 80/100:  24%|██▎       | 18/76 [00:00<00:00, 80.11it/s, loss=0.5608]
Epoch 80/100:  24%|██▎       | 18/76 [00:00<00:00, 80.11it/s, loss=0.2010]
Epoch 80/100:  24%|██▎       | 18/76 [00:00<00:00, 80.11it/s, loss=0.3066]
Epoch 80/100:  24%|██▎       | 18/76 [00:00<00:00, 80.11it/s, loss=0.4389]
Epoch 80/100:  24%|██▎       | 18/76 [00:00<00:00, 80.11it/s, loss=0.6267]
Epoch 80/100:  24%|██▎       | 18/76 [00:00<00:00, 80.11it/s, loss=0.5521]
Epoch 80/100:  24%|██▎       | 18/76 [00:00<00:00, 80.11it/s, loss=0.4333]
Epoch 80/100:  24%|██▎       | 18/76 [00:00<00:00, 80.11it/s, loss=0.5703]
Epoch 80/100:  36%|███▌      | 27/76 [00:00<00:00, 80.70it/s, loss=0.5703]
Epoch 80/100:  36%|███▌      | 27/76 [00:00<00:00, 80.70it/s, loss=0.3745]
Epoch 80/100:  36%|███▌      | 27/76 [00:00<00:00, 80.70it/s, loss=0.4383]
Epoch 80/100:  36%|███▌      | 27/76 [00:00<00:00, 80.70it/s, loss=0.5234]
Epoch 80/100:  36%|███▌      | 27/76 [00:00<00:00, 80.70it/s, loss=0.4442]
Epoch 80/100:  36%|███▌      | 27/76 [00:00<00:00, 80.70it/s, loss=0.4222]
Epoch 80/100:  36%|███▌      | 27/76 [00:00<00:00, 80.70it/s, loss=0.5602]
Epoch 80/100:  36%|███▌      | 27/76 [00:00<00:00, 80.70it/s, loss=0.4848]
Epoch 80/100:  36%|███▌      | 27/76 [00:00<00:00, 80.70it/s, loss=0.4448]
Epoch 80/100:  36%|███▌      | 27/76 [00:00<00:00, 80.70it/s, loss=0.4273]
Epoch 80/100:  47%|████▋     | 36/76 [00:00<00:00, 81.09it/s, loss=0.4273]
Epoch 80/100:  47%|████▋     | 36/76 [00:00<00:00, 81.09it/s, loss=0.5832]
Epoch 80/100:  47%|████▋     | 36/76 [00:00<00:00, 81.09it/s, loss=0.5312]
Epoch 80/100:  47%|████▋     | 36/76 [00:00<00:00, 81.09it/s, loss=0.5006]
Epoch 80/100:  47%|████▋     | 36/76 [00:00<00:00, 81.09it/s, loss=0.3679]
Epoch 80/100:  47%|████▋     | 36/76 [00:00<00:00, 81.09it/s, loss=0.7646]
Epoch 80/100:  47%|████▋     | 36/76 [00:00<00:00, 81.09it/s, loss=0.2488]
Epoch 80/100:  47%|████▋     | 36/76 [00:00<00:00, 81.09it/s, loss=0.3883]
Epoch 80/100:  47%|████▋     | 36/76 [00:00<00:00, 81.09it/s, loss=0.5794]
Epoch 80/100:  47%|████▋     | 36/76 [00:00<00:00, 81.09it/s, loss=0.5728]
Epoch 80/100:  59%|█████▉    | 45/76 [00:00<00:00, 81.17it/s, loss=0.5728]
Epoch 80/100:  59%|█████▉    | 45/76 [00:00<00:00, 81.17it/s, loss=0.2951]
Epoch 80/100:  59%|█████▉    | 45/76 [00:00<00:00, 81.17it/s, loss=0.3438]
Epoch 80/100:  59%|█████▉    | 45/76 [00:00<00:00, 81.17it/s, loss=0.3844]
Epoch 80/100:  59%|█████▉    | 45/76 [00:00<00:00, 81.17it/s, loss=0.3040]
Epoch 80/100:  59%|█████▉    | 45/76 [00:00<00:00, 81.17it/s, loss=0.7077]
Epoch 80/100:  59%|█████▉    | 45/76 [00:00<00:00, 81.17it/s, loss=0.6310]
Epoch 80/100:  59%|█████▉    | 45/76 [00:00<00:00, 81.17it/s, loss=0.7002]
Epoch 80/100:  59%|█████▉    | 45/76 [00:00<00:00, 81.17it/s, loss=0.4108]
Epoch 80/100:  59%|█████▉    | 45/76 [00:00<00:00, 81.17it/s, loss=0.3591]
Epoch 80/100:  71%|███████   | 54/76 [00:00<00:00, 80.16it/s, loss=0.3591]
Epoch 80/100:  71%|███████   | 54/76 [00:00<00:00, 80.16it/s, loss=0.3448]
Epoch 80/100:  71%|███████   | 54/76 [00:00<00:00, 80.16it/s, loss=0.4683]
Epoch 80/100:  71%|███████   | 54/76 [00:00<00:00, 80.16it/s, loss=0.4827]
Epoch 80/100:  71%|███████   | 54/76 [00:00<00:00, 80.16it/s, loss=0.5164]
Epoch 80/100:  71%|███████   | 54/76 [00:00<00:00, 80.16it/s, loss=0.5870]
Epoch 80/100:  71%|███████   | 54/76 [00:00<00:00, 80.16it/s, loss=0.3575]
Epoch 80/100:  71%|███████   | 54/76 [00:00<00:00, 80.16it/s, loss=0.4056]
Epoch 80/100:  71%|███████   | 54/76 [00:00<00:00, 80.16it/s, loss=0.4713]
Epoch 80/100:  71%|███████   | 54/76 [00:00<00:00, 80.16it/s, loss=0.5224]
Epoch 80/100:  83%|████████▎ | 63/76 [00:00<00:00, 79.70it/s, loss=0.5224]
Epoch 80/100:  83%|████████▎ | 63/76 [00:00<00:00, 79.70it/s, loss=0.3722]
Epoch 80/100:  83%|████████▎ | 63/76 [00:00<00:00, 79.70it/s, loss=0.4915]
Epoch 80/100:  83%|████████▎ | 63/76 [00:00<00:00, 79.70it/s, loss=0.4499]
Epoch 80/100:  83%|████████▎ | 63/76 [00:00<00:00, 79.70it/s, loss=0.4248]
Epoch 80/100:  83%|████████▎ | 63/76 [00:00<00:00, 79.70it/s, loss=0.5883]
Epoch 80/100:  83%|████████▎ | 63/76 [00:00<00:00, 79.70it/s, loss=0.3763]
Epoch 80/100:  83%|████████▎ | 63/76 [00:00<00:00, 79.70it/s, loss=0.2764]
Epoch 80/100:  83%|████████▎ | 63/76 [00:00<00:00, 79.70it/s, loss=0.5739]
Epoch 80/100:  93%|█████████▎| 71/76 [00:00<00:00, 79.53it/s, loss=0.5739]
Epoch 80/100:  93%|█████████▎| 71/76 [00:00<00:00, 79.53it/s, loss=0.5073]
Epoch 80/100:  93%|█████████▎| 71/76 [00:00<00:00, 79.53it/s, loss=0.2996]
Epoch 80/100:  93%|█████████▎| 71/76 [00:00<00:00, 79.53it/s, loss=0.3960]
Epoch 80/100:  93%|█████████▎| 71/76 [00:00<00:00, 79.53it/s, loss=0.4711]
Epoch 80/100:  93%|█████████▎| 71/76 [00:00<00:00, 79.53it/s, loss=0.6192]
Epoch 80/100: 100%|██████████| 76/76 [00:00<00:00, 80.04it/s, loss=0.6192]
Epoch 80/100 - avg_loss: 0.4500

Epoch 81/100:   0%|          | 0/76 [00:00<?, ?it/s]
Epoch 81/100:   0%|          | 0/76 [00:00<?, ?it/s, loss=0.4226]
Epoch 81/100:   0%|          | 0/76 [00:00<?, ?it/s, loss=0.3691]
Epoch 81/100:   0%|          | 0/76 [00:00<?, ?it/s, loss=0.3971]
Epoch 81/100:   0%|          | 0/76 [00:00<?, ?it/s, loss=0.3246]
Epoch 81/100:   0%|          | 0/76 [00:00<?, ?it/s, loss=0.5409]
Epoch 81/100:   0%|          | 0/76 [00:00<?, ?it/s, loss=0.3511]
Epoch 81/100:   0%|          | 0/76 [00:00<?, ?it/s, loss=0.2259]
Epoch 81/100:   0%|          | 0/76 [00:00<?, ?it/s, loss=0.4174]
Epoch 81/100:   0%|          | 0/76 [00:00<?, ?it/s, loss=0.3846]
Epoch 81/100:  12%|█▏        | 9/76 [00:00<00:00, 80.62it/s, loss=0.3846]
Epoch 81/100:  12%|█▏        | 9/76 [00:00<00:00, 80.62it/s, loss=0.2910]
Epoch 81/100:  12%|█▏        | 9/76 [00:00<00:00, 80.62it/s, loss=0.3640]
Epoch 81/100:  12%|█▏        | 9/76 [00:00<00:00, 80.62it/s, loss=0.3597]
Epoch 81/100:  12%|█▏        | 9/76 [00:00<00:00, 80.62it/s, loss=0.5944]
Epoch 81/100:  12%|█▏        | 9/76 [00:00<00:00, 80.62it/s, loss=0.3956]
Epoch 81/100:  12%|█▏        | 9/76 [00:00<00:00, 80.62it/s, loss=0.4839]
Epoch 81/100:  12%|█▏        | 9/76 [00:00<00:00, 80.62it/s, loss=0.3425]
Epoch 81/100:  12%|█▏        | 9/76 [00:00<00:00, 80.62it/s, loss=0.2646]
Epoch 81/100:  12%|█▏        | 9/76 [00:00<00:00, 80.62it/s, loss=0.5193]
Epoch 81/100:  24%|██▎       | 18/76 [00:00<00:00, 80.66it/s, loss=0.5193]
Epoch 81/100:  24%|██▎       | 18/76 [00:00<00:00, 80.66it/s, loss=0.3703]
Epoch 81/100:  24%|██▎       | 18/76 [00:00<00:00, 80.66it/s, loss=0.4345]
Epoch 81/100:  24%|██▎       | 18/76 [00:00<00:00, 80.66it/s, loss=0.4544]
Epoch 81/100:  24%|██▎       | 18/76 [00:00<00:00, 80.66it/s, loss=0.4003]
Epoch 81/100:  24%|██▎       | 18/76 [00:00<00:00, 80.66it/s, loss=0.4971]
Epoch 81/100:  24%|██▎       | 18/76 [00:00<00:00, 80.66it/s, loss=0.3309]
Epoch 81/100:  24%|██▎       | 18/76 [00:00<00:00, 80.66it/s, loss=0.5770]
Epoch 81/100:  24%|██▎       | 18/76 [00:00<00:00, 80.66it/s, loss=0.3143]
Epoch 81/100:  24%|██▎       | 18/76 [00:00<00:00, 80.66it/s, loss=0.4972]
Epoch 81/100:  36%|███▌      | 27/76 [00:00<00:00, 79.95it/s, loss=0.4972]
Epoch 81/100:  36%|███▌      | 27/76 [00:00<00:00, 79.95it/s, loss=0.6330]
Epoch 81/100:  36%|███▌      | 27/76 [00:00<00:00, 79.95it/s, loss=0.4740]
Epoch 81/100:  36%|███▌      | 27/76 [00:00<00:00, 79.95it/s, loss=0.3810]
Epoch 81/100:  36%|███▌      | 27/76 [00:00<00:00, 79.95it/s, loss=0.4197]
Epoch 81/100:  36%|███▌      | 27/76 [00:00<00:00, 79.95it/s, loss=0.3666]
Epoch 81/100:  36%|███▌      | 27/76 [00:00<00:00, 79.95it/s, loss=0.4048]
Epoch 81/100:  36%|███▌      | 27/76 [00:00<00:00, 79.95it/s, loss=0.5323]
Epoch 81/100:  36%|███▌      | 27/76 [00:00<00:00, 79.95it/s, loss=0.4006]
Epoch 81/100:  46%|████▌     | 35/76 [00:00<00:00, 79.63it/s, loss=0.4006]
Epoch 81/100:  46%|████▌     | 35/76 [00:00<00:00, 79.63it/s, loss=0.5394]
Epoch 81/100:  46%|████▌     | 35/76 [00:00<00:00, 79.63it/s, loss=0.5473]
Epoch 81/100:  46%|████▌     | 35/76 [00:00<00:00, 79.63it/s, loss=0.5761]
Epoch 81/100:  46%|████▌     | 35/76 [00:00<00:00, 79.63it/s, loss=0.5013]
Epoch 81/100:  46%|████▌     | 35/76 [00:00<00:00, 79.63it/s, loss=0.4184]
Epoch 81/100:  46%|████▌     | 35/76 [00:00<00:00, 79.63it/s, loss=0.4250]
Epoch 81/100:  46%|████▌     | 35/76 [00:00<00:00, 79.63it/s, loss=0.3895]
Epoch 81/100:  46%|████▌     | 35/76 [00:00<00:00, 79.63it/s, loss=0.4207]
Epoch 81/100:  57%|█████▋    | 43/76 [00:00<00:00, 79.40it/s, loss=0.4207]
Epoch 81/100:  57%|█████▋    | 43/76 [00:00<00:00, 79.40it/s, loss=0.4089]
Epoch 81/100:  57%|█████▋    | 43/76 [00:00<00:00, 79.40it/s, loss=0.4531]
Epoch 81/100:  57%|█████▋    | 43/76 [00:00<00:00, 79.40it/s, loss=0.3225]
Epoch 81/100:  57%|█████▋    | 43/76 [00:00<00:00, 79.40it/s, loss=0.4977]
Epoch 81/100:  57%|█████▋    | 43/76 [00:00<00:00, 79.40it/s, loss=0.6492]
Epoch 81/100:  57%|█████▋    | 43/76 [00:00<00:00, 79.40it/s, loss=0.5624]
Epoch 81/100:  57%|█████▋    | 43/76 [00:00<00:00, 79.40it/s, loss=0.3996]
Epoch 81/100:  57%|█████▋    | 43/76 [00:00<00:00, 79.40it/s, loss=0.3076]
Epoch 81/100:  57%|█████▋    | 43/76 [00:00<00:00, 79.40it/s, loss=0.3915]
Epoch 81/100:  68%|██████▊   | 52/76 [00:00<00:00, 79.61it/s, loss=0.3915]
Epoch 81/100:  68%|██████▊   | 52/76 [00:00<00:00, 79.61it/s, loss=0.4492]
Epoch 81/100:  68%|██████▊   | 52/76 [00:00<00:00, 79.61it/s, loss=0.4795]
Epoch 81/100:  68%|██████▊   | 52/76 [00:00<00:00, 79.61it/s, loss=0.5934]
Epoch 81/100:  68%|██████▊   | 52/76 [00:00<00:00, 79.61it/s, loss=0.5458]
Epoch 81/100:  68%|██████▊   | 52/76 [00:00<00:00, 79.61it/s, loss=0.2944]
Epoch 81/100:  68%|██████▊   | 52/76 [00:00<00:00, 79.61it/s, loss=0.5970]
Epoch 81/100:  68%|██████▊   | 52/76 [00:00<00:00, 79.61it/s, loss=0.5754]
Epoch 81/100:  68%|██████▊   | 52/76 [00:00<00:00, 79.61it/s, loss=0.4201]
Epoch 81/100:  68%|██████▊   | 52/76 [00:00<00:00, 79.61it/s, loss=0.3992]
Epoch 81/100:  80%|████████  | 61/76 [00:00<00:00, 79.96it/s, loss=0.3992]
Epoch 81/100:  80%|████████  | 61/76 [00:00<00:00, 79.96it/s, loss=0.6885]
Epoch 81/100:  80%|████████  | 61/76 [00:00<00:00, 79.96it/s, loss=0.5174]
Epoch 81/100:  80%|████████  | 61/76 [00:00<00:00, 79.96it/s, loss=0.4524]
Epoch 81/100:  80%|████████  | 61/76 [00:00<00:00, 79.96it/s, loss=0.4546]
Epoch 81/100:  80%|████████  | 61/76 [00:00<00:00, 79.96it/s, loss=0.4753]
Epoch 81/100:  80%|████████  | 61/76 [00:00<00:00, 79.96it/s, loss=0.4323]
Epoch 81/100:  80%|████████  | 61/76 [00:00<00:00, 79.96it/s, loss=0.5733]
Epoch 81/100:  80%|████████  | 61/76 [00:00<00:00, 79.96it/s, loss=0.4326]
Epoch 81/100:  80%|████████  | 61/76 [00:00<00:00, 79.96it/s, loss=0.5355]
Epoch 81/100:  92%|█████████▏| 70/76 [00:00<00:00, 80.43it/s, loss=0.5355]
Epoch 81/100:  92%|█████████▏| 70/76 [00:00<00:00, 80.43it/s, loss=0.5999]
Epoch 81/100:  92%|█████████▏| 70/76 [00:00<00:00, 80.43it/s, loss=0.6958]
Epoch 81/100:  92%|█████████▏| 70/76 [00:00<00:00, 80.43it/s, loss=0.4648]
Epoch 81/100:  92%|█████████▏| 70/76 [00:00<00:00, 80.43it/s, loss=0.3073]
Epoch 81/100:  92%|█████████▏| 70/76 [00:00<00:00, 80.43it/s, loss=0.4637]
Epoch 81/100:  92%|█████████▏| 70/76 [00:00<00:00, 80.43it/s, loss=0.5124]
Epoch 81/100: 100%|██████████| 76/76 [00:00<00:00, 80.23it/s, loss=0.5124]
Epoch 81/100 - avg_loss: 0.4514

Epoch 82/100:   0%|          | 0/76 [00:00<?, ?it/s]
Epoch 82/100:   0%|          | 0/76 [00:00<?, ?it/s, loss=0.3002]
Epoch 82/100:   0%|          | 0/76 [00:00<?, ?it/s, loss=0.3668]
Epoch 82/100:   0%|          | 0/76 [00:00<?, ?it/s, loss=0.4136]
Epoch 82/100:   0%|          | 0/76 [00:00<?, ?it/s, loss=0.4447]
Epoch 82/100:   0%|          | 0/76 [00:00<?, ?it/s, loss=0.4244]
Epoch 82/100:   0%|          | 0/76 [00:00<?, ?it/s, loss=0.4463]
Epoch 82/100:   0%|          | 0/76 [00:00<?, ?it/s, loss=0.3732]
Epoch 82/100:   0%|          | 0/76 [00:00<?, ?it/s, loss=0.2605]
Epoch 82/100:   0%|          | 0/76 [00:00<?, ?it/s, loss=0.4739]
Epoch 82/100:  12%|█▏        | 9/76 [00:00<00:00, 81.67it/s, loss=0.4739]
Epoch 82/100:  12%|█▏        | 9/76 [00:00<00:00, 81.67it/s, loss=0.4479]
Epoch 82/100:  12%|█▏        | 9/76 [00:00<00:00, 81.67it/s, loss=0.4073]
Epoch 82/100:  12%|█▏        | 9/76 [00:00<00:00, 81.67it/s, loss=0.4000]
Epoch 82/100:  12%|█▏        | 9/76 [00:00<00:00, 81.67it/s, loss=0.4128]
Epoch 82/100:  12%|█▏        | 9/76 [00:00<00:00, 81.67it/s, loss=0.4429]
Epoch 82/100:  12%|█▏        | 9/76 [00:00<00:00, 81.67it/s, loss=0.3972]
Epoch 82/100:  12%|█▏        | 9/76 [00:00<00:00, 81.67it/s, loss=0.3779]
Epoch 82/100:  12%|█▏        | 9/76 [00:00<00:00, 81.67it/s, loss=0.3106]
Epoch 82/100:  12%|█▏        | 9/76 [00:00<00:00, 81.67it/s, loss=0.5530]
Epoch 82/100:  24%|██▎       | 18/76 [00:00<00:00, 81.62it/s, loss=0.5530]
Epoch 82/100:  24%|██▎       | 18/76 [00:00<00:00, 81.62it/s, loss=0.4248]
Epoch 82/100:  24%|██▎       | 18/76 [00:00<00:00, 81.62it/s, loss=0.5035]
Epoch 82/100:  24%|██▎       | 18/76 [00:00<00:00, 81.62it/s, loss=0.4305]
Epoch 82/100:  24%|██▎       | 18/76 [00:00<00:00, 81.62it/s, loss=0.3457]
Epoch 82/100:  24%|██▎       | 18/76 [00:00<00:00, 81.62it/s, loss=0.4781]
Epoch 82/100:  24%|██▎       | 18/76 [00:00<00:00, 81.62it/s, loss=0.5823]
Epoch 82/100:  24%|██▎       | 18/76 [00:00<00:00, 81.62it/s, loss=0.3857]
Epoch 82/100:  24%|██▎       | 18/76 [00:00<00:00, 81.62it/s, loss=0.4104]
Epoch 82/100:  24%|██▎       | 18/76 [00:00<00:00, 81.62it/s, loss=0.3949]
Epoch 82/100:  36%|███▌      | 27/76 [00:00<00:00, 81.20it/s, loss=0.3949]
Epoch 82/100:  36%|███▌      | 27/76 [00:00<00:00, 81.20it/s, loss=0.3607]
Epoch 82/100:  36%|███▌      | 27/76 [00:00<00:00, 81.20it/s, loss=0.2901]
Epoch 82/100:  36%|███▌      | 27/76 [00:00<00:00, 81.20it/s, loss=0.4176]
Epoch 82/100:  36%|███▌      | 27/76 [00:00<00:00, 81.20it/s, loss=0.3993]
Epoch 82/100:  36%|███▌      | 27/76 [00:00<00:00, 81.20it/s, loss=0.5023]
Epoch 82/100:  36%|███▌      | 27/76 [00:00<00:00, 81.20it/s, loss=0.3372]
Epoch 82/100:  36%|███▌      | 27/76 [00:00<00:00, 81.20it/s, loss=0.4492]
Epoch 82/100:  36%|███▌      | 27/76 [00:00<00:00, 81.20it/s, loss=0.3639]
Epoch 82/100:  36%|███▌      | 27/76 [00:00<00:00, 81.20it/s, loss=0.4890]
Epoch 82/100:  47%|████▋     | 36/76 [00:00<00:00, 81.05it/s, loss=0.4890]
Epoch 82/100:  47%|████▋     | 36/76 [00:00<00:00, 81.05it/s, loss=0.5673]
Epoch 82/100:  47%|████▋     | 36/76 [00:00<00:00, 81.05it/s, loss=0.5065]
Epoch 82/100:  47%|████▋     | 36/76 [00:00<00:00, 81.05it/s, loss=0.4716]
Epoch 82/100:  47%|████▋     | 36/76 [00:00<00:00, 81.05it/s, loss=0.5662]
Epoch 82/100:  47%|████▋     | 36/76 [00:00<00:00, 81.05it/s, loss=0.5364]
Epoch 82/100:  47%|████▋     | 36/76 [00:00<00:00, 81.05it/s, loss=0.3284]
Epoch 82/100:  47%|████▋     | 36/76 [00:00<00:00, 81.05it/s, loss=0.4182]
Epoch 82/100:  47%|████▋     | 36/76 [00:00<00:00, 81.05it/s, loss=0.3599]
Epoch 82/100:  47%|████▋     | 36/76 [00:00<00:00, 81.05it/s, loss=0.3994]
Epoch 82/100:  59%|█████▉    | 45/76 [00:00<00:00, 81.32it/s, loss=0.3994]
Epoch 82/100:  59%|█████▉    | 45/76 [00:00<00:00, 81.32it/s, loss=0.5041]
Epoch 82/100:  59%|█████▉    | 45/76 [00:00<00:00, 81.32it/s, loss=0.3551]
Epoch 82/100:  59%|█████▉    | 45/76 [00:00<00:00, 81.32it/s, loss=0.3385]
Epoch 82/100:  59%|█████▉    | 45/76 [00:00<00:00, 81.32it/s, loss=0.3824]
Epoch 82/100:  59%|█████▉    | 45/76 [00:00<00:00, 81.32it/s, loss=0.4100]
Epoch 82/100:  59%|█████▉    | 45/76 [00:00<00:00, 81.32it/s, loss=0.4344]
Epoch 82/100:  59%|█████▉    | 45/76 [00:00<00:00, 81.32it/s, loss=0.4713]
Epoch 82/100:  59%|█████▉    | 45/76 [00:00<00:00, 81.32it/s, loss=0.5846]
Epoch 82/100:  59%|█████▉    | 45/76 [00:00<00:00, 81.32it/s, loss=0.3842]
Epoch 82/100:  71%|███████   | 54/76 [00:00<00:00, 81.25it/s, loss=0.3842]
Epoch 82/100:  71%|███████   | 54/76 [00:00<00:00, 81.25it/s, loss=0.4425]
Epoch 82/100:  71%|███████   | 54/76 [00:00<00:00, 81.25it/s, loss=0.4188]
Epoch 82/100:  71%|███████   | 54/76 [00:00<00:00, 81.25it/s, loss=0.3963]
Epoch 82/100:  71%|███████   | 54/76 [00:00<00:00, 81.25it/s, loss=0.5060]
Epoch 82/100:  71%|███████   | 54/76 [00:00<00:00, 81.25it/s, loss=0.4559]
Epoch 82/100:  71%|███████   | 54/76 [00:00<00:00, 81.25it/s, loss=0.6924]
Epoch 82/100:  71%|███████   | 54/76 [00:00<00:00, 81.25it/s, loss=0.4906]
Epoch 82/100:  71%|███████   | 54/76 [00:00<00:00, 81.25it/s, loss=0.4102]
Epoch 82/100:  71%|███████   | 54/76 [00:00<00:00, 81.25it/s, loss=0.3857]
Epoch 82/100:  83%|████████▎ | 63/76 [00:00<00:00, 81.06it/s, loss=0.3857]
Epoch 82/100:  83%|████████▎ | 63/76 [00:00<00:00, 81.06it/s, loss=0.4691]
Epoch 82/100:  83%|████████▎ | 63/76 [00:00<00:00, 81.06it/s, loss=0.4632]
Epoch 82/100:  83%|████████▎ | 63/76 [00:00<00:00, 81.06it/s, loss=0.2893]
Epoch 82/100:  83%|████████▎ | 63/76 [00:00<00:00, 81.06it/s, loss=0.4777]
Epoch 82/100:  83%|████████▎ | 63/76 [00:00<00:00, 81.06it/s, loss=0.4171]
Epoch 82/100:  83%|████████▎ | 63/76 [00:00<00:00, 81.06it/s, loss=0.4163]
Epoch 82/100:  83%|████████▎ | 63/76 [00:00<00:00, 81.06it/s, loss=0.3827]
Epoch 82/100:  83%|████████▎ | 63/76 [00:00<00:00, 81.06it/s, loss=0.7969]
Epoch 82/100:  83%|████████▎ | 63/76 [00:00<00:00, 81.06it/s, loss=0.4492]
Epoch 82/100:  95%|█████████▍| 72/76 [00:00<00:00, 80.96it/s, loss=0.4492]
Epoch 82/100:  95%|█████████▍| 72/76 [00:00<00:00, 80.96it/s, loss=0.4748]
Epoch 82/100:  95%|█████████▍| 72/76 [00:00<00:00, 80.96it/s, loss=0.5178]
Epoch 82/100:  95%|█████████▍| 72/76 [00:00<00:00, 80.96it/s, loss=0.5044]
Epoch 82/100:  95%|█████████▍| 72/76 [00:00<00:00, 80.96it/s, loss=0.6967]
Epoch 82/100: 100%|██████████| 76/76 [00:00<00:00, 81.19it/s, loss=0.6967]
Epoch 82/100 - avg_loss: 0.4394

Epoch 83/100:   0%|          | 0/76 [00:00<?, ?it/s]
Epoch 83/100:   0%|          | 0/76 [00:00<?, ?it/s, loss=0.4912]
Epoch 83/100:   0%|          | 0/76 [00:00<?, ?it/s, loss=0.5343]
Epoch 83/100:   0%|          | 0/76 [00:00<?, ?it/s, loss=0.4530]
Epoch 83/100:   0%|          | 0/76 [00:00<?, ?it/s, loss=0.4215]
Epoch 83/100:   0%|          | 0/76 [00:00<?, ?it/s, loss=0.2118]
Epoch 83/100:   0%|          | 0/76 [00:00<?, ?it/s, loss=0.3372]
Epoch 83/100:   0%|          | 0/76 [00:00<?, ?it/s, loss=0.3469]
Epoch 83/100:   0%|          | 0/76 [00:00<?, ?it/s, loss=0.5754]
Epoch 83/100:   0%|          | 0/76 [00:00<?, ?it/s, loss=0.4131]
Epoch 83/100:  12%|█▏        | 9/76 [00:00<00:00, 82.09it/s, loss=0.4131]
Epoch 83/100:  12%|█▏        | 9/76 [00:00<00:00, 82.09it/s, loss=0.2886]
Epoch 83/100:  12%|█▏        | 9/76 [00:00<00:00, 82.09it/s, loss=0.4731]
Epoch 83/100:  12%|█▏        | 9/76 [00:00<00:00, 82.09it/s, loss=0.3430]
Epoch 83/100:  12%|█▏        | 9/76 [00:00<00:00, 82.09it/s, loss=0.4894]
Epoch 83/100:  12%|█▏        | 9/76 [00:00<00:00, 82.09it/s, loss=0.5351]
Epoch 83/100:  12%|█▏        | 9/76 [00:00<00:00, 82.09it/s, loss=0.2696]
Epoch 83/100:  12%|█▏        | 9/76 [00:00<00:00, 82.09it/s, loss=0.5228]
Epoch 83/100:  12%|█▏        | 9/76 [00:00<00:00, 82.09it/s, loss=0.4273]
Epoch 83/100:  12%|█▏        | 9/76 [00:00<00:00, 82.09it/s, loss=0.3658]
Epoch 83/100:  24%|██▎       | 18/76 [00:00<00:00, 81.96it/s, loss=0.3658]
Epoch 83/100:  24%|██▎       | 18/76 [00:00<00:00, 81.96it/s, loss=0.4910]
Epoch 83/100:  24%|██▎       | 18/76 [00:00<00:00, 81.96it/s, loss=0.4464]
Epoch 83/100:  24%|██▎       | 18/76 [00:00<00:00, 81.96it/s, loss=0.4203]
Epoch 83/100:  24%|██▎       | 18/76 [00:00<00:00, 81.96it/s, loss=0.3208]
Epoch 83/100:  24%|██▎       | 18/76 [00:00<00:00, 81.96it/s, loss=0.3406]
Epoch 83/100:  24%|██▎       | 18/76 [00:00<00:00, 81.96it/s, loss=0.5663]
Epoch 83/100:  24%|██▎       | 18/76 [00:00<00:00, 81.96it/s, loss=0.5076]
Epoch 83/100:  24%|██▎       | 18/76 [00:00<00:00, 81.96it/s, loss=0.4133]
Epoch 83/100:  24%|██▎       | 18/76 [00:00<00:00, 81.96it/s, loss=0.4131]
Epoch 83/100:  36%|███▌      | 27/76 [00:00<00:00, 82.01it/s, loss=0.4131]
Epoch 83/100:  36%|███▌      | 27/76 [00:00<00:00, 82.01it/s, loss=0.2284]
Epoch 83/100:  36%|███▌      | 27/76 [00:00<00:00, 82.01it/s, loss=0.4252]
Epoch 83/100:  36%|███▌      | 27/76 [00:00<00:00, 82.01it/s, loss=0.5379]
Epoch 83/100:  36%|███▌      | 27/76 [00:00<00:00, 82.01it/s, loss=0.4057]
Epoch 83/100:  36%|███▌      | 27/76 [00:00<00:00, 82.01it/s, loss=0.5452]
Epoch 83/100:  36%|███▌      | 27/76 [00:00<00:00, 82.01it/s, loss=0.3720]
Epoch 83/100:  36%|███▌      | 27/76 [00:00<00:00, 82.01it/s, loss=0.5391]
Epoch 83/100:  36%|███▌      | 27/76 [00:00<00:00, 82.01it/s, loss=0.4691]
Epoch 83/100:  36%|███▌      | 27/76 [00:00<00:00, 82.01it/s, loss=0.3747]
Epoch 83/100:  47%|████▋     | 36/76 [00:00<00:00, 81.83it/s, loss=0.3747]
Epoch 83/100:  47%|████▋     | 36/76 [00:00<00:00, 81.83it/s, loss=0.4235]
Epoch 83/100:  47%|████▋     | 36/76 [00:00<00:00, 81.83it/s, loss=0.3853]
Epoch 83/100:  47%|████▋     | 36/76 [00:00<00:00, 81.83it/s, loss=0.4771]
Epoch 83/100:  47%|████▋     | 36/76 [00:00<00:00, 81.83it/s, loss=0.2699]
Epoch 83/100:  47%|████▋     | 36/76 [00:00<00:00, 81.83it/s, loss=0.3953]
Epoch 83/100:  47%|████▋     | 36/76 [00:00<00:00, 81.83it/s, loss=0.4104]
Epoch 83/100:  47%|████▋     | 36/76 [00:00<00:00, 81.83it/s, loss=0.5778]
Epoch 83/100:  47%|████▋     | 36/76 [00:00<00:00, 81.83it/s, loss=0.5087]
Epoch 83/100:  47%|████▋     | 36/76 [00:00<00:00, 81.83it/s, loss=0.4884]
Epoch 83/100:  59%|█████▉    | 45/76 [00:00<00:00, 81.32it/s, loss=0.4884]
Epoch 83/100:  59%|█████▉    | 45/76 [00:00<00:00, 81.32it/s, loss=0.4699]
Epoch 83/100:  59%|█████▉    | 45/76 [00:00<00:00, 81.32it/s, loss=0.4010]
Epoch 83/100:  59%|█████▉    | 45/76 [00:00<00:00, 81.32it/s, loss=0.4148]
Epoch 83/100:  59%|█████▉    | 45/76 [00:00<00:00, 81.32it/s, loss=0.2869]
Epoch 83/100:  59%|█████▉    | 45/76 [00:00<00:00, 81.32it/s, loss=0.6260]
Epoch 83/100:  59%|█████▉    | 45/76 [00:00<00:00, 81.32it/s, loss=0.3788]
Epoch 83/100:  59%|█████▉    | 45/76 [00:00<00:00, 81.32it/s, loss=0.5905]
Epoch 83/100:  59%|█████▉    | 45/76 [00:00<00:00, 81.32it/s, loss=0.4087]
Epoch 83/100:  59%|█████▉    | 45/76 [00:00<00:00, 81.32it/s, loss=0.3801]
Epoch 83/100:  71%|███████   | 54/76 [00:00<00:00, 80.39it/s, loss=0.3801]
Epoch 83/100:  71%|███████   | 54/76 [00:00<00:00, 80.39it/s, loss=0.5310]
Epoch 83/100:  71%|███████   | 54/76 [00:00<00:00, 80.39it/s, loss=0.5772]
Epoch 83/100:  71%|███████   | 54/76 [00:00<00:00, 80.39it/s, loss=0.4456]
Epoch 83/100:  71%|███████   | 54/76 [00:00<00:00, 80.39it/s, loss=0.3470]
Epoch 83/100:  71%|███████   | 54/76 [00:00<00:00, 80.39it/s, loss=0.4096]
Epoch 83/100:  71%|███████   | 54/76 [00:00<00:00, 80.39it/s, loss=0.5091]
Epoch 83/100:  71%|███████   | 54/76 [00:00<00:00, 80.39it/s, loss=0.4959]
Epoch 83/100:  71%|███████   | 54/76 [00:00<00:00, 80.39it/s, loss=0.5117]
Epoch 83/100:  71%|███████   | 54/76 [00:00<00:00, 80.39it/s, loss=0.5552]
Epoch 83/100:  83%|████████▎ | 63/76 [00:00<00:00, 80.56it/s, loss=0.5552]
Epoch 83/100:  83%|████████▎ | 63/76 [00:00<00:00, 80.56it/s, loss=0.3442]
Epoch 83/100:  83%|████████▎ | 63/76 [00:00<00:00, 80.56it/s, loss=0.3847]
Epoch 83/100:  83%|████████▎ | 63/76 [00:00<00:00, 80.56it/s, loss=0.5845]
Epoch 83/100:  83%|████████▎ | 63/76 [00:00<00:00, 80.56it/s, loss=0.7317]
Epoch 83/100:  83%|████████▎ | 63/76 [00:00<00:00, 80.56it/s, loss=0.4714]
Epoch 83/100:  83%|████████▎ | 63/76 [00:00<00:00, 80.56it/s, loss=0.4751]
Epoch 83/100:  83%|████████▎ | 63/76 [00:00<00:00, 80.56it/s, loss=0.3525]
Epoch 83/100:  83%|████████▎ | 63/76 [00:00<00:00, 80.56it/s, loss=0.4443]
Epoch 83/100:  83%|████████▎ | 63/76 [00:00<00:00, 80.56it/s, loss=0.5346]
Epoch 83/100:  95%|█████████▍| 72/76 [00:00<00:00, 80.79it/s, loss=0.5346]
Epoch 83/100:  95%|█████████▍| 72/76 [00:00<00:00, 80.79it/s, loss=0.5624]
Epoch 83/100:  95%|█████████▍| 72/76 [00:00<00:00, 80.79it/s, loss=0.5817]
Epoch 83/100:  95%|█████████▍| 72/76 [00:00<00:00, 80.79it/s, loss=0.4277]
Epoch 83/100:  95%|█████████▍| 72/76 [00:00<00:00, 80.79it/s, loss=0.4268]
Epoch 83/100: 100%|██████████| 76/76 [00:00<00:00, 81.13it/s, loss=0.4268]
Epoch 83/100 - avg_loss: 0.4462

Epoch 84/100:   0%|          | 0/76 [00:00<?, ?it/s]
Epoch 84/100:   0%|          | 0/76 [00:00<?, ?it/s, loss=0.4312]
Epoch 84/100:   0%|          | 0/76 [00:00<?, ?it/s, loss=0.5316]
Epoch 84/100:   0%|          | 0/76 [00:00<?, ?it/s, loss=0.4649]
Epoch 84/100:   0%|          | 0/76 [00:00<?, ?it/s, loss=0.3576]
Epoch 84/100:   0%|          | 0/76 [00:00<?, ?it/s, loss=0.4217]
Epoch 84/100:   0%|          | 0/76 [00:00<?, ?it/s, loss=0.2120]
Epoch 84/100:   0%|          | 0/76 [00:00<?, ?it/s, loss=0.4639]
Epoch 84/100:   0%|          | 0/76 [00:00<?, ?it/s, loss=0.3612]
Epoch 84/100:   0%|          | 0/76 [00:00<?, ?it/s, loss=0.3932]
Epoch 84/100:  12%|█▏        | 9/76 [00:00<00:00, 81.64it/s, loss=0.3932]
Epoch 84/100:  12%|█▏        | 9/76 [00:00<00:00, 81.64it/s, loss=0.2687]
Epoch 84/100:  12%|█▏        | 9/76 [00:00<00:00, 81.64it/s, loss=0.3876]
Epoch 84/100:  12%|█▏        | 9/76 [00:00<00:00, 81.64it/s, loss=0.4453]
Epoch 84/100:  12%|█▏        | 9/76 [00:00<00:00, 81.64it/s, loss=0.5860]
Epoch 84/100:  12%|█▏        | 9/76 [00:00<00:00, 81.64it/s, loss=0.4758]
Epoch 84/100:  12%|█▏        | 9/76 [00:00<00:00, 81.64it/s, loss=0.4230]
Epoch 84/100:  12%|█▏        | 9/76 [00:00<00:00, 81.64it/s, loss=0.6136]
Epoch 84/100:  12%|█▏        | 9/76 [00:00<00:00, 81.64it/s, loss=0.4403]
Epoch 84/100:  12%|█▏        | 9/76 [00:00<00:00, 81.64it/s, loss=0.3965]
Epoch 84/100:  24%|██▎       | 18/76 [00:00<00:00, 81.74it/s, loss=0.3965]
Epoch 84/100:  24%|██▎       | 18/76 [00:00<00:00, 81.74it/s, loss=0.3675]
Epoch 84/100:  24%|██▎       | 18/76 [00:00<00:00, 81.74it/s, loss=0.4730]
Epoch 84/100:  24%|██▎       | 18/76 [00:00<00:00, 81.74it/s, loss=0.5177]
Epoch 84/100:  24%|██▎       | 18/76 [00:00<00:00, 81.74it/s, loss=0.4064]
Epoch 84/100:  24%|██▎       | 18/76 [00:00<00:00, 81.74it/s, loss=0.4615]
Epoch 84/100:  24%|██▎       | 18/76 [00:00<00:00, 81.74it/s, loss=0.4174]
Epoch 84/100:  24%|██▎       | 18/76 [00:00<00:00, 81.74it/s, loss=0.4452]
Epoch 84/100:  24%|██▎       | 18/76 [00:00<00:00, 81.74it/s, loss=0.5392]
Epoch 84/100:  24%|██▎       | 18/76 [00:00<00:00, 81.74it/s, loss=0.5150]
Epoch 84/100:  36%|███▌      | 27/76 [00:00<00:00, 81.70it/s, loss=0.5150]
Epoch 84/100:  36%|███▌      | 27/76 [00:00<00:00, 81.70it/s, loss=0.2561]
Epoch 84/100:  36%|███▌      | 27/76 [00:00<00:00, 81.70it/s, loss=0.3397]
Epoch 84/100:  36%|███▌      | 27/76 [00:00<00:00, 81.70it/s, loss=0.6048]
Epoch 84/100:  36%|███▌      | 27/76 [00:00<00:00, 81.70it/s, loss=0.5011]
Epoch 84/100:  36%|███▌      | 27/76 [00:00<00:00, 81.70it/s, loss=0.4044]
Epoch 84/100:  36%|███▌      | 27/76 [00:00<00:00, 81.70it/s, loss=0.4567]
Epoch 84/100:  36%|███▌      | 27/76 [00:00<00:00, 81.70it/s, loss=0.5252]
Epoch 84/100:  36%|███▌      | 27/76 [00:00<00:00, 81.70it/s, loss=0.3788]
Epoch 84/100:  36%|███▌      | 27/76 [00:00<00:00, 81.70it/s, loss=0.3310]
Epoch 84/100:  47%|████▋     | 36/76 [00:00<00:00, 81.38it/s, loss=0.3310]
Epoch 84/100:  47%|████▋     | 36/76 [00:00<00:00, 81.38it/s, loss=0.5471]
Epoch 84/100:  47%|████▋     | 36/76 [00:00<00:00, 81.38it/s, loss=0.4008]
Epoch 84/100:  47%|████▋     | 36/76 [00:00<00:00, 81.38it/s, loss=0.3350]
Epoch 84/100:  47%|████▋     | 36/76 [00:00<00:00, 81.38it/s, loss=0.3967]
Epoch 84/100:  47%|████▋     | 36/76 [00:00<00:00, 81.38it/s, loss=0.5543]
Epoch 84/100:  47%|████▋     | 36/76 [00:00<00:00, 81.38it/s, loss=0.2436]
Epoch 84/100:  47%|████▋     | 36/76 [00:00<00:00, 81.38it/s, loss=0.3865]
Epoch 84/100:  47%|████▋     | 36/76 [00:00<00:00, 81.38it/s, loss=0.3395]
Epoch 84/100:  47%|████▋     | 36/76 [00:00<00:00, 81.38it/s, loss=0.4150]
Epoch 84/100:  59%|█████▉    | 45/76 [00:00<00:00, 81.34it/s, loss=0.4150]
Epoch 84/100:  59%|█████▉    | 45/76 [00:00<00:00, 81.34it/s, loss=0.4332]
Epoch 84/100:  59%|█████▉    | 45/76 [00:00<00:00, 81.34it/s, loss=0.4119]
Epoch 84/100:  59%|█████▉    | 45/76 [00:00<00:00, 81.34it/s, loss=0.3452]
Epoch 84/100:  59%|█████▉    | 45/76 [00:00<00:00, 81.34it/s, loss=0.5695]
Epoch 84/100:  59%|█████▉    | 45/76 [00:00<00:00, 81.34it/s, loss=0.5868]
Epoch 84/100:  59%|█████▉    | 45/76 [00:00<00:00, 81.34it/s, loss=0.3944]
Epoch 84/100:  59%|█████▉    | 45/76 [00:00<00:00, 81.34it/s, loss=0.4401]
Epoch 84/100:  59%|█████▉    | 45/76 [00:00<00:00, 81.34it/s, loss=0.5027]
Epoch 84/100:  59%|█████▉    | 45/76 [00:00<00:00, 81.34it/s, loss=0.5236]
Epoch 84/100:  71%|███████   | 54/76 [00:00<00:00, 81.49it/s, loss=0.5236]
Epoch 84/100:  71%|███████   | 54/76 [00:00<00:00, 81.49it/s, loss=0.5017]
Epoch 84/100:  71%|███████   | 54/76 [00:00<00:00, 81.49it/s, loss=0.3822]
Epoch 84/100:  71%|███████   | 54/76 [00:00<00:00, 81.49it/s, loss=0.4539]
Epoch 84/100:  71%|███████   | 54/76 [00:00<00:00, 81.49it/s, loss=0.4638]
Epoch 84/100:  71%|███████   | 54/76 [00:00<00:00, 81.49it/s, loss=0.3795]
Epoch 84/100:  71%|███████   | 54/76 [00:00<00:00, 81.49it/s, loss=0.4236]
Epoch 84/100:  71%|███████   | 54/76 [00:00<00:00, 81.49it/s, loss=0.4468]
Epoch 84/100:  71%|███████   | 54/76 [00:00<00:00, 81.49it/s, loss=0.5587]
Epoch 84/100:  71%|███████   | 54/76 [00:00<00:00, 81.49it/s, loss=0.4700]
Epoch 84/100:  83%|████████▎ | 63/76 [00:00<00:00, 81.07it/s, loss=0.4700]
Epoch 84/100:  83%|████████▎ | 63/76 [00:00<00:00, 81.07it/s, loss=0.2942]
Epoch 84/100:  83%|████████▎ | 63/76 [00:00<00:00, 81.07it/s, loss=0.5373]
Epoch 84/100:  83%|████████▎ | 63/76 [00:00<00:00, 81.07it/s, loss=0.5007]
Epoch 84/100:  83%|████████▎ | 63/76 [00:00<00:00, 81.07it/s, loss=0.4504]
Epoch 84/100:  83%|████████▎ | 63/76 [00:00<00:00, 81.07it/s, loss=0.3089]
Epoch 84/100:  83%|████████▎ | 63/76 [00:00<00:00, 81.07it/s, loss=0.2474]
Epoch 84/100:  83%|████████▎ | 63/76 [00:00<00:00, 81.07it/s, loss=0.6586]
Epoch 84/100:  83%|████████▎ | 63/76 [00:00<00:00, 81.07it/s, loss=0.5030]
Epoch 84/100:  83%|████████▎ | 63/76 [00:00<00:00, 81.07it/s, loss=0.5103]
Epoch 84/100:  95%|█████████▍| 72/76 [00:00<00:00, 80.93it/s, loss=0.5103]
Epoch 84/100:  95%|█████████▍| 72/76 [00:00<00:00, 80.93it/s, loss=0.5242]
Epoch 84/100:  95%|█████████▍| 72/76 [00:00<00:00, 80.93it/s, loss=0.4433]
Epoch 84/100:  95%|█████████▍| 72/76 [00:00<00:00, 80.93it/s, loss=0.5900]
Epoch 84/100:  95%|█████████▍| 72/76 [00:00<00:00, 80.93it/s, loss=0.3493]
Epoch 84/100: 100%|██████████| 76/76 [00:00<00:00, 81.25it/s, loss=0.3493]
Epoch 84/100 - avg_loss: 0.4400

Epoch 85/100:   0%|          | 0/76 [00:00<?, ?it/s]
Epoch 85/100:   0%|          | 0/76 [00:00<?, ?it/s, loss=0.4877]
Epoch 85/100:   0%|          | 0/76 [00:00<?, ?it/s, loss=0.3826]
Epoch 85/100:   0%|          | 0/76 [00:00<?, ?it/s, loss=0.4903]
Epoch 85/100:   0%|          | 0/76 [00:00<?, ?it/s, loss=0.4427]
Epoch 85/100:   0%|          | 0/76 [00:00<?, ?it/s, loss=0.2699]
Epoch 85/100:   0%|          | 0/76 [00:00<?, ?it/s, loss=0.4369]
Epoch 85/100:   0%|          | 0/76 [00:00<?, ?it/s, loss=0.5300]
Epoch 85/100:   0%|          | 0/76 [00:00<?, ?it/s, loss=0.5491]
Epoch 85/100:   0%|          | 0/76 [00:00<?, ?it/s, loss=0.3799]
Epoch 85/100:  12%|█▏        | 9/76 [00:00<00:00, 81.92it/s, loss=0.3799]
Epoch 85/100:  12%|█▏        | 9/76 [00:00<00:00, 81.92it/s, loss=0.2958]
Epoch 85/100:  12%|█▏        | 9/76 [00:00<00:00, 81.92it/s, loss=0.2617]
Epoch 85/100:  12%|█▏        | 9/76 [00:00<00:00, 81.92it/s, loss=0.4969]
Epoch 85/100:  12%|█▏        | 9/76 [00:00<00:00, 81.92it/s, loss=0.3387]
Epoch 85/100:  12%|█▏        | 9/76 [00:00<00:00, 81.92it/s, loss=0.4001]
Epoch 85/100:  12%|█▏        | 9/76 [00:00<00:00, 81.92it/s, loss=0.2272]
Epoch 85/100:  12%|█▏        | 9/76 [00:00<00:00, 81.92it/s, loss=0.3566]
Epoch 85/100:  12%|█▏        | 9/76 [00:00<00:00, 81.92it/s, loss=0.3588]
Epoch 85/100:  12%|█▏        | 9/76 [00:00<00:00, 81.92it/s, loss=0.4929]
Epoch 85/100:  24%|██▎       | 18/76 [00:00<00:00, 81.78it/s, loss=0.4929]
Epoch 85/100:  24%|██▎       | 18/76 [00:00<00:00, 81.78it/s, loss=0.4594]
Epoch 85/100:  24%|██▎       | 18/76 [00:00<00:00, 81.78it/s, loss=0.3059]
Epoch 85/100:  24%|██▎       | 18/76 [00:00<00:00, 81.78it/s, loss=0.3210]
Epoch 85/100:  24%|██▎       | 18/76 [00:00<00:00, 81.78it/s, loss=0.4934]
Epoch 85/100:  24%|██▎       | 18/76 [00:00<00:00, 81.78it/s, loss=0.4960]
Epoch 85/100:  24%|██▎       | 18/76 [00:00<00:00, 81.78it/s, loss=0.3899]
Epoch 85/100:  24%|██▎       | 18/76 [00:00<00:00, 81.78it/s, loss=0.4341]
Epoch 85/100:  24%|██▎       | 18/76 [00:00<00:00, 81.78it/s, loss=0.4673]
Epoch 85/100:  24%|██▎       | 18/76 [00:00<00:00, 81.78it/s, loss=0.5603]
Epoch 85/100:  36%|███▌      | 27/76 [00:00<00:00, 81.49it/s, loss=0.5603]
Epoch 85/100:  36%|███▌      | 27/76 [00:00<00:00, 81.49it/s, loss=0.4369]
Epoch 85/100:  36%|███▌      | 27/76 [00:00<00:00, 81.49it/s, loss=0.4459]
Epoch 85/100:  36%|███▌      | 27/76 [00:00<00:00, 81.49it/s, loss=0.3877]
Epoch 85/100:  36%|███▌      | 27/76 [00:00<00:00, 81.49it/s, loss=0.4853]
Epoch 85/100:  36%|███▌      | 27/76 [00:00<00:00, 81.49it/s, loss=0.2921]
Epoch 85/100:  36%|███▌      | 27/76 [00:00<00:00, 81.49it/s, loss=0.5572]
Epoch 85/100:  36%|███▌      | 27/76 [00:00<00:00, 81.49it/s, loss=0.4424]
Epoch 85/100:  36%|███▌      | 27/76 [00:00<00:00, 81.49it/s, loss=0.3177]
Epoch 85/100:  36%|███▌      | 27/76 [00:00<00:00, 81.49it/s, loss=0.4468]
Epoch 85/100:  47%|████▋     | 36/76 [00:00<00:00, 81.13it/s, loss=0.4468]
Epoch 85/100:  47%|████▋     | 36/76 [00:00<00:00, 81.13it/s, loss=0.5774]
Epoch 85/100:  47%|████▋     | 36/76 [00:00<00:00, 81.13it/s, loss=0.5015]
Epoch 85/100:  47%|████▋     | 36/76 [00:00<00:00, 81.13it/s, loss=0.5245]
Epoch 85/100:  47%|████▋     | 36/76 [00:00<00:00, 81.13it/s, loss=0.4807]
Epoch 85/100:  47%|████▋     | 36/76 [00:00<00:00, 81.13it/s, loss=0.4676]
Epoch 85/100:  47%|████▋     | 36/76 [00:00<00:00, 81.13it/s, loss=0.4910]
Epoch 85/100:  47%|████▋     | 36/76 [00:00<00:00, 81.13it/s, loss=0.2967]
Epoch 85/100:  47%|████▋     | 36/76 [00:00<00:00, 81.13it/s, loss=0.6460]
Epoch 85/100:  47%|████▋     | 36/76 [00:00<00:00, 81.13it/s, loss=0.3927]
Epoch 85/100:  59%|█████▉    | 45/76 [00:00<00:00, 81.11it/s, loss=0.3927]
Epoch 85/100:  59%|█████▉    | 45/76 [00:00<00:00, 81.11it/s, loss=0.3987]
Epoch 85/100:  59%|█████▉    | 45/76 [00:00<00:00, 81.11it/s, loss=0.5541]
Epoch 85/100:  59%|█████▉    | 45/76 [00:00<00:00, 81.11it/s, loss=0.4139]
Epoch 85/100:  59%|█████▉    | 45/76 [00:00<00:00, 81.11it/s, loss=0.3930]
Epoch 85/100:  59%|█████▉    | 45/76 [00:00<00:00, 81.11it/s, loss=0.3202]
Epoch 85/100:  59%|█████▉    | 45/76 [00:00<00:00, 81.11it/s, loss=0.4020]
Epoch 85/100:  59%|█████▉    | 45/76 [00:00<00:00, 81.11it/s, loss=0.3407]
Epoch 85/100:  59%|█████▉    | 45/76 [00:00<00:00, 81.11it/s, loss=0.3585]
Epoch 85/100:  59%|█████▉    | 45/76 [00:00<00:00, 81.11it/s, loss=0.2166]
Epoch 85/100:  71%|███████   | 54/76 [00:00<00:00, 81.15it/s, loss=0.2166]
Epoch 85/100:  71%|███████   | 54/76 [00:00<00:00, 81.15it/s, loss=0.5377]
Epoch 85/100:  71%|███████   | 54/76 [00:00<00:00, 81.15it/s, loss=0.3477]
Epoch 85/100:  71%|███████   | 54/76 [00:00<00:00, 81.15it/s, loss=0.3846]
Epoch 85/100:  71%|███████   | 54/76 [00:00<00:00, 81.15it/s, loss=0.3236]
Epoch 85/100:  71%|███████   | 54/76 [00:00<00:00, 81.15it/s, loss=0.5740]
Epoch 85/100:  71%|███████   | 54/76 [00:00<00:00, 81.15it/s, loss=0.5204]
Epoch 85/100:  71%|███████   | 54/76 [00:00<00:00, 81.15it/s, loss=0.4589]
Epoch 85/100:  71%|███████   | 54/76 [00:00<00:00, 81.15it/s, loss=0.4063]
Epoch 85/100:  71%|███████   | 54/76 [00:00<00:00, 81.15it/s, loss=0.5808]
Epoch 85/100:  83%|████████▎ | 63/76 [00:00<00:00, 81.28it/s, loss=0.5808]
Epoch 85/100:  83%|████████▎ | 63/76 [00:00<00:00, 81.28it/s, loss=0.5896]
Epoch 85/100:  83%|████████▎ | 63/76 [00:00<00:00, 81.28it/s, loss=0.6154]
Epoch 85/100:  83%|████████▎ | 63/76 [00:00<00:00, 81.28it/s, loss=0.5922]
Epoch 85/100:  83%|████████▎ | 63/76 [00:00<00:00, 81.28it/s, loss=0.4532]
Epoch 85/100:  83%|████████▎ | 63/76 [00:00<00:00, 81.28it/s, loss=0.5951]
Epoch 85/100:  83%|████████▎ | 63/76 [00:00<00:00, 81.28it/s, loss=0.5572]
Epoch 85/100:  83%|████████▎ | 63/76 [00:00<00:00, 81.28it/s, loss=0.4455]
Epoch 85/100:  83%|████████▎ | 63/76 [00:00<00:00, 81.28it/s, loss=0.5034]
Epoch 85/100:  83%|████████▎ | 63/76 [00:00<00:00, 81.28it/s, loss=0.6116]
Epoch 85/100:  95%|█████████▍| 72/76 [00:00<00:00, 81.16it/s, loss=0.6116]
Epoch 85/100:  95%|█████████▍| 72/76 [00:00<00:00, 81.16it/s, loss=0.4205]
Epoch 85/100:  95%|█████████▍| 72/76 [00:00<00:00, 81.16it/s, loss=0.6079]
Epoch 85/100:  95%|█████████▍| 72/76 [00:00<00:00, 81.16it/s, loss=0.5915]
Epoch 85/100:  95%|█████████▍| 72/76 [00:00<00:00, 81.16it/s, loss=0.4357]
Epoch 85/100: 100%|██████████| 76/76 [00:00<00:00, 81.23it/s, loss=0.4357]
Epoch 85/100 - avg_loss: 0.4456
[Info] 学习率从 5.00e-04 降低到 2.50e-04

Epoch 86/100:   0%|          | 0/76 [00:00<?, ?it/s]
Epoch 86/100:   0%|          | 0/76 [00:00<?, ?it/s, loss=0.2245]
Epoch 86/100:   0%|          | 0/76 [00:00<?, ?it/s, loss=0.4379]
Epoch 86/100:   0%|          | 0/76 [00:00<?, ?it/s, loss=0.2537]
Epoch 86/100:   0%|          | 0/76 [00:00<?, ?it/s, loss=0.3641]
Epoch 86/100:   0%|          | 0/76 [00:00<?, ?it/s, loss=0.3268]
Epoch 86/100:   0%|          | 0/76 [00:00<?, ?it/s, loss=0.2949]
Epoch 86/100:   0%|          | 0/76 [00:00<?, ?it/s, loss=0.4322]
Epoch 86/100:   0%|          | 0/76 [00:00<?, ?it/s, loss=0.5256]
Epoch 86/100:   0%|          | 0/76 [00:00<?, ?it/s, loss=0.2844]
Epoch 86/100:  12%|█▏        | 9/76 [00:00<00:00, 81.11it/s, loss=0.2844]
Epoch 86/100:  12%|█▏        | 9/76 [00:00<00:00, 81.11it/s, loss=0.3304]
Epoch 86/100:  12%|█▏        | 9/76 [00:00<00:00, 81.11it/s, loss=0.3951]
Epoch 86/100:  12%|█▏        | 9/76 [00:00<00:00, 81.11it/s, loss=0.4151]
Epoch 86/100:  12%|█▏        | 9/76 [00:00<00:00, 81.11it/s, loss=0.3096]
Epoch 86/100:  12%|█▏        | 9/76 [00:00<00:00, 81.11it/s, loss=0.4494]
Epoch 86/100:  12%|█▏        | 9/76 [00:00<00:00, 81.11it/s, loss=0.3198]
Epoch 86/100:  12%|█▏        | 9/76 [00:00<00:00, 81.11it/s, loss=0.4147]
Epoch 86/100:  12%|█▏        | 9/76 [00:00<00:00, 81.11it/s, loss=0.4538]
Epoch 86/100:  12%|█▏        | 9/76 [00:00<00:00, 81.11it/s, loss=0.3648]
Epoch 86/100:  24%|██▎       | 18/76 [00:00<00:00, 81.59it/s, loss=0.3648]
Epoch 86/100:  24%|██▎       | 18/76 [00:00<00:00, 81.59it/s, loss=0.3199]
Epoch 86/100:  24%|██▎       | 18/76 [00:00<00:00, 81.59it/s, loss=0.6654]
Epoch 86/100:  24%|██▎       | 18/76 [00:00<00:00, 81.59it/s, loss=0.3711]
Epoch 86/100:  24%|██▎       | 18/76 [00:00<00:00, 81.59it/s, loss=0.3700]
Epoch 86/100:  24%|██▎       | 18/76 [00:00<00:00, 81.59it/s, loss=0.4171]
Epoch 86/100:  24%|██▎       | 18/76 [00:00<00:00, 81.59it/s, loss=0.3581]
Epoch 86/100:  24%|██▎       | 18/76 [00:00<00:00, 81.59it/s, loss=0.4274]
Epoch 86/100:  24%|██▎       | 18/76 [00:00<00:00, 81.59it/s, loss=0.3719]
Epoch 86/100:  24%|██▎       | 18/76 [00:00<00:00, 81.59it/s, loss=0.2268]
Epoch 86/100:  36%|███▌      | 27/76 [00:00<00:00, 81.67it/s, loss=0.2268]
Epoch 86/100:  36%|███▌      | 27/76 [00:00<00:00, 81.67it/s, loss=0.3635]
Epoch 86/100:  36%|███▌      | 27/76 [00:00<00:00, 81.67it/s, loss=0.4263]
Epoch 86/100:  36%|███▌      | 27/76 [00:00<00:00, 81.67it/s, loss=0.4478]
Epoch 86/100:  36%|███▌      | 27/76 [00:00<00:00, 81.67it/s, loss=0.3972]
Epoch 86/100:  36%|███▌      | 27/76 [00:00<00:00, 81.67it/s, loss=0.3336]
Epoch 86/100:  36%|███▌      | 27/76 [00:00<00:00, 81.67it/s, loss=0.4269]
Epoch 86/100:  36%|███▌      | 27/76 [00:00<00:00, 81.67it/s, loss=0.2262]
Epoch 86/100:  36%|███▌      | 27/76 [00:00<00:00, 81.67it/s, loss=0.3142]
Epoch 86/100:  36%|███▌      | 27/76 [00:00<00:00, 81.67it/s, loss=0.2492]
Epoch 86/100:  47%|████▋     | 36/76 [00:00<00:00, 81.74it/s, loss=0.2492]
Epoch 86/100:  47%|████▋     | 36/76 [00:00<00:00, 81.74it/s, loss=0.3963]
Epoch 86/100:  47%|████▋     | 36/76 [00:00<00:00, 81.74it/s, loss=0.2562]
Epoch 86/100:  47%|████▋     | 36/76 [00:00<00:00, 81.74it/s, loss=0.2929]
Epoch 86/100:  47%|████▋     | 36/76 [00:00<00:00, 81.74it/s, loss=0.1887]
Epoch 86/100:  47%|████▋     | 36/76 [00:00<00:00, 81.74it/s, loss=0.5163]
Epoch 86/100:  47%|████▋     | 36/76 [00:00<00:00, 81.74it/s, loss=0.3338]
Epoch 86/100:  47%|████▋     | 36/76 [00:00<00:00, 81.74it/s, loss=0.3305]
Epoch 86/100:  47%|████▋     | 36/76 [00:00<00:00, 81.74it/s, loss=0.4047]
Epoch 86/100:  47%|████▋     | 36/76 [00:00<00:00, 81.74it/s, loss=0.2024]
Epoch 86/100:  59%|█████▉    | 45/76 [00:00<00:00, 81.47it/s, loss=0.2024]
Epoch 86/100:  59%|█████▉    | 45/76 [00:00<00:00, 81.47it/s, loss=0.2354]
Epoch 86/100:  59%|█████▉    | 45/76 [00:00<00:00, 81.47it/s, loss=0.3191]
Epoch 86/100:  59%|█████▉    | 45/76 [00:00<00:00, 81.47it/s, loss=0.4665]
Epoch 86/100:  59%|█████▉    | 45/76 [00:00<00:00, 81.47it/s, loss=0.3906]
Epoch 86/100:  59%|█████▉    | 45/76 [00:00<00:00, 81.47it/s, loss=0.4584]
Epoch 86/100:  59%|█████▉    | 45/76 [00:00<00:00, 81.47it/s, loss=0.3655]
Epoch 86/100:  59%|█████▉    | 45/76 [00:00<00:00, 81.47it/s, loss=0.4611]
Epoch 86/100:  59%|█████▉    | 45/76 [00:00<00:00, 81.47it/s, loss=0.2863]
Epoch 86/100:  59%|█████▉    | 45/76 [00:00<00:00, 81.47it/s, loss=0.4664]
Epoch 86/100:  71%|███████   | 54/76 [00:00<00:00, 81.41it/s, loss=0.4664]
Epoch 86/100:  71%|███████   | 54/76 [00:00<00:00, 81.41it/s, loss=0.3744]
Epoch 86/100:  71%|███████   | 54/76 [00:00<00:00, 81.41it/s, loss=0.4830]
Epoch 86/100:  71%|███████   | 54/76 [00:00<00:00, 81.41it/s, loss=0.2718]
Epoch 86/100:  71%|███████   | 54/76 [00:00<00:00, 81.41it/s, loss=0.4123]
Epoch 86/100:  71%|███████   | 54/76 [00:00<00:00, 81.41it/s, loss=0.4824]
Epoch 86/100:  71%|███████   | 54/76 [00:00<00:00, 81.41it/s, loss=0.3561]
Epoch 86/100:  71%|███████   | 54/76 [00:00<00:00, 81.41it/s, loss=0.2692]
Epoch 86/100:  71%|███████   | 54/76 [00:00<00:00, 81.41it/s, loss=0.4419]
Epoch 86/100:  71%|███████   | 54/76 [00:00<00:00, 81.41it/s, loss=0.2694]
Epoch 86/100:  83%|████████▎ | 63/76 [00:00<00:00, 81.57it/s, loss=0.2694]
Epoch 86/100:  83%|████████▎ | 63/76 [00:00<00:00, 81.57it/s, loss=0.4189]
Epoch 86/100:  83%|████████▎ | 63/76 [00:00<00:00, 81.57it/s, loss=0.4128]
Epoch 86/100:  83%|████████▎ | 63/76 [00:00<00:00, 81.57it/s, loss=0.4266]
Epoch 86/100:  83%|████████▎ | 63/76 [00:00<00:00, 81.57it/s, loss=0.3891]
Epoch 86/100:  83%|████████▎ | 63/76 [00:00<00:00, 81.57it/s, loss=0.6554]
Epoch 86/100:  83%|████████▎ | 63/76 [00:00<00:00, 81.57it/s, loss=0.5022]
Epoch 86/100:  83%|████████▎ | 63/76 [00:00<00:00, 81.57it/s, loss=0.5690]
Epoch 86/100:  83%|████████▎ | 63/76 [00:00<00:00, 81.57it/s, loss=0.3039]
Epoch 86/100:  83%|████████▎ | 63/76 [00:00<00:00, 81.57it/s, loss=0.4565]
Epoch 86/100:  95%|█████████▍| 72/76 [00:00<00:00, 81.62it/s, loss=0.4565]
Epoch 86/100:  95%|█████████▍| 72/76 [00:00<00:00, 81.62it/s, loss=0.4385]
Epoch 86/100:  95%|█████████▍| 72/76 [00:00<00:00, 81.62it/s, loss=0.4152]
Epoch 86/100:  95%|█████████▍| 72/76 [00:00<00:00, 81.62it/s, loss=0.4782]
Epoch 86/100:  95%|█████████▍| 72/76 [00:00<00:00, 81.62it/s, loss=0.6553]
Epoch 86/100: 100%|██████████| 76/76 [00:00<00:00, 81.59it/s, loss=0.6553]
Epoch 86/100 - avg_loss: 0.3837

Epoch 87/100:   0%|          | 0/76 [00:00<?, ?it/s]
Epoch 87/100:   0%|          | 0/76 [00:00<?, ?it/s, loss=0.3741]
Epoch 87/100:   0%|          | 0/76 [00:00<?, ?it/s, loss=0.5405]
Epoch 87/100:   0%|          | 0/76 [00:00<?, ?it/s, loss=0.1485]
Epoch 87/100:   0%|          | 0/76 [00:00<?, ?it/s, loss=0.2413]
Epoch 87/100:   0%|          | 0/76 [00:00<?, ?it/s, loss=0.2864]
Epoch 87/100:   0%|          | 0/76 [00:00<?, ?it/s, loss=0.2985]
Epoch 87/100:   0%|          | 0/76 [00:00<?, ?it/s, loss=0.4487]
Epoch 87/100:   0%|          | 0/76 [00:00<?, ?it/s, loss=0.3546]
Epoch 87/100:   0%|          | 0/76 [00:00<?, ?it/s, loss=0.3501]
Epoch 87/100:  12%|█▏        | 9/76 [00:00<00:00, 81.94it/s, loss=0.3501]
Epoch 87/100:  12%|█▏        | 9/76 [00:00<00:00, 81.94it/s, loss=0.3103]
Epoch 87/100:  12%|█▏        | 9/76 [00:00<00:00, 81.94it/s, loss=0.4334]
Epoch 87/100:  12%|█▏        | 9/76 [00:00<00:00, 81.94it/s, loss=0.2280]
Epoch 87/100:  12%|█▏        | 9/76 [00:00<00:00, 81.94it/s, loss=0.2443]
Epoch 87/100:  12%|█▏        | 9/76 [00:00<00:00, 81.94it/s, loss=0.3150]
Epoch 87/100:  12%|█▏        | 9/76 [00:00<00:00, 81.94it/s, loss=0.3842]
Epoch 87/100:  12%|█▏        | 9/76 [00:00<00:00, 81.94it/s, loss=0.3303]
Epoch 87/100:  12%|█▏        | 9/76 [00:00<00:00, 81.94it/s, loss=0.3772]
Epoch 87/100:  12%|█▏        | 9/76 [00:00<00:00, 81.94it/s, loss=0.5735]
Epoch 87/100:  24%|██▎       | 18/76 [00:00<00:00, 81.97it/s, loss=0.5735]
Epoch 87/100:  24%|██▎       | 18/76 [00:00<00:00, 81.97it/s, loss=0.3025]
Epoch 87/100:  24%|██▎       | 18/76 [00:00<00:00, 81.97it/s, loss=0.3484]
Epoch 87/100:  24%|██▎       | 18/76 [00:00<00:00, 81.97it/s, loss=0.2884]
Epoch 87/100:  24%|██▎       | 18/76 [00:00<00:00, 81.97it/s, loss=0.3244]
Epoch 87/100:  24%|██▎       | 18/76 [00:00<00:00, 81.97it/s, loss=0.3879]
Epoch 87/100:  24%|██▎       | 18/76 [00:00<00:00, 81.97it/s, loss=0.3513]
Epoch 87/100:  24%|██▎       | 18/76 [00:00<00:00, 81.97it/s, loss=0.3900]
Epoch 87/100:  24%|██▎       | 18/76 [00:00<00:00, 81.97it/s, loss=0.4329]
Epoch 87/100:  24%|██▎       | 18/76 [00:00<00:00, 81.97it/s, loss=0.3249]
Epoch 87/100:  36%|███▌      | 27/76 [00:00<00:00, 81.45it/s, loss=0.3249]
Epoch 87/100:  36%|███▌      | 27/76 [00:00<00:00, 81.45it/s, loss=0.3256]
Epoch 87/100:  36%|███▌      | 27/76 [00:00<00:00, 81.45it/s, loss=0.2993]
Epoch 87/100:  36%|███▌      | 27/76 [00:00<00:00, 81.45it/s, loss=0.5016]
Epoch 87/100:  36%|███▌      | 27/76 [00:00<00:00, 81.45it/s, loss=0.2485]
Epoch 87/100:  36%|███▌      | 27/76 [00:00<00:00, 81.45it/s, loss=0.2386]
Epoch 87/100:  36%|███▌      | 27/76 [00:00<00:00, 81.45it/s, loss=0.4409]
Epoch 87/100:  36%|███▌      | 27/76 [00:00<00:00, 81.45it/s, loss=0.3754]
Epoch 87/100:  36%|███▌      | 27/76 [00:00<00:00, 81.45it/s, loss=0.3198]
Epoch 87/100:  36%|███▌      | 27/76 [00:00<00:00, 81.45it/s, loss=0.4093]
Epoch 87/100:  47%|████▋     | 36/76 [00:00<00:00, 81.48it/s, loss=0.4093]
Epoch 87/100:  47%|████▋     | 36/76 [00:00<00:00, 81.48it/s, loss=0.4735]
Epoch 87/100:  47%|████▋     | 36/76 [00:00<00:00, 81.48it/s, loss=0.4842]
Epoch 87/100:  47%|████▋     | 36/76 [00:00<00:00, 81.48it/s, loss=0.4212]
Epoch 87/100:  47%|████▋     | 36/76 [00:00<00:00, 81.48it/s, loss=0.3680]
Epoch 87/100:  47%|████▋     | 36/76 [00:00<00:00, 81.48it/s, loss=0.2349]
Epoch 87/100:  47%|████▋     | 36/76 [00:00<00:00, 81.48it/s, loss=0.4812]
Epoch 87/100:  47%|████▋     | 36/76 [00:00<00:00, 81.48it/s, loss=0.4784]
Epoch 87/100:  47%|████▋     | 36/76 [00:00<00:00, 81.48it/s, loss=0.3525]
Epoch 87/100:  47%|████▋     | 36/76 [00:00<00:00, 81.48it/s, loss=0.4085]
Epoch 87/100:  59%|█████▉    | 45/76 [00:00<00:00, 81.67it/s, loss=0.4085]
Epoch 87/100:  59%|█████▉    | 45/76 [00:00<00:00, 81.67it/s, loss=0.5576]
Epoch 87/100:  59%|█████▉    | 45/76 [00:00<00:00, 81.67it/s, loss=0.3383]
Epoch 87/100:  59%|█████▉    | 45/76 [00:00<00:00, 81.67it/s, loss=0.3279]
Epoch 87/100:  59%|█████▉    | 45/76 [00:00<00:00, 81.67it/s, loss=0.2559]
Epoch 87/100:  59%|█████▉    | 45/76 [00:00<00:00, 81.67it/s, loss=0.3590]
Epoch 87/100:  59%|█████▉    | 45/76 [00:00<00:00, 81.67it/s, loss=0.5164]
Epoch 87/100:  59%|█████▉    | 45/76 [00:00<00:00, 81.67it/s, loss=0.3508]
Epoch 87/100:  59%|█████▉    | 45/76 [00:00<00:00, 81.67it/s, loss=0.6152]
Epoch 87/100:  59%|█████▉    | 45/76 [00:00<00:00, 81.67it/s, loss=0.4442]
Epoch 87/100:  71%|███████   | 54/76 [00:00<00:00, 80.75it/s, loss=0.4442]
Epoch 87/100:  71%|███████   | 54/76 [00:00<00:00, 80.75it/s, loss=0.3160]
Epoch 87/100:  71%|███████   | 54/76 [00:00<00:00, 80.75it/s, loss=0.4139]
Epoch 87/100:  71%|███████   | 54/76 [00:00<00:00, 80.75it/s, loss=0.3281]
Epoch 87/100:  71%|███████   | 54/76 [00:00<00:00, 80.75it/s, loss=0.3729]
Epoch 87/100:  71%|███████   | 54/76 [00:00<00:00, 80.75it/s, loss=0.4597]
Epoch 87/100:  71%|███████   | 54/76 [00:00<00:00, 80.75it/s, loss=0.4870]
Epoch 87/100:  71%|███████   | 54/76 [00:00<00:00, 80.75it/s, loss=0.4249]
Epoch 87/100:  71%|███████   | 54/76 [00:00<00:00, 80.75it/s, loss=0.4006]
Epoch 87/100:  71%|███████   | 54/76 [00:00<00:00, 80.75it/s, loss=0.3326]
Epoch 87/100:  83%|████████▎ | 63/76 [00:00<00:00, 80.00it/s, loss=0.3326]
Epoch 87/100:  83%|████████▎ | 63/76 [00:00<00:00, 80.00it/s, loss=0.3220]
Epoch 87/100:  83%|████████▎ | 63/76 [00:00<00:00, 80.00it/s, loss=0.4622]
Epoch 87/100:  83%|████████▎ | 63/76 [00:00<00:00, 80.00it/s, loss=0.3146]
Epoch 87/100:  83%|████████▎ | 63/76 [00:00<00:00, 80.00it/s, loss=0.3666]
Epoch 87/100:  83%|████████▎ | 63/76 [00:00<00:00, 80.00it/s, loss=0.3641]
Epoch 87/100:  83%|████████▎ | 63/76 [00:00<00:00, 80.00it/s, loss=0.4902]
Epoch 87/100:  83%|████████▎ | 63/76 [00:00<00:00, 80.00it/s, loss=0.4001]
Epoch 87/100:  83%|████████▎ | 63/76 [00:00<00:00, 80.00it/s, loss=0.3682]
Epoch 87/100:  83%|████████▎ | 63/76 [00:00<00:00, 80.00it/s, loss=0.4256]
Epoch 87/100:  95%|█████████▍| 72/76 [00:00<00:00, 79.69it/s, loss=0.4256]
Epoch 87/100:  95%|█████████▍| 72/76 [00:00<00:00, 79.69it/s, loss=0.2522]
Epoch 87/100:  95%|█████████▍| 72/76 [00:00<00:00, 79.69it/s, loss=0.4336]
Epoch 87/100:  95%|█████████▍| 72/76 [00:00<00:00, 79.69it/s, loss=0.3468]
Epoch 87/100:  95%|█████████▍| 72/76 [00:00<00:00, 79.69it/s, loss=0.3674]
Epoch 87/100: 100%|██████████| 76/76 [00:00<00:00, 80.50it/s, loss=0.3674]
Epoch 87/100 - avg_loss: 0.3745

Epoch 88/100:   0%|          | 0/76 [00:00<?, ?it/s]
Epoch 88/100:   0%|          | 0/76 [00:00<?, ?it/s, loss=0.3236]
Epoch 88/100:   0%|          | 0/76 [00:00<?, ?it/s, loss=0.3908]
Epoch 88/100:   0%|          | 0/76 [00:00<?, ?it/s, loss=0.3221]
Epoch 88/100:   0%|          | 0/76 [00:00<?, ?it/s, loss=0.5305]
Epoch 88/100:   0%|          | 0/76 [00:00<?, ?it/s, loss=0.4214]
Epoch 88/100:   0%|          | 0/76 [00:00<?, ?it/s, loss=0.3569]
Epoch 88/100:   0%|          | 0/76 [00:00<?, ?it/s, loss=0.2245]
Epoch 88/100:   0%|          | 0/76 [00:00<?, ?it/s, loss=0.3715]
Epoch 88/100:  11%|█         | 8/76 [00:00<00:00, 78.42it/s, loss=0.3715]
Epoch 88/100:  11%|█         | 8/76 [00:00<00:00, 78.42it/s, loss=0.2769]
Epoch 88/100:  11%|█         | 8/76 [00:00<00:00, 78.42it/s, loss=0.3114]
Epoch 88/100:  11%|█         | 8/76 [00:00<00:00, 78.42it/s, loss=0.4755]
Epoch 88/100:  11%|█         | 8/76 [00:00<00:00, 78.42it/s, loss=0.5624]
Epoch 88/100:  11%|█         | 8/76 [00:00<00:00, 78.42it/s, loss=0.4696]
Epoch 88/100:  11%|█         | 8/76 [00:00<00:00, 78.42it/s, loss=0.4297]
Epoch 88/100:  11%|█         | 8/76 [00:00<00:00, 78.42it/s, loss=0.4665]
Epoch 88/100:  11%|█         | 8/76 [00:00<00:00, 78.42it/s, loss=0.3934]
Epoch 88/100:  21%|██        | 16/76 [00:00<00:00, 78.55it/s, loss=0.3934]
Epoch 88/100:  21%|██        | 16/76 [00:00<00:00, 78.55it/s, loss=0.4378]
Epoch 88/100:  21%|██        | 16/76 [00:00<00:00, 78.55it/s, loss=0.4063]
Epoch 88/100:  21%|██        | 16/76 [00:00<00:00, 78.55it/s, loss=0.3436]
Epoch 88/100:  21%|██        | 16/76 [00:00<00:00, 78.55it/s, loss=0.2263]
Epoch 88/100:  21%|██        | 16/76 [00:00<00:00, 78.55it/s, loss=0.4185]
Epoch 88/100:  21%|██        | 16/76 [00:00<00:00, 78.55it/s, loss=0.2505]
Epoch 88/100:  21%|██        | 16/76 [00:00<00:00, 78.55it/s, loss=0.4281]
Epoch 88/100:  21%|██        | 16/76 [00:00<00:00, 78.55it/s, loss=0.5518]
Epoch 88/100:  32%|███▏      | 24/76 [00:00<00:00, 78.61it/s, loss=0.5518]
Epoch 88/100:  32%|███▏      | 24/76 [00:00<00:00, 78.61it/s, loss=0.3423]
Epoch 88/100:  32%|███▏      | 24/76 [00:00<00:00, 78.61it/s, loss=0.4376]
Epoch 88/100:  32%|███▏      | 24/76 [00:00<00:00, 78.61it/s, loss=0.3635]
Epoch 88/100:  32%|███▏      | 24/76 [00:00<00:00, 78.61it/s, loss=0.2600]
Epoch 88/100:  32%|███▏      | 24/76 [00:00<00:00, 78.61it/s, loss=0.3637]
Epoch 88/100:  32%|███▏      | 24/76 [00:00<00:00, 78.61it/s, loss=0.4377]
Epoch 88/100:  32%|███▏      | 24/76 [00:00<00:00, 78.61it/s, loss=0.3877]
Epoch 88/100:  32%|███▏      | 24/76 [00:00<00:00, 78.61it/s, loss=0.4553]
Epoch 88/100:  42%|████▏     | 32/76 [00:00<00:00, 78.83it/s, loss=0.4553]
Epoch 88/100:  42%|████▏     | 32/76 [00:00<00:00, 78.83it/s, loss=0.3880]
Epoch 88/100:  42%|████▏     | 32/76 [00:00<00:00, 78.83it/s, loss=0.4047]
Epoch 88/100:  42%|████▏     | 32/76 [00:00<00:00, 78.83it/s, loss=0.3058]
Epoch 88/100:  42%|████▏     | 32/76 [00:00<00:00, 78.83it/s, loss=0.2212]
Epoch 88/100:  42%|████▏     | 32/76 [00:00<00:00, 78.83it/s, loss=0.2724]
Epoch 88/100:  42%|████▏     | 32/76 [00:00<00:00, 78.83it/s, loss=0.4441]
Epoch 88/100:  42%|████▏     | 32/76 [00:00<00:00, 78.83it/s, loss=0.2382]
Epoch 88/100:  42%|████▏     | 32/76 [00:00<00:00, 78.83it/s, loss=0.4110]
Epoch 88/100:  53%|█████▎    | 40/76 [00:00<00:00, 78.78it/s, loss=0.4110]
Epoch 88/100:  53%|█████▎    | 40/76 [00:00<00:00, 78.78it/s, loss=0.4692]
Epoch 88/100:  53%|█████▎    | 40/76 [00:00<00:00, 78.78it/s, loss=0.1966]
Epoch 88/100:  53%|█████▎    | 40/76 [00:00<00:00, 78.78it/s, loss=0.3012]
Epoch 88/100:  53%|█████▎    | 40/76 [00:00<00:00, 78.78it/s, loss=0.4079]
Epoch 88/100:  53%|█████▎    | 40/76 [00:00<00:00, 78.78it/s, loss=0.3956]
Epoch 88/100:  53%|█████▎    | 40/76 [00:00<00:00, 78.78it/s, loss=0.3040]
Epoch 88/100:  53%|█████▎    | 40/76 [00:00<00:00, 78.78it/s, loss=0.4539]
Epoch 88/100:  53%|█████▎    | 40/76 [00:00<00:00, 78.78it/s, loss=0.4080]
Epoch 88/100:  63%|██████▎   | 48/76 [00:00<00:00, 78.73it/s, loss=0.4080]
Epoch 88/100:  63%|██████▎   | 48/76 [00:00<00:00, 78.73it/s, loss=0.4450]
Epoch 88/100:  63%|██████▎   | 48/76 [00:00<00:00, 78.73it/s, loss=0.2422]
Epoch 88/100:  63%|██████▎   | 48/76 [00:00<00:00, 78.73it/s, loss=0.3401]
Epoch 88/100:  63%|██████▎   | 48/76 [00:00<00:00, 78.73it/s, loss=0.4029]
Epoch 88/100:  63%|██████▎   | 48/76 [00:00<00:00, 78.73it/s, loss=0.4551]
Epoch 88/100:  63%|██████▎   | 48/76 [00:00<00:00, 78.73it/s, loss=0.3010]
Epoch 88/100:  63%|██████▎   | 48/76 [00:00<00:00, 78.73it/s, loss=0.4358]
Epoch 88/100:  63%|██████▎   | 48/76 [00:00<00:00, 78.73it/s, loss=0.3709]
Epoch 88/100:  74%|███████▎  | 56/76 [00:00<00:00, 78.54it/s, loss=0.3709]
Epoch 88/100:  74%|███████▎  | 56/76 [00:00<00:00, 78.54it/s, loss=0.4318]
Epoch 88/100:  74%|███████▎  | 56/76 [00:00<00:00, 78.54it/s, loss=0.3094]
Epoch 88/100:  74%|███████▎  | 56/76 [00:00<00:00, 78.54it/s, loss=0.2790]
Epoch 88/100:  74%|███████▎  | 56/76 [00:00<00:00, 78.54it/s, loss=0.2709]
Epoch 88/100:  74%|███████▎  | 56/76 [00:00<00:00, 78.54it/s, loss=0.3776]
Epoch 88/100:  74%|███████▎  | 56/76 [00:00<00:00, 78.54it/s, loss=0.3143]
Epoch 88/100:  74%|███████▎  | 56/76 [00:00<00:00, 78.54it/s, loss=0.3205]
Epoch 88/100:  74%|███████▎  | 56/76 [00:00<00:00, 78.54it/s, loss=0.5008]
Epoch 88/100:  84%|████████▍ | 64/76 [00:00<00:00, 78.57it/s, loss=0.5008]
Epoch 88/100:  84%|████████▍ | 64/76 [00:00<00:00, 78.57it/s, loss=0.4027]
Epoch 88/100:  84%|████████▍ | 64/76 [00:00<00:00, 78.57it/s, loss=0.4680]
Epoch 88/100:  84%|████████▍ | 64/76 [00:00<00:00, 78.57it/s, loss=0.3617]
Epoch 88/100:  84%|████████▍ | 64/76 [00:00<00:00, 78.57it/s, loss=0.2755]
Epoch 88/100:  84%|████████▍ | 64/76 [00:00<00:00, 78.57it/s, loss=0.2975]
Epoch 88/100:  84%|████████▍ | 64/76 [00:00<00:00, 78.57it/s, loss=0.3478]
Epoch 88/100:  84%|████████▍ | 64/76 [00:00<00:00, 78.57it/s, loss=0.4954]
Epoch 88/100:  84%|████████▍ | 64/76 [00:00<00:00, 78.57it/s, loss=0.2148]
Epoch 88/100:  95%|█████████▍| 72/76 [00:00<00:00, 78.55it/s, loss=0.2148]
Epoch 88/100:  95%|█████████▍| 72/76 [00:00<00:00, 78.55it/s, loss=0.5812]
Epoch 88/100:  95%|█████████▍| 72/76 [00:00<00:00, 78.55it/s, loss=0.5839]
Epoch 88/100:  95%|█████████▍| 72/76 [00:00<00:00, 78.55it/s, loss=0.4696]
Epoch 88/100:  95%|█████████▍| 72/76 [00:00<00:00, 78.55it/s, loss=0.4095]
Epoch 88/100: 100%|██████████| 76/76 [00:00<00:00, 78.58it/s, loss=0.4095]
Epoch 88/100 - avg_loss: 0.3785

Epoch 89/100:   0%|          | 0/76 [00:00<?, ?it/s]
Epoch 89/100:   0%|          | 0/76 [00:00<?, ?it/s, loss=0.3426]
Epoch 89/100:   0%|          | 0/76 [00:00<?, ?it/s, loss=0.3132]
Epoch 89/100:   0%|          | 0/76 [00:00<?, ?it/s, loss=0.3748]
Epoch 89/100:   0%|          | 0/76 [00:00<?, ?it/s, loss=0.3688]
Epoch 89/100:   0%|          | 0/76 [00:00<?, ?it/s, loss=0.3258]
Epoch 89/100:   0%|          | 0/76 [00:00<?, ?it/s, loss=0.4293]
Epoch 89/100:   0%|          | 0/76 [00:00<?, ?it/s, loss=0.3480]
Epoch 89/100:   0%|          | 0/76 [00:00<?, ?it/s, loss=0.4796]
Epoch 89/100:  11%|█         | 8/76 [00:00<00:00, 78.62it/s, loss=0.4796]
Epoch 89/100:  11%|█         | 8/76 [00:00<00:00, 78.62it/s, loss=0.4122]
Epoch 89/100:  11%|█         | 8/76 [00:00<00:00, 78.62it/s, loss=0.3098]
Epoch 89/100:  11%|█         | 8/76 [00:00<00:00, 78.62it/s, loss=0.3317]
Epoch 89/100:  11%|█         | 8/76 [00:00<00:00, 78.62it/s, loss=0.2374]
Epoch 89/100:  11%|█         | 8/76 [00:00<00:00, 78.62it/s, loss=0.4568]
Epoch 89/100:  11%|█         | 8/76 [00:00<00:00, 78.62it/s, loss=0.4444]
Epoch 89/100:  11%|█         | 8/76 [00:00<00:00, 78.62it/s, loss=0.4646]
Epoch 89/100:  11%|█         | 8/76 [00:00<00:00, 78.62it/s, loss=0.2713]
Epoch 89/100:  21%|██        | 16/76 [00:00<00:00, 78.35it/s, loss=0.2713]
Epoch 89/100:  21%|██        | 16/76 [00:00<00:00, 78.35it/s, loss=0.2696]
Epoch 89/100:  21%|██        | 16/76 [00:00<00:00, 78.35it/s, loss=0.4441]
Epoch 89/100:  21%|██        | 16/76 [00:00<00:00, 78.35it/s, loss=0.4309]
Epoch 89/100:  21%|██        | 16/76 [00:00<00:00, 78.35it/s, loss=0.4347]
Epoch 89/100:  21%|██        | 16/76 [00:00<00:00, 78.35it/s, loss=0.3668]
Epoch 89/100:  21%|██        | 16/76 [00:00<00:00, 78.35it/s, loss=0.3465]
Epoch 89/100:  21%|██        | 16/76 [00:00<00:00, 78.35it/s, loss=0.4485]
Epoch 89/100:  21%|██        | 16/76 [00:00<00:00, 78.35it/s, loss=0.3499]
Epoch 89/100:  32%|███▏      | 24/76 [00:00<00:00, 78.46it/s, loss=0.3499]
Epoch 89/100:  32%|███▏      | 24/76 [00:00<00:00, 78.46it/s, loss=0.2944]
Epoch 89/100:  32%|███▏      | 24/76 [00:00<00:00, 78.46it/s, loss=0.3849]
Epoch 89/100:  32%|███▏      | 24/76 [00:00<00:00, 78.46it/s, loss=0.4047]
Epoch 89/100:  32%|███▏      | 24/76 [00:00<00:00, 78.46it/s, loss=0.2360]
Epoch 89/100:  32%|███▏      | 24/76 [00:00<00:00, 78.46it/s, loss=0.5170]
Epoch 89/100:  32%|███▏      | 24/76 [00:00<00:00, 78.46it/s, loss=0.3162]
Epoch 89/100:  32%|███▏      | 24/76 [00:00<00:00, 78.46it/s, loss=0.3741]
Epoch 89/100:  32%|███▏      | 24/76 [00:00<00:00, 78.46it/s, loss=0.3475]
Epoch 89/100:  42%|████▏     | 32/76 [00:00<00:00, 78.69it/s, loss=0.3475]
Epoch 89/100:  42%|████▏     | 32/76 [00:00<00:00, 78.69it/s, loss=0.3494]
Epoch 89/100:  42%|████▏     | 32/76 [00:00<00:00, 78.69it/s, loss=0.3531]
Epoch 89/100:  42%|████▏     | 32/76 [00:00<00:00, 78.69it/s, loss=0.4710]
Epoch 89/100:  42%|████▏     | 32/76 [00:00<00:00, 78.69it/s, loss=0.2467]
Epoch 89/100:  42%|████▏     | 32/76 [00:00<00:00, 78.69it/s, loss=0.2733]
Epoch 89/100:  42%|████▏     | 32/76 [00:00<00:00, 78.69it/s, loss=0.3806]
Epoch 89/100:  42%|████▏     | 32/76 [00:00<00:00, 78.69it/s, loss=0.4876]
Epoch 89/100:  42%|████▏     | 32/76 [00:00<00:00, 78.69it/s, loss=0.4879]
Epoch 89/100:  53%|█████▎    | 40/76 [00:00<00:00, 78.82it/s, loss=0.4879]
Epoch 89/100:  53%|█████▎    | 40/76 [00:00<00:00, 78.82it/s, loss=0.3860]
Epoch 89/100:  53%|█████▎    | 40/76 [00:00<00:00, 78.82it/s, loss=0.2337]
Epoch 89/100:  53%|█████▎    | 40/76 [00:00<00:00, 78.82it/s, loss=0.4948]
Epoch 89/100:  53%|█████▎    | 40/76 [00:00<00:00, 78.82it/s, loss=0.5781]
Epoch 89/100:  53%|█████▎    | 40/76 [00:00<00:00, 78.82it/s, loss=0.3312]
Epoch 89/100:  53%|█████▎    | 40/76 [00:00<00:00, 78.82it/s, loss=0.4206]
Epoch 89/100:  53%|█████▎    | 40/76 [00:00<00:00, 78.82it/s, loss=0.2429]
Epoch 89/100:  53%|█████▎    | 40/76 [00:00<00:00, 78.82it/s, loss=0.2991]
Epoch 89/100:  63%|██████▎   | 48/76 [00:00<00:00, 78.79it/s, loss=0.2991]
Epoch 89/100:  63%|██████▎   | 48/76 [00:00<00:00, 78.79it/s, loss=0.4226]
Epoch 89/100:  63%|██████▎   | 48/76 [00:00<00:00, 78.79it/s, loss=0.3685]
Epoch 89/100:  63%|██████▎   | 48/76 [00:00<00:00, 78.79it/s, loss=0.3607]
Epoch 89/100:  63%|██████▎   | 48/76 [00:00<00:00, 78.79it/s, loss=0.3941]
Epoch 89/100:  63%|██████▎   | 48/76 [00:00<00:00, 78.79it/s, loss=0.3683]
Epoch 89/100:  63%|██████▎   | 48/76 [00:00<00:00, 78.79it/s, loss=0.3447]
Epoch 89/100:  63%|██████▎   | 48/76 [00:00<00:00, 78.79it/s, loss=0.2858]
Epoch 89/100:  63%|██████▎   | 48/76 [00:00<00:00, 78.79it/s, loss=0.3716]
Epoch 89/100:  74%|███████▎  | 56/76 [00:00<00:00, 78.71it/s, loss=0.3716]
Epoch 89/100:  74%|███████▎  | 56/76 [00:00<00:00, 78.71it/s, loss=0.3529]
Epoch 89/100:  74%|███████▎  | 56/76 [00:00<00:00, 78.71it/s, loss=0.2719]
Epoch 89/100:  74%|███████▎  | 56/76 [00:00<00:00, 78.71it/s, loss=0.4215]
Epoch 89/100:  74%|███████▎  | 56/76 [00:00<00:00, 78.71it/s, loss=0.3736]
Epoch 89/100:  74%|███████▎  | 56/76 [00:00<00:00, 78.71it/s, loss=0.4812]
Epoch 89/100:  74%|███████▎  | 56/76 [00:00<00:00, 78.71it/s, loss=0.4594]
Epoch 89/100:  74%|███████▎  | 56/76 [00:00<00:00, 78.71it/s, loss=0.3225]
Epoch 89/100:  74%|███████▎  | 56/76 [00:00<00:00, 78.71it/s, loss=0.4132]
Epoch 89/100:  84%|████████▍ | 64/76 [00:00<00:00, 78.53it/s, loss=0.4132]
Epoch 89/100:  84%|████████▍ | 64/76 [00:00<00:00, 78.53it/s, loss=0.4100]
Epoch 89/100:  84%|████████▍ | 64/76 [00:00<00:00, 78.53it/s, loss=0.4972]
Epoch 89/100:  84%|████████▍ | 64/76 [00:00<00:00, 78.53it/s, loss=0.6016]
Epoch 89/100:  84%|████████▍ | 64/76 [00:00<00:00, 78.53it/s, loss=0.3846]
Epoch 89/100:  84%|████████▍ | 64/76 [00:00<00:00, 78.53it/s, loss=0.2698]
Epoch 89/100:  84%|████████▍ | 64/76 [00:00<00:00, 78.53it/s, loss=0.3976]
Epoch 89/100:  84%|████████▍ | 64/76 [00:00<00:00, 78.53it/s, loss=0.4125]
Epoch 89/100:  84%|████████▍ | 64/76 [00:00<00:00, 78.53it/s, loss=0.4321]
Epoch 89/100:  95%|█████████▍| 72/76 [00:00<00:00, 78.68it/s, loss=0.4321]
Epoch 89/100:  95%|█████████▍| 72/76 [00:00<00:00, 78.68it/s, loss=0.4523]
Epoch 89/100:  95%|█████████▍| 72/76 [00:00<00:00, 78.68it/s, loss=0.4748]
Epoch 89/100:  95%|█████████▍| 72/76 [00:00<00:00, 78.68it/s, loss=0.2665]
Epoch 89/100:  95%|█████████▍| 72/76 [00:00<00:00, 78.68it/s, loss=0.2058]
Epoch 89/100: 100%|██████████| 76/76 [00:00<00:00, 78.68it/s, loss=0.2058]
Epoch 89/100 - avg_loss: 0.3780

Epoch 90/100:   0%|          | 0/76 [00:00<?, ?it/s]
Epoch 90/100:   0%|          | 0/76 [00:00<?, ?it/s, loss=0.4201]
Epoch 90/100:   0%|          | 0/76 [00:00<?, ?it/s, loss=0.3089]
Epoch 90/100:   0%|          | 0/76 [00:00<?, ?it/s, loss=0.2501]
Epoch 90/100:   0%|          | 0/76 [00:00<?, ?it/s, loss=0.4195]
Epoch 90/100:   0%|          | 0/76 [00:00<?, ?it/s, loss=0.4136]
Epoch 90/100:   0%|          | 0/76 [00:00<?, ?it/s, loss=0.2552]
Epoch 90/100:   0%|          | 0/76 [00:00<?, ?it/s, loss=0.4287]
Epoch 90/100:   0%|          | 0/76 [00:00<?, ?it/s, loss=0.5324]
Epoch 90/100:   0%|          | 0/76 [00:00<?, ?it/s, loss=0.4512]
Epoch 90/100:  12%|█▏        | 9/76 [00:00<00:00, 80.52it/s, loss=0.4512]
Epoch 90/100:  12%|█▏        | 9/76 [00:00<00:00, 80.52it/s, loss=0.4099]
Epoch 90/100:  12%|█▏        | 9/76 [00:00<00:00, 80.52it/s, loss=0.2057]
Epoch 90/100:  12%|█▏        | 9/76 [00:00<00:00, 80.52it/s, loss=0.3559]
Epoch 90/100:  12%|█▏        | 9/76 [00:00<00:00, 80.52it/s, loss=0.3400]
Epoch 90/100:  12%|█▏        | 9/76 [00:00<00:00, 80.52it/s, loss=0.4219]
Epoch 90/100:  12%|█▏        | 9/76 [00:00<00:00, 80.52it/s, loss=0.3543]
Epoch 90/100:  12%|█▏        | 9/76 [00:00<00:00, 80.52it/s, loss=0.5349]
Epoch 90/100:  12%|█▏        | 9/76 [00:00<00:00, 80.52it/s, loss=0.2605]
Epoch 90/100:  12%|█▏        | 9/76 [00:00<00:00, 80.52it/s, loss=0.3597]
Epoch 90/100:  24%|██▎       | 18/76 [00:00<00:00, 80.88it/s, loss=0.3597]
Epoch 90/100:  24%|██▎       | 18/76 [00:00<00:00, 80.88it/s, loss=0.4991]
Epoch 90/100:  24%|██▎       | 18/76 [00:00<00:00, 80.88it/s, loss=0.2834]
Epoch 90/100:  24%|██▎       | 18/76 [00:00<00:00, 80.88it/s, loss=0.4020]
Epoch 90/100:  24%|██▎       | 18/76 [00:00<00:00, 80.88it/s, loss=0.3755]
Epoch 90/100:  24%|██▎       | 18/76 [00:00<00:00, 80.88it/s, loss=0.3460]
Epoch 90/100:  24%|██▎       | 18/76 [00:00<00:00, 80.88it/s, loss=0.4380]
Epoch 90/100:  24%|██▎       | 18/76 [00:00<00:00, 80.88it/s, loss=0.4249]
Epoch 90/100:  24%|██▎       | 18/76 [00:00<00:00, 80.88it/s, loss=0.4236]
Epoch 90/100:  24%|██▎       | 18/76 [00:00<00:00, 80.88it/s, loss=0.4064]
Epoch 90/100:  36%|███▌      | 27/76 [00:00<00:00, 81.16it/s, loss=0.4064]
Epoch 90/100:  36%|███▌      | 27/76 [00:00<00:00, 81.16it/s, loss=0.4421]
Epoch 90/100:  36%|███▌      | 27/76 [00:00<00:00, 81.16it/s, loss=0.3308]
Epoch 90/100:  36%|███▌      | 27/76 [00:00<00:00, 81.16it/s, loss=0.4227]
Epoch 90/100:  36%|███▌      | 27/76 [00:00<00:00, 81.16it/s, loss=0.5797]
Epoch 90/100:  36%|███▌      | 27/76 [00:00<00:00, 81.16it/s, loss=0.4256]
Epoch 90/100:  36%|███▌      | 27/76 [00:00<00:00, 81.16it/s, loss=0.4341]
Epoch 90/100:  36%|███▌      | 27/76 [00:00<00:00, 81.16it/s, loss=0.2959]
Epoch 90/100:  36%|███▌      | 27/76 [00:00<00:00, 81.16it/s, loss=0.2932]
Epoch 90/100:  36%|███▌      | 27/76 [00:00<00:00, 81.16it/s, loss=0.3269]
Epoch 90/100:  47%|████▋     | 36/76 [00:00<00:00, 81.42it/s, loss=0.3269]
Epoch 90/100:  47%|████▋     | 36/76 [00:00<00:00, 81.42it/s, loss=0.3443]
Epoch 90/100:  47%|████▋     | 36/76 [00:00<00:00, 81.42it/s, loss=0.3004]
Epoch 90/100:  47%|████▋     | 36/76 [00:00<00:00, 81.42it/s, loss=0.3353]
Epoch 90/100:  47%|████▋     | 36/76 [00:00<00:00, 81.42it/s, loss=0.2831]
Epoch 90/100:  47%|████▋     | 36/76 [00:00<00:00, 81.42it/s, loss=0.2669]
Epoch 90/100:  47%|████▋     | 36/76 [00:00<00:00, 81.42it/s, loss=0.5202]
Epoch 90/100:  47%|████▋     | 36/76 [00:00<00:00, 81.42it/s, loss=0.3600]
Epoch 90/100:  47%|████▋     | 36/76 [00:00<00:00, 81.42it/s, loss=0.3694]
Epoch 90/100:  47%|████▋     | 36/76 [00:00<00:00, 81.42it/s, loss=0.2955]
Epoch 90/100:  59%|█████▉    | 45/76 [00:00<00:00, 81.40it/s, loss=0.2955]
Epoch 90/100:  59%|█████▉    | 45/76 [00:00<00:00, 81.40it/s, loss=0.4449]
Epoch 90/100:  59%|█████▉    | 45/76 [00:00<00:00, 81.40it/s, loss=0.3968]
Epoch 90/100:  59%|█████▉    | 45/76 [00:00<00:00, 81.40it/s, loss=0.3145]
Epoch 90/100:  59%|█████▉    | 45/76 [00:00<00:00, 81.40it/s, loss=0.6444]
Epoch 90/100:  59%|█████▉    | 45/76 [00:00<00:00, 81.40it/s, loss=0.4559]
Epoch 90/100:  59%|█████▉    | 45/76 [00:00<00:00, 81.40it/s, loss=0.2927]
Epoch 90/100:  59%|█████▉    | 45/76 [00:00<00:00, 81.40it/s, loss=0.3691]
Epoch 90/100:  59%|█████▉    | 45/76 [00:00<00:00, 81.40it/s, loss=0.3181]
Epoch 90/100:  59%|█████▉    | 45/76 [00:00<00:00, 81.40it/s, loss=0.3301]
Epoch 90/100:  71%|███████   | 54/76 [00:00<00:00, 81.53it/s, loss=0.3301]
Epoch 90/100:  71%|███████   | 54/76 [00:00<00:00, 81.53it/s, loss=0.5243]
Epoch 90/100:  71%|███████   | 54/76 [00:00<00:00, 81.53it/s, loss=0.3704]
Epoch 90/100:  71%|███████   | 54/76 [00:00<00:00, 81.53it/s, loss=0.3611]
Epoch 90/100:  71%|███████   | 54/76 [00:00<00:00, 81.53it/s, loss=0.4633]
Epoch 90/100:  71%|███████   | 54/76 [00:00<00:00, 81.53it/s, loss=0.3769]
Epoch 90/100:  71%|███████   | 54/76 [00:00<00:00, 81.53it/s, loss=0.3204]
Epoch 90/100:  71%|███████   | 54/76 [00:00<00:00, 81.53it/s, loss=0.3432]
Epoch 90/100:  71%|███████   | 54/76 [00:00<00:00, 81.53it/s, loss=0.2799]
Epoch 90/100:  71%|███████   | 54/76 [00:00<00:00, 81.53it/s, loss=0.3483]
Epoch 90/100:  83%|████████▎ | 63/76 [00:00<00:00, 81.43it/s, loss=0.3483]
Epoch 90/100:  83%|████████▎ | 63/76 [00:00<00:00, 81.43it/s, loss=0.3825]
Epoch 90/100:  83%|████████▎ | 63/76 [00:00<00:00, 81.43it/s, loss=0.2447]
Epoch 90/100:  83%|████████▎ | 63/76 [00:00<00:00, 81.43it/s, loss=0.4395]
Epoch 90/100:  83%|████████▎ | 63/76 [00:00<00:00, 81.43it/s, loss=0.1957]
Epoch 90/100:  83%|████████▎ | 63/76 [00:00<00:00, 81.43it/s, loss=0.2922]
Epoch 90/100:  83%|████████▎ | 63/76 [00:00<00:00, 81.43it/s, loss=0.3544]
Epoch 90/100:  83%|████████▎ | 63/76 [00:00<00:00, 81.43it/s, loss=0.4970]
Epoch 90/100:  83%|████████▎ | 63/76 [00:00<00:00, 81.43it/s, loss=0.3503]
Epoch 90/100:  83%|████████▎ | 63/76 [00:00<00:00, 81.43it/s, loss=0.5120]
Epoch 90/100:  95%|█████████▍| 72/76 [00:00<00:00, 81.08it/s, loss=0.5120]
Epoch 90/100:  95%|█████████▍| 72/76 [00:00<00:00, 81.08it/s, loss=0.2591]
Epoch 90/100:  95%|█████████▍| 72/76 [00:00<00:00, 81.08it/s, loss=0.2826]
Epoch 90/100:  95%|█████████▍| 72/76 [00:00<00:00, 81.08it/s, loss=0.4395]
Epoch 90/100:  95%|█████████▍| 72/76 [00:00<00:00, 81.08it/s, loss=0.6273]
Epoch 90/100: 100%|██████████| 76/76 [00:00<00:00, 81.25it/s, loss=0.6273]
Epoch 90/100 - avg_loss: 0.3787

Epoch 91/100:   0%|          | 0/76 [00:00<?, ?it/s]
Epoch 91/100:   0%|          | 0/76 [00:00<?, ?it/s, loss=0.3454]
Epoch 91/100:   0%|          | 0/76 [00:00<?, ?it/s, loss=0.3465]
Epoch 91/100:   0%|          | 0/76 [00:00<?, ?it/s, loss=0.3792]
Epoch 91/100:   0%|          | 0/76 [00:00<?, ?it/s, loss=0.5385]
Epoch 91/100:   0%|          | 0/76 [00:00<?, ?it/s, loss=0.1828]
Epoch 91/100:   0%|          | 0/76 [00:00<?, ?it/s, loss=0.2648]
Epoch 91/100:   0%|          | 0/76 [00:00<?, ?it/s, loss=0.2763]
Epoch 91/100:   0%|          | 0/76 [00:00<?, ?it/s, loss=0.5479]
Epoch 91/100:   0%|          | 0/76 [00:00<?, ?it/s, loss=0.3168]
Epoch 91/100:  12%|█▏        | 9/76 [00:00<00:00, 81.70it/s, loss=0.3168]
Epoch 91/100:  12%|█▏        | 9/76 [00:00<00:00, 81.70it/s, loss=0.1691]
Epoch 91/100:  12%|█▏        | 9/76 [00:00<00:00, 81.70it/s, loss=0.3690]
Epoch 91/100:  12%|█▏        | 9/76 [00:00<00:00, 81.70it/s, loss=0.4996]
Epoch 91/100:  12%|█▏        | 9/76 [00:00<00:00, 81.70it/s, loss=0.2979]
Epoch 91/100:  12%|█▏        | 9/76 [00:00<00:00, 81.70it/s, loss=0.3244]
Epoch 91/100:  12%|█▏        | 9/76 [00:00<00:00, 81.70it/s, loss=0.2771]
Epoch 91/100:  12%|█▏        | 9/76 [00:00<00:00, 81.70it/s, loss=0.3259]
Epoch 91/100:  12%|█▏        | 9/76 [00:00<00:00, 81.70it/s, loss=0.2685]
Epoch 91/100:  12%|█▏        | 9/76 [00:00<00:00, 81.70it/s, loss=0.3606]
Epoch 91/100:  24%|██▎       | 18/76 [00:00<00:00, 81.58it/s, loss=0.3606]
Epoch 91/100:  24%|██▎       | 18/76 [00:00<00:00, 81.58it/s, loss=0.3521]
Epoch 91/100:  24%|██▎       | 18/76 [00:00<00:00, 81.58it/s, loss=0.2546]
Epoch 91/100:  24%|██▎       | 18/76 [00:00<00:00, 81.58it/s, loss=0.2998]
Epoch 91/100:  24%|██▎       | 18/76 [00:00<00:00, 81.58it/s, loss=0.2821]
Epoch 91/100:  24%|██▎       | 18/76 [00:00<00:00, 81.58it/s, loss=0.3148]
Epoch 91/100:  24%|██▎       | 18/76 [00:00<00:00, 81.58it/s, loss=0.3913]
Epoch 91/100:  24%|██▎       | 18/76 [00:00<00:00, 81.58it/s, loss=0.3112]
Epoch 91/100:  24%|██▎       | 18/76 [00:00<00:00, 81.58it/s, loss=0.3257]
Epoch 91/100:  24%|██▎       | 18/76 [00:00<00:00, 81.58it/s, loss=0.3620]
Epoch 91/100:  36%|███▌      | 27/76 [00:00<00:00, 81.47it/s, loss=0.3620]
Epoch 91/100:  36%|███▌      | 27/76 [00:00<00:00, 81.47it/s, loss=0.2328]
Epoch 91/100:  36%|███▌      | 27/76 [00:00<00:00, 81.47it/s, loss=0.4321]
Epoch 91/100:  36%|███▌      | 27/76 [00:00<00:00, 81.47it/s, loss=0.3658]
Epoch 91/100:  36%|███▌      | 27/76 [00:00<00:00, 81.47it/s, loss=0.2343]
Epoch 91/100:  36%|███▌      | 27/76 [00:00<00:00, 81.47it/s, loss=0.3160]
Epoch 91/100:  36%|███▌      | 27/76 [00:00<00:00, 81.47it/s, loss=0.2598]
Epoch 91/100:  36%|███▌      | 27/76 [00:00<00:00, 81.47it/s, loss=0.3220]
Epoch 91/100:  36%|███▌      | 27/76 [00:00<00:00, 81.47it/s, loss=0.3588]
Epoch 91/100:  36%|███▌      | 27/76 [00:00<00:00, 81.47it/s, loss=0.2933]
Epoch 91/100:  47%|████▋     | 36/76 [00:00<00:00, 80.41it/s, loss=0.2933]
Epoch 91/100:  47%|████▋     | 36/76 [00:00<00:00, 80.41it/s, loss=0.3043]
Epoch 91/100:  47%|████▋     | 36/76 [00:00<00:00, 80.41it/s, loss=0.2568]
Epoch 91/100:  47%|████▋     | 36/76 [00:00<00:00, 80.41it/s, loss=0.3396]
Epoch 91/100:  47%|████▋     | 36/76 [00:00<00:00, 80.41it/s, loss=0.3681]
Epoch 91/100:  47%|████▋     | 36/76 [00:00<00:00, 80.41it/s, loss=0.4174]
Epoch 91/100:  47%|████▋     | 36/76 [00:00<00:00, 80.41it/s, loss=0.4614]
Epoch 91/100:  47%|████▋     | 36/76 [00:00<00:00, 80.41it/s, loss=0.3704]
Epoch 91/100:  47%|████▋     | 36/76 [00:00<00:00, 80.41it/s, loss=0.3350]
Epoch 91/100:  47%|████▋     | 36/76 [00:00<00:00, 80.41it/s, loss=0.4048]
Epoch 91/100:  59%|█████▉    | 45/76 [00:00<00:00, 80.70it/s, loss=0.4048]
Epoch 91/100:  59%|█████▉    | 45/76 [00:00<00:00, 80.70it/s, loss=0.3193]
Epoch 91/100:  59%|█████▉    | 45/76 [00:00<00:00, 80.70it/s, loss=0.3414]
Epoch 91/100:  59%|█████▉    | 45/76 [00:00<00:00, 80.70it/s, loss=0.3773]
Epoch 91/100:  59%|█████▉    | 45/76 [00:00<00:00, 80.70it/s, loss=0.3844]
Epoch 91/100:  59%|█████▉    | 45/76 [00:00<00:00, 80.70it/s, loss=0.3339]
Epoch 91/100:  59%|█████▉    | 45/76 [00:00<00:00, 80.70it/s, loss=0.3506]
Epoch 91/100:  59%|█████▉    | 45/76 [00:00<00:00, 80.70it/s, loss=0.4489]
Epoch 91/100:  59%|█████▉    | 45/76 [00:00<00:00, 80.70it/s, loss=0.3932]
Epoch 91/100:  59%|█████▉    | 45/76 [00:00<00:00, 80.70it/s, loss=0.1939]
Epoch 91/100:  71%|███████   | 54/76 [00:00<00:00, 81.04it/s, loss=0.1939]
Epoch 91/100:  71%|███████   | 54/76 [00:00<00:00, 81.04it/s, loss=0.4897]
Epoch 91/100:  71%|███████   | 54/76 [00:00<00:00, 81.04it/s, loss=0.3831]
Epoch 91/100:  71%|███████   | 54/76 [00:00<00:00, 81.04it/s, loss=0.3597]
Epoch 91/100:  71%|███████   | 54/76 [00:00<00:00, 81.04it/s, loss=0.3811]
Epoch 91/100:  71%|███████   | 54/76 [00:00<00:00, 81.04it/s, loss=0.4320]
Epoch 91/100:  71%|███████   | 54/76 [00:00<00:00, 81.04it/s, loss=0.3298]
Epoch 91/100:  71%|███████   | 54/76 [00:00<00:00, 81.04it/s, loss=0.3001]
Epoch 91/100:  71%|███████   | 54/76 [00:00<00:00, 81.04it/s, loss=0.3187]
Epoch 91/100:  71%|███████   | 54/76 [00:00<00:00, 81.04it/s, loss=0.2923]
Epoch 91/100:  83%|████████▎ | 63/76 [00:00<00:00, 81.16it/s, loss=0.2923]
Epoch 91/100:  83%|████████▎ | 63/76 [00:00<00:00, 81.16it/s, loss=0.3860]
Epoch 91/100:  83%|████████▎ | 63/76 [00:00<00:00, 81.16it/s, loss=0.3444]
Epoch 91/100:  83%|████████▎ | 63/76 [00:00<00:00, 81.16it/s, loss=0.5297]
Epoch 91/100:  83%|████████▎ | 63/76 [00:00<00:00, 81.16it/s, loss=0.4955]
Epoch 91/100:  83%|████████▎ | 63/76 [00:00<00:00, 81.16it/s, loss=0.3581]
Epoch 91/100:  83%|████████▎ | 63/76 [00:00<00:00, 81.16it/s, loss=0.5126]
Epoch 91/100:  83%|████████▎ | 63/76 [00:00<00:00, 81.16it/s, loss=0.5308]
Epoch 91/100:  83%|████████▎ | 63/76 [00:00<00:00, 81.16it/s, loss=0.3162]
Epoch 91/100:  83%|████████▎ | 63/76 [00:00<00:00, 81.16it/s, loss=0.3245]
Epoch 91/100:  95%|█████████▍| 72/76 [00:00<00:00, 80.98it/s, loss=0.3245]
Epoch 91/100:  95%|█████████▍| 72/76 [00:00<00:00, 80.98it/s, loss=0.2784]
Epoch 91/100:  95%|█████████▍| 72/76 [00:00<00:00, 80.98it/s, loss=0.5376]
Epoch 91/100:  95%|█████████▍| 72/76 [00:00<00:00, 80.98it/s, loss=0.6190]
Epoch 91/100:  95%|█████████▍| 72/76 [00:00<00:00, 80.98it/s, loss=0.4925]
Epoch 91/100: 100%|██████████| 76/76 [00:00<00:00, 81.00it/s, loss=0.4925]
Epoch 91/100 - avg_loss: 0.3580

Epoch 92/100:   0%|          | 0/76 [00:00<?, ?it/s]
Epoch 92/100:   0%|          | 0/76 [00:00<?, ?it/s, loss=0.4247]
Epoch 92/100:   0%|          | 0/76 [00:00<?, ?it/s, loss=0.3255]
Epoch 92/100:   0%|          | 0/76 [00:00<?, ?it/s, loss=0.4292]
Epoch 92/100:   0%|          | 0/76 [00:00<?, ?it/s, loss=0.2021]
Epoch 92/100:   0%|          | 0/76 [00:00<?, ?it/s, loss=0.2555]
Epoch 92/100:   0%|          | 0/76 [00:00<?, ?it/s, loss=0.3412]
Epoch 92/100:   0%|          | 0/76 [00:00<?, ?it/s, loss=0.5773]
Epoch 92/100:   0%|          | 0/76 [00:00<?, ?it/s, loss=0.2880]
Epoch 92/100:   0%|          | 0/76 [00:00<?, ?it/s, loss=0.4376]
Epoch 92/100:  12%|█▏        | 9/76 [00:00<00:00, 80.91it/s, loss=0.4376]
Epoch 92/100:  12%|█▏        | 9/76 [00:00<00:00, 80.91it/s, loss=0.3866]
Epoch 92/100:  12%|█▏        | 9/76 [00:00<00:00, 80.91it/s, loss=0.4988]
Epoch 92/100:  12%|█▏        | 9/76 [00:00<00:00, 80.91it/s, loss=0.3425]
Epoch 92/100:  12%|█▏        | 9/76 [00:00<00:00, 80.91it/s, loss=0.2830]
Epoch 92/100:  12%|█▏        | 9/76 [00:00<00:00, 80.91it/s, loss=0.3169]
Epoch 92/100:  12%|█▏        | 9/76 [00:00<00:00, 80.91it/s, loss=0.5002]
Epoch 92/100:  12%|█▏        | 9/76 [00:00<00:00, 80.91it/s, loss=0.3988]
Epoch 92/100:  12%|█▏        | 9/76 [00:00<00:00, 80.91it/s, loss=0.2601]
Epoch 92/100:  12%|█▏        | 9/76 [00:00<00:00, 80.91it/s, loss=0.3265]
Epoch 92/100:  24%|██▎       | 18/76 [00:00<00:00, 81.36it/s, loss=0.3265]
Epoch 92/100:  24%|██▎       | 18/76 [00:00<00:00, 81.36it/s, loss=0.2375]
Epoch 92/100:  24%|██▎       | 18/76 [00:00<00:00, 81.36it/s, loss=0.4457]
Epoch 92/100:  24%|██▎       | 18/76 [00:00<00:00, 81.36it/s, loss=0.3169]
Epoch 92/100:  24%|██▎       | 18/76 [00:00<00:00, 81.36it/s, loss=0.2211]
Epoch 92/100:  24%|██▎       | 18/76 [00:00<00:00, 81.36it/s, loss=0.3532]
Epoch 92/100:  24%|██▎       | 18/76 [00:00<00:00, 81.36it/s, loss=0.2435]
Epoch 92/100:  24%|██▎       | 18/76 [00:00<00:00, 81.36it/s, loss=0.3227]
Epoch 92/100:  24%|██▎       | 18/76 [00:00<00:00, 81.36it/s, loss=0.3394]
Epoch 92/100:  24%|██▎       | 18/76 [00:00<00:00, 81.36it/s, loss=0.4977]
Epoch 92/100:  36%|███▌      | 27/76 [00:00<00:00, 80.83it/s, loss=0.4977]
Epoch 92/100:  36%|███▌      | 27/76 [00:00<00:00, 80.83it/s, loss=0.3383]
Epoch 92/100:  36%|███▌      | 27/76 [00:00<00:00, 80.83it/s, loss=0.3897]
Epoch 92/100:  36%|███▌      | 27/76 [00:00<00:00, 80.83it/s, loss=0.3473]
Epoch 92/100:  36%|███▌      | 27/76 [00:00<00:00, 80.83it/s, loss=0.4990]
Epoch 92/100:  36%|███▌      | 27/76 [00:00<00:00, 80.83it/s, loss=0.2759]
Epoch 92/100:  36%|███▌      | 27/76 [00:00<00:00, 80.83it/s, loss=0.4327]
Epoch 92/100:  36%|███▌      | 27/76 [00:00<00:00, 80.83it/s, loss=0.4320]
Epoch 92/100:  36%|███▌      | 27/76 [00:00<00:00, 80.83it/s, loss=0.3025]
Epoch 92/100:  36%|███▌      | 27/76 [00:00<00:00, 80.83it/s, loss=0.2970]
Epoch 92/100:  47%|████▋     | 36/76 [00:00<00:00, 81.02it/s, loss=0.2970]
Epoch 92/100:  47%|████▋     | 36/76 [00:00<00:00, 81.02it/s, loss=0.3119]
Epoch 92/100:  47%|████▋     | 36/76 [00:00<00:00, 81.02it/s, loss=0.3357]
Epoch 92/100:  47%|████▋     | 36/76 [00:00<00:00, 81.02it/s, loss=0.3697]
Epoch 92/100:  47%|████▋     | 36/76 [00:00<00:00, 81.02it/s, loss=0.3662]
Epoch 92/100:  47%|████▋     | 36/76 [00:00<00:00, 81.02it/s, loss=0.4278]
Epoch 92/100:  47%|████▋     | 36/76 [00:00<00:00, 81.02it/s, loss=0.3623]
Epoch 92/100:  47%|████▋     | 36/76 [00:00<00:00, 81.02it/s, loss=0.4328]
Epoch 92/100:  47%|████▋     | 36/76 [00:00<00:00, 81.02it/s, loss=0.4228]
Epoch 92/100:  47%|████▋     | 36/76 [00:00<00:00, 81.02it/s, loss=0.2584]
Epoch 92/100:  59%|█████▉    | 45/76 [00:00<00:00, 81.14it/s, loss=0.2584]
Epoch 92/100:  59%|█████▉    | 45/76 [00:00<00:00, 81.14it/s, loss=0.3736]
Epoch 92/100:  59%|█████▉    | 45/76 [00:00<00:00, 81.14it/s, loss=0.4674]
Epoch 92/100:  59%|█████▉    | 45/76 [00:00<00:00, 81.14it/s, loss=0.4072]
Epoch 92/100:  59%|█████▉    | 45/76 [00:00<00:00, 81.14it/s, loss=0.2888]
Epoch 92/100:  59%|█████▉    | 45/76 [00:00<00:00, 81.14it/s, loss=0.2043]
Epoch 92/100:  59%|█████▉    | 45/76 [00:00<00:00, 81.14it/s, loss=0.3411]
Epoch 92/100:  59%|█████▉    | 45/76 [00:00<00:00, 81.14it/s, loss=0.3897]
Epoch 92/100:  59%|█████▉    | 45/76 [00:00<00:00, 81.14it/s, loss=0.4736]
Epoch 92/100:  59%|█████▉    | 45/76 [00:00<00:00, 81.14it/s, loss=0.2737]
Epoch 92/100:  71%|███████   | 54/76 [00:00<00:00, 81.29it/s, loss=0.2737]
Epoch 92/100:  71%|███████   | 54/76 [00:00<00:00, 81.29it/s, loss=0.4068]
Epoch 92/100:  71%|███████   | 54/76 [00:00<00:00, 81.29it/s, loss=0.3485]
Epoch 92/100:  71%|███████   | 54/76 [00:00<00:00, 81.29it/s, loss=0.3749]
Epoch 92/100:  71%|███████   | 54/76 [00:00<00:00, 81.29it/s, loss=0.3313]
Epoch 92/100:  71%|███████   | 54/76 [00:00<00:00, 81.29it/s, loss=0.4631]
Epoch 92/100:  71%|███████   | 54/76 [00:00<00:00, 81.29it/s, loss=0.3066]
Epoch 92/100:  71%|███████   | 54/76 [00:00<00:00, 81.29it/s, loss=0.4027]
Epoch 92/100:  71%|███████   | 54/76 [00:00<00:00, 81.29it/s, loss=0.5936]
Epoch 92/100:  71%|███████   | 54/76 [00:00<00:00, 81.29it/s, loss=0.3388]
Epoch 92/100:  83%|████████▎ | 63/76 [00:00<00:00, 81.41it/s, loss=0.3388]
Epoch 92/100:  83%|████████▎ | 63/76 [00:00<00:00, 81.41it/s, loss=0.4956]
Epoch 92/100:  83%|████████▎ | 63/76 [00:00<00:00, 81.41it/s, loss=0.3705]
Epoch 92/100:  83%|████████▎ | 63/76 [00:00<00:00, 81.41it/s, loss=0.4078]
Epoch 92/100:  83%|████████▎ | 63/76 [00:00<00:00, 81.41it/s, loss=0.3507]
Epoch 92/100:  83%|████████▎ | 63/76 [00:00<00:00, 81.41it/s, loss=0.3472]
Epoch 92/100:  83%|████████▎ | 63/76 [00:00<00:00, 81.41it/s, loss=0.2683]
Epoch 92/100:  83%|████████▎ | 63/76 [00:00<00:00, 81.41it/s, loss=0.5035]
Epoch 92/100:  83%|████████▎ | 63/76 [00:00<00:00, 81.41it/s, loss=0.7240]
Epoch 92/100:  83%|████████▎ | 63/76 [00:00<00:00, 81.41it/s, loss=0.3481]
Epoch 92/100:  95%|█████████▍| 72/76 [00:00<00:00, 81.25it/s, loss=0.3481]
Epoch 92/100:  95%|█████████▍| 72/76 [00:00<00:00, 81.25it/s, loss=0.2680]
Epoch 92/100:  95%|█████████▍| 72/76 [00:00<00:00, 81.25it/s, loss=0.4401]
Epoch 92/100:  95%|█████████▍| 72/76 [00:00<00:00, 81.25it/s, loss=0.3151]
Epoch 92/100:  95%|█████████▍| 72/76 [00:00<00:00, 81.25it/s, loss=0.5017]
Epoch 92/100: 100%|██████████| 76/76 [00:00<00:00, 81.15it/s, loss=0.5017]
Epoch 92/100 - avg_loss: 0.3724

Epoch 93/100:   0%|          | 0/76 [00:00<?, ?it/s]
Epoch 93/100:   0%|          | 0/76 [00:00<?, ?it/s, loss=0.2048]
Epoch 93/100:   0%|          | 0/76 [00:00<?, ?it/s, loss=0.3245]
Epoch 93/100:   0%|          | 0/76 [00:00<?, ?it/s, loss=0.3752]
Epoch 93/100:   0%|          | 0/76 [00:00<?, ?it/s, loss=0.2024]
Epoch 93/100:   0%|          | 0/76 [00:00<?, ?it/s, loss=0.3855]
Epoch 93/100:   0%|          | 0/76 [00:00<?, ?it/s, loss=0.3467]
Epoch 93/100:   0%|          | 0/76 [00:00<?, ?it/s, loss=0.3885]
Epoch 93/100:   0%|          | 0/76 [00:00<?, ?it/s, loss=0.3053]
Epoch 93/100:   0%|          | 0/76 [00:00<?, ?it/s, loss=0.3327]
Epoch 93/100:  12%|█▏        | 9/76 [00:00<00:00, 81.11it/s, loss=0.3327]
Epoch 93/100:  12%|█▏        | 9/76 [00:00<00:00, 81.11it/s, loss=0.4259]
Epoch 93/100:  12%|█▏        | 9/76 [00:00<00:00, 81.11it/s, loss=0.3623]
Epoch 93/100:  12%|█▏        | 9/76 [00:00<00:00, 81.11it/s, loss=0.3407]
Epoch 93/100:  12%|█▏        | 9/76 [00:00<00:00, 81.11it/s, loss=0.3298]
Epoch 93/100:  12%|█▏        | 9/76 [00:00<00:00, 81.11it/s, loss=0.4134]
Epoch 93/100:  12%|█▏        | 9/76 [00:00<00:00, 81.11it/s, loss=0.3953]
Epoch 93/100:  12%|█▏        | 9/76 [00:00<00:00, 81.11it/s, loss=0.2632]
Epoch 93/100:  12%|█▏        | 9/76 [00:00<00:00, 81.11it/s, loss=0.3007]
Epoch 93/100:  12%|█▏        | 9/76 [00:00<00:00, 81.11it/s, loss=0.2977]
Epoch 93/100:  24%|██▎       | 18/76 [00:00<00:00, 81.54it/s, loss=0.2977]
Epoch 93/100:  24%|██▎       | 18/76 [00:00<00:00, 81.54it/s, loss=0.2727]
Epoch 93/100:  24%|██▎       | 18/76 [00:00<00:00, 81.54it/s, loss=0.4411]
Epoch 93/100:  24%|██▎       | 18/76 [00:00<00:00, 81.54it/s, loss=0.4504]
Epoch 93/100:  24%|██▎       | 18/76 [00:00<00:00, 81.54it/s, loss=0.3914]
Epoch 93/100:  24%|██▎       | 18/76 [00:00<00:00, 81.54it/s, loss=0.2959]
Epoch 93/100:  24%|██▎       | 18/76 [00:00<00:00, 81.54it/s, loss=0.4908]
Epoch 93/100:  24%|██▎       | 18/76 [00:00<00:00, 81.54it/s, loss=0.3741]
Epoch 93/100:  24%|██▎       | 18/76 [00:00<00:00, 81.54it/s, loss=0.3767]
Epoch 93/100:  24%|██▎       | 18/76 [00:00<00:00, 81.54it/s, loss=0.2304]
Epoch 93/100:  36%|███▌      | 27/76 [00:00<00:00, 81.36it/s, loss=0.2304]
Epoch 93/100:  36%|███▌      | 27/76 [00:00<00:00, 81.36it/s, loss=0.2856]
Epoch 93/100:  36%|███▌      | 27/76 [00:00<00:00, 81.36it/s, loss=0.5327]
Epoch 93/100:  36%|███▌      | 27/76 [00:00<00:00, 81.36it/s, loss=0.3771]
Epoch 93/100:  36%|███▌      | 27/76 [00:00<00:00, 81.36it/s, loss=0.5104]
Epoch 93/100:  36%|███▌      | 27/76 [00:00<00:00, 81.36it/s, loss=0.3232]
Epoch 93/100:  36%|███▌      | 27/76 [00:00<00:00, 81.36it/s, loss=0.2952]
Epoch 93/100:  36%|███▌      | 27/76 [00:00<00:00, 81.36it/s, loss=0.2411]
Epoch 93/100:  36%|███▌      | 27/76 [00:00<00:00, 81.36it/s, loss=0.3879]
Epoch 93/100:  36%|███▌      | 27/76 [00:00<00:00, 81.36it/s, loss=0.3879]
Epoch 93/100:  47%|████▋     | 36/76 [00:00<00:00, 81.39it/s, loss=0.3879]
Epoch 93/100:  47%|████▋     | 36/76 [00:00<00:00, 81.39it/s, loss=0.4344]
Epoch 93/100:  47%|████▋     | 36/76 [00:00<00:00, 81.39it/s, loss=0.3101]
Epoch 93/100:  47%|████▋     | 36/76 [00:00<00:00, 81.39it/s, loss=0.2003]
Epoch 93/100:  47%|████▋     | 36/76 [00:00<00:00, 81.39it/s, loss=0.3095]
Epoch 93/100:  47%|████▋     | 36/76 [00:00<00:00, 81.39it/s, loss=0.2864]
Epoch 93/100:  47%|████▋     | 36/76 [00:00<00:00, 81.39it/s, loss=0.5050]
Epoch 93/100:  47%|████▋     | 36/76 [00:00<00:00, 81.39it/s, loss=0.3850]
Epoch 93/100:  47%|████▋     | 36/76 [00:00<00:00, 81.39it/s, loss=0.3981]
Epoch 93/100:  47%|████▋     | 36/76 [00:00<00:00, 81.39it/s, loss=0.4029]
Epoch 93/100:  59%|█████▉    | 45/76 [00:00<00:00, 81.11it/s, loss=0.4029]
Epoch 93/100:  59%|█████▉    | 45/76 [00:00<00:00, 81.11it/s, loss=0.2559]
Epoch 93/100:  59%|█████▉    | 45/76 [00:00<00:00, 81.11it/s, loss=0.3969]
Epoch 93/100:  59%|█████▉    | 45/76 [00:00<00:00, 81.11it/s, loss=0.3966]
Epoch 93/100:  59%|█████▉    | 45/76 [00:00<00:00, 81.11it/s, loss=0.5045]
Epoch 93/100:  59%|█████▉    | 45/76 [00:00<00:00, 81.11it/s, loss=0.4616]
Epoch 93/100:  59%|█████▉    | 45/76 [00:00<00:00, 81.11it/s, loss=0.2735]
Epoch 93/100:  59%|█████▉    | 45/76 [00:00<00:00, 81.11it/s, loss=0.5713]
Epoch 93/100:  59%|█████▉    | 45/76 [00:00<00:00, 81.11it/s, loss=0.4270]
Epoch 93/100:  59%|█████▉    | 45/76 [00:00<00:00, 81.11it/s, loss=0.3575]
Epoch 93/100:  71%|███████   | 54/76 [00:00<00:00, 81.15it/s, loss=0.3575]
Epoch 93/100:  71%|███████   | 54/76 [00:00<00:00, 81.15it/s, loss=0.4407]
Epoch 93/100:  71%|███████   | 54/76 [00:00<00:00, 81.15it/s, loss=0.2683]
Epoch 93/100:  71%|███████   | 54/76 [00:00<00:00, 81.15it/s, loss=0.4414]
Epoch 93/100:  71%|███████   | 54/76 [00:00<00:00, 81.15it/s, loss=0.4685]
Epoch 93/100:  71%|███████   | 54/76 [00:00<00:00, 81.15it/s, loss=0.3812]
Epoch 93/100:  71%|███████   | 54/76 [00:00<00:00, 81.15it/s, loss=0.2813]
Epoch 93/100:  71%|███████   | 54/76 [00:00<00:00, 81.15it/s, loss=0.2761]
Epoch 93/100:  71%|███████   | 54/76 [00:00<00:00, 81.15it/s, loss=0.4972]
Epoch 93/100:  71%|███████   | 54/76 [00:00<00:00, 81.15it/s, loss=0.5479]
Epoch 93/100:  83%|████████▎ | 63/76 [00:00<00:00, 81.29it/s, loss=0.5479]
Epoch 93/100:  83%|████████▎ | 63/76 [00:00<00:00, 81.29it/s, loss=0.4690]
Epoch 93/100:  83%|████████▎ | 63/76 [00:00<00:00, 81.29it/s, loss=0.4104]
Epoch 93/100:  83%|████████▎ | 63/76 [00:00<00:00, 81.29it/s, loss=0.4299]
Epoch 93/100:  83%|████████▎ | 63/76 [00:00<00:00, 81.29it/s, loss=0.2822]
Epoch 93/100:  83%|████████▎ | 63/76 [00:00<00:00, 81.29it/s, loss=0.4953]
Epoch 93/100:  83%|████████▎ | 63/76 [00:00<00:00, 81.29it/s, loss=0.2930]
Epoch 93/100:  83%|████████▎ | 63/76 [00:00<00:00, 81.29it/s, loss=0.3822]
Epoch 93/100:  83%|████████▎ | 63/76 [00:00<00:00, 81.29it/s, loss=0.4102]
Epoch 93/100:  83%|████████▎ | 63/76 [00:00<00:00, 81.29it/s, loss=0.3955]
Epoch 93/100:  95%|█████████▍| 72/76 [00:00<00:00, 81.39it/s, loss=0.3955]
Epoch 93/100:  95%|█████████▍| 72/76 [00:00<00:00, 81.39it/s, loss=0.6182]
Epoch 93/100:  95%|█████████▍| 72/76 [00:00<00:00, 81.39it/s, loss=0.3623]
Epoch 93/100:  95%|█████████▍| 72/76 [00:00<00:00, 81.39it/s, loss=0.6117]
Epoch 93/100:  95%|█████████▍| 72/76 [00:00<00:00, 81.39it/s, loss=0.7246]
Epoch 93/100: 100%|██████████| 76/76 [00:00<00:00, 81.25it/s, loss=0.7246]
Epoch 93/100 - avg_loss: 0.3819

Epoch 94/100:   0%|          | 0/76 [00:00<?, ?it/s]
Epoch 94/100:   0%|          | 0/76 [00:00<?, ?it/s, loss=0.3320]
Epoch 94/100:   0%|          | 0/76 [00:00<?, ?it/s, loss=0.3771]
Epoch 94/100:   0%|          | 0/76 [00:00<?, ?it/s, loss=0.4317]
Epoch 94/100:   0%|          | 0/76 [00:00<?, ?it/s, loss=0.3448]
Epoch 94/100:   0%|          | 0/76 [00:00<?, ?it/s, loss=0.5029]
Epoch 94/100:   0%|          | 0/76 [00:00<?, ?it/s, loss=0.5049]
Epoch 94/100:   0%|          | 0/76 [00:00<?, ?it/s, loss=0.2235]
Epoch 94/100:   0%|          | 0/76 [00:00<?, ?it/s, loss=0.3392]
Epoch 94/100:   0%|          | 0/76 [00:00<?, ?it/s, loss=0.3997]
Epoch 94/100:  12%|█▏        | 9/76 [00:00<00:00, 81.09it/s, loss=0.3997]
Epoch 94/100:  12%|█▏        | 9/76 [00:00<00:00, 81.09it/s, loss=0.3610]
Epoch 94/100:  12%|█▏        | 9/76 [00:00<00:00, 81.09it/s, loss=0.2678]
Epoch 94/100:  12%|█▏        | 9/76 [00:00<00:00, 81.09it/s, loss=0.5023]
Epoch 94/100:  12%|█▏        | 9/76 [00:00<00:00, 81.09it/s, loss=0.2620]
Epoch 94/100:  12%|█▏        | 9/76 [00:00<00:00, 81.09it/s, loss=0.3022]
Epoch 94/100:  12%|█▏        | 9/76 [00:00<00:00, 81.09it/s, loss=0.4380]
Epoch 94/100:  12%|█▏        | 9/76 [00:00<00:00, 81.09it/s, loss=0.3267]
Epoch 94/100:  12%|█▏        | 9/76 [00:00<00:00, 81.09it/s, loss=0.3710]
Epoch 94/100:  12%|█▏        | 9/76 [00:00<00:00, 81.09it/s, loss=0.3767]
Epoch 94/100:  24%|██▎       | 18/76 [00:00<00:00, 81.46it/s, loss=0.3767]
Epoch 94/100:  24%|██▎       | 18/76 [00:00<00:00, 81.46it/s, loss=0.3869]
Epoch 94/100:  24%|██▎       | 18/76 [00:00<00:00, 81.46it/s, loss=0.2549]
Epoch 94/100:  24%|██▎       | 18/76 [00:00<00:00, 81.46it/s, loss=0.2962]
Epoch 94/100:  24%|██▎       | 18/76 [00:00<00:00, 81.46it/s, loss=0.3394]
Epoch 94/100:  24%|██▎       | 18/76 [00:00<00:00, 81.46it/s, loss=0.2390]
Epoch 94/100:  24%|██▎       | 18/76 [00:00<00:00, 81.46it/s, loss=0.3397]
Epoch 94/100:  24%|██▎       | 18/76 [00:00<00:00, 81.46it/s, loss=0.3321]
Epoch 94/100:  24%|██▎       | 18/76 [00:00<00:00, 81.46it/s, loss=0.4840]
Epoch 94/100:  24%|██▎       | 18/76 [00:00<00:00, 81.46it/s, loss=0.3756]
Epoch 94/100:  36%|███▌      | 27/76 [00:00<00:00, 80.84it/s, loss=0.3756]
Epoch 94/100:  36%|███▌      | 27/76 [00:00<00:00, 80.84it/s, loss=0.4109]
Epoch 94/100:  36%|███▌      | 27/76 [00:00<00:00, 80.84it/s, loss=0.4574]
Epoch 94/100:  36%|███▌      | 27/76 [00:00<00:00, 80.84it/s, loss=0.2780]
Epoch 94/100:  36%|███▌      | 27/76 [00:00<00:00, 80.84it/s, loss=0.3081]
Epoch 94/100:  36%|███▌      | 27/76 [00:00<00:00, 80.84it/s, loss=0.4033]
Epoch 94/100:  36%|███▌      | 27/76 [00:00<00:00, 80.84it/s, loss=0.3286]
Epoch 94/100:  36%|███▌      | 27/76 [00:00<00:00, 80.84it/s, loss=0.5046]
Epoch 94/100:  36%|███▌      | 27/76 [00:00<00:00, 80.84it/s, loss=0.3078]
Epoch 94/100:  36%|███▌      | 27/76 [00:00<00:00, 80.84it/s, loss=0.3711]
Epoch 94/100:  47%|████▋     | 36/76 [00:00<00:00, 81.11it/s, loss=0.3711]
Epoch 94/100:  47%|████▋     | 36/76 [00:00<00:00, 81.11it/s, loss=0.4375]
Epoch 94/100:  47%|████▋     | 36/76 [00:00<00:00, 81.11it/s, loss=0.3734]
Epoch 94/100:  47%|████▋     | 36/76 [00:00<00:00, 81.11it/s, loss=0.4073]
Epoch 94/100:  47%|████▋     | 36/76 [00:00<00:00, 81.11it/s, loss=0.5336]
Epoch 94/100:  47%|████▋     | 36/76 [00:00<00:00, 81.11it/s, loss=0.4256]
Epoch 94/100:  47%|████▋     | 36/76 [00:00<00:00, 81.11it/s, loss=0.4267]
Epoch 94/100:  47%|████▋     | 36/76 [00:00<00:00, 81.11it/s, loss=0.4203]
Epoch 94/100:  47%|████▋     | 36/76 [00:00<00:00, 81.11it/s, loss=0.6253]
Epoch 94/100:  47%|████▋     | 36/76 [00:00<00:00, 81.11it/s, loss=0.3227]
Epoch 94/100:  59%|█████▉    | 45/76 [00:00<00:00, 81.38it/s, loss=0.3227]
Epoch 94/100:  59%|█████▉    | 45/76 [00:00<00:00, 81.38it/s, loss=0.4681]
Epoch 94/100:  59%|█████▉    | 45/76 [00:00<00:00, 81.38it/s, loss=0.4305]
Epoch 94/100:  59%|█████▉    | 45/76 [00:00<00:00, 81.38it/s, loss=0.3003]
Epoch 94/100:  59%|█████▉    | 45/76 [00:00<00:00, 81.38it/s, loss=0.3131]
Epoch 94/100:  59%|█████▉    | 45/76 [00:00<00:00, 81.38it/s, loss=0.3631]
Epoch 94/100:  59%|█████▉    | 45/76 [00:00<00:00, 81.38it/s, loss=0.4574]
Epoch 94/100:  59%|█████▉    | 45/76 [00:00<00:00, 81.38it/s, loss=0.3695]
Epoch 94/100:  59%|█████▉    | 45/76 [00:00<00:00, 81.38it/s, loss=0.3809]
Epoch 94/100:  59%|█████▉    | 45/76 [00:00<00:00, 81.38it/s, loss=0.3708]
Epoch 94/100:  71%|███████   | 54/76 [00:00<00:00, 81.59it/s, loss=0.3708]
Epoch 94/100:  71%|███████   | 54/76 [00:00<00:00, 81.59it/s, loss=0.4190]
Epoch 94/100:  71%|███████   | 54/76 [00:00<00:00, 81.59it/s, loss=0.5832]
Epoch 94/100:  71%|███████   | 54/76 [00:00<00:00, 81.59it/s, loss=0.3089]
Epoch 94/100:  71%|███████   | 54/76 [00:00<00:00, 81.59it/s, loss=0.5738]
Epoch 94/100:  71%|███████   | 54/76 [00:00<00:00, 81.59it/s, loss=0.4404]
Epoch 94/100:  71%|███████   | 54/76 [00:00<00:00, 81.59it/s, loss=0.3868]
Epoch 94/100:  71%|███████   | 54/76 [00:00<00:00, 81.59it/s, loss=0.4398]
Epoch 94/100:  71%|███████   | 54/76 [00:00<00:00, 81.59it/s, loss=0.4078]
Epoch 94/100:  71%|███████   | 54/76 [00:00<00:00, 81.59it/s, loss=0.3641]
Epoch 94/100:  83%|████████▎ | 63/76 [00:00<00:00, 81.41it/s, loss=0.3641]
Epoch 94/100:  83%|████████▎ | 63/76 [00:00<00:00, 81.41it/s, loss=0.3259]
Epoch 94/100:  83%|████████▎ | 63/76 [00:00<00:00, 81.41it/s, loss=0.4256]
Epoch 94/100:  83%|████████▎ | 63/76 [00:00<00:00, 81.41it/s, loss=0.3089]
Epoch 94/100:  83%|████████▎ | 63/76 [00:00<00:00, 81.41it/s, loss=0.3871]
Epoch 94/100:  83%|████████▎ | 63/76 [00:00<00:00, 81.41it/s, loss=0.2982]
Epoch 94/100:  83%|████████▎ | 63/76 [00:00<00:00, 81.41it/s, loss=0.3585]
Epoch 94/100:  83%|████████▎ | 63/76 [00:00<00:00, 81.41it/s, loss=0.2870]
Epoch 94/100:  83%|████████▎ | 63/76 [00:00<00:00, 81.41it/s, loss=0.4285]
Epoch 94/100:  83%|████████▎ | 63/76 [00:00<00:00, 81.41it/s, loss=0.3476]
Epoch 94/100:  95%|█████████▍| 72/76 [00:00<00:00, 81.56it/s, loss=0.3476]
Epoch 94/100:  95%|█████████▍| 72/76 [00:00<00:00, 81.56it/s, loss=0.4023]
Epoch 94/100:  95%|█████████▍| 72/76 [00:00<00:00, 81.56it/s, loss=0.3504]
Epoch 94/100:  95%|█████████▍| 72/76 [00:00<00:00, 81.56it/s, loss=0.3068]
Epoch 94/100:  95%|█████████▍| 72/76 [00:00<00:00, 81.56it/s, loss=0.4643]
Epoch 94/100: 100%|██████████| 76/76 [00:00<00:00, 81.43it/s, loss=0.4643]
Epoch 94/100 - avg_loss: 0.3832

Epoch 95/100:   0%|          | 0/76 [00:00<?, ?it/s]
Epoch 95/100:   0%|          | 0/76 [00:00<?, ?it/s, loss=0.2712]
Epoch 95/100:   0%|          | 0/76 [00:00<?, ?it/s, loss=0.3509]
Epoch 95/100:   0%|          | 0/76 [00:00<?, ?it/s, loss=0.2641]
Epoch 95/100:   0%|          | 0/76 [00:00<?, ?it/s, loss=0.3454]
Epoch 95/100:   0%|          | 0/76 [00:00<?, ?it/s, loss=0.3521]
Epoch 95/100:   0%|          | 0/76 [00:00<?, ?it/s, loss=0.3560]
Epoch 95/100:   0%|          | 0/76 [00:00<?, ?it/s, loss=0.4441]
Epoch 95/100:   0%|          | 0/76 [00:00<?, ?it/s, loss=0.5159]
Epoch 95/100:   0%|          | 0/76 [00:00<?, ?it/s, loss=0.4973]
Epoch 95/100:  12%|█▏        | 9/76 [00:00<00:00, 81.38it/s, loss=0.4973]
Epoch 95/100:  12%|█▏        | 9/76 [00:00<00:00, 81.38it/s, loss=0.2958]
Epoch 95/100:  12%|█▏        | 9/76 [00:00<00:00, 81.38it/s, loss=0.3738]
Epoch 95/100:  12%|█▏        | 9/76 [00:00<00:00, 81.38it/s, loss=0.4664]
Epoch 95/100:  12%|█▏        | 9/76 [00:00<00:00, 81.38it/s, loss=0.3177]
Epoch 95/100:  12%|█▏        | 9/76 [00:00<00:00, 81.38it/s, loss=0.3741]
Epoch 95/100:  12%|█▏        | 9/76 [00:00<00:00, 81.38it/s, loss=0.2415]
Epoch 95/100:  12%|█▏        | 9/76 [00:00<00:00, 81.38it/s, loss=0.2600]
Epoch 95/100:  12%|█▏        | 9/76 [00:00<00:00, 81.38it/s, loss=0.3386]
Epoch 95/100:  12%|█▏        | 9/76 [00:00<00:00, 81.38it/s, loss=0.5201]
Epoch 95/100:  24%|██▎       | 18/76 [00:00<00:00, 80.79it/s, loss=0.5201]
Epoch 95/100:  24%|██▎       | 18/76 [00:00<00:00, 80.79it/s, loss=0.2586]
Epoch 95/100:  24%|██▎       | 18/76 [00:00<00:00, 80.79it/s, loss=0.4351]
Epoch 95/100:  24%|██▎       | 18/76 [00:00<00:00, 80.79it/s, loss=0.2749]
Epoch 95/100:  24%|██▎       | 18/76 [00:00<00:00, 80.79it/s, loss=0.4183]
Epoch 95/100:  24%|██▎       | 18/76 [00:00<00:00, 80.79it/s, loss=0.4894]
Epoch 95/100:  24%|██▎       | 18/76 [00:00<00:00, 80.79it/s, loss=0.3683]
Epoch 95/100:  24%|██▎       | 18/76 [00:00<00:00, 80.79it/s, loss=0.4388]
Epoch 95/100:  24%|██▎       | 18/76 [00:00<00:00, 80.79it/s, loss=0.4253]
Epoch 95/100:  24%|██▎       | 18/76 [00:00<00:00, 80.79it/s, loss=0.4587]
Epoch 95/100:  36%|███▌      | 27/76 [00:00<00:00, 81.05it/s, loss=0.4587]
Epoch 95/100:  36%|███▌      | 27/76 [00:00<00:00, 81.05it/s, loss=0.2805]
Epoch 95/100:  36%|███▌      | 27/76 [00:00<00:00, 81.05it/s, loss=0.2598]
Epoch 95/100:  36%|███▌      | 27/76 [00:00<00:00, 81.05it/s, loss=0.4478]
Epoch 95/100:  36%|███▌      | 27/76 [00:00<00:00, 81.05it/s, loss=0.4470]
Epoch 95/100:  36%|███▌      | 27/76 [00:00<00:00, 81.05it/s, loss=0.3702]
Epoch 95/100:  36%|███▌      | 27/76 [00:00<00:00, 81.05it/s, loss=0.4161]
Epoch 95/100:  36%|███▌      | 27/76 [00:00<00:00, 81.05it/s, loss=0.3330]
Epoch 95/100:  36%|███▌      | 27/76 [00:00<00:00, 81.05it/s, loss=0.4261]
Epoch 95/100:  36%|███▌      | 27/76 [00:00<00:00, 81.05it/s, loss=0.4823]
Epoch 95/100:  47%|████▋     | 36/76 [00:00<00:00, 81.44it/s, loss=0.4823]
Epoch 95/100:  47%|████▋     | 36/76 [00:00<00:00, 81.44it/s, loss=0.3210]
Epoch 95/100:  47%|████▋     | 36/76 [00:00<00:00, 81.44it/s, loss=0.2030]
Epoch 95/100:  47%|████▋     | 36/76 [00:00<00:00, 81.44it/s, loss=0.3764]
Epoch 95/100:  47%|████▋     | 36/76 [00:00<00:00, 81.44it/s, loss=0.2281]
Epoch 95/100:  47%|████▋     | 36/76 [00:00<00:00, 81.44it/s, loss=0.5561]
Epoch 95/100:  47%|████▋     | 36/76 [00:00<00:00, 81.44it/s, loss=0.3740]
Epoch 95/100:  47%|████▋     | 36/76 [00:00<00:00, 81.44it/s, loss=0.4002]
Epoch 95/100:  47%|████▋     | 36/76 [00:00<00:00, 81.44it/s, loss=0.2354]
Epoch 95/100:  47%|████▋     | 36/76 [00:00<00:00, 81.44it/s, loss=0.3874]
Epoch 95/100:  59%|█████▉    | 45/76 [00:00<00:00, 81.30it/s, loss=0.3874]
Epoch 95/100:  59%|█████▉    | 45/76 [00:00<00:00, 81.30it/s, loss=0.2829]
Epoch 95/100:  59%|█████▉    | 45/76 [00:00<00:00, 81.30it/s, loss=0.2835]
Epoch 95/100:  59%|█████▉    | 45/76 [00:00<00:00, 81.30it/s, loss=0.3544]
Epoch 95/100:  59%|█████▉    | 45/76 [00:00<00:00, 81.30it/s, loss=0.2987]
Epoch 95/100:  59%|█████▉    | 45/76 [00:00<00:00, 81.30it/s, loss=0.2258]
Epoch 95/100:  59%|█████▉    | 45/76 [00:00<00:00, 81.30it/s, loss=0.3697]
Epoch 95/100:  59%|█████▉    | 45/76 [00:00<00:00, 81.30it/s, loss=0.2968]
Epoch 95/100:  59%|█████▉    | 45/76 [00:00<00:00, 81.30it/s, loss=0.3201]
Epoch 95/100:  59%|█████▉    | 45/76 [00:00<00:00, 81.30it/s, loss=0.3602]
Epoch 95/100:  71%|███████   | 54/76 [00:00<00:00, 81.15it/s, loss=0.3602]
Epoch 95/100:  71%|███████   | 54/76 [00:00<00:00, 81.15it/s, loss=0.3542]
Epoch 95/100:  71%|███████   | 54/76 [00:00<00:00, 81.15it/s, loss=0.3561]
Epoch 95/100:  71%|███████   | 54/76 [00:00<00:00, 81.15it/s, loss=0.4730]
Epoch 95/100:  71%|███████   | 54/76 [00:00<00:00, 81.15it/s, loss=0.3354]
Epoch 95/100:  71%|███████   | 54/76 [00:00<00:00, 81.15it/s, loss=0.4177]
Epoch 95/100:  71%|███████   | 54/76 [00:00<00:00, 81.15it/s, loss=0.4841]
Epoch 95/100:  71%|███████   | 54/76 [00:00<00:00, 81.15it/s, loss=0.2220]
Epoch 95/100:  71%|███████   | 54/76 [00:00<00:00, 81.15it/s, loss=0.4518]
Epoch 95/100:  71%|███████   | 54/76 [00:00<00:00, 81.15it/s, loss=0.3361]
Epoch 95/100:  83%|████████▎ | 63/76 [00:00<00:00, 81.33it/s, loss=0.3361]
Epoch 95/100:  83%|████████▎ | 63/76 [00:00<00:00, 81.33it/s, loss=0.2512]
Epoch 95/100:  83%|████████▎ | 63/76 [00:00<00:00, 81.33it/s, loss=0.4852]
Epoch 95/100:  83%|████████▎ | 63/76 [00:00<00:00, 81.33it/s, loss=0.3902]
Epoch 95/100:  83%|████████▎ | 63/76 [00:00<00:00, 81.33it/s, loss=0.4721]
Epoch 95/100:  83%|████████▎ | 63/76 [00:00<00:00, 81.33it/s, loss=0.3675]
Epoch 95/100:  83%|████████▎ | 63/76 [00:00<00:00, 81.33it/s, loss=0.5310]
Epoch 95/100:  83%|████████▎ | 63/76 [00:00<00:00, 81.33it/s, loss=0.3774]
Epoch 95/100:  83%|████████▎ | 63/76 [00:00<00:00, 81.33it/s, loss=0.4622]
Epoch 95/100:  83%|████████▎ | 63/76 [00:00<00:00, 81.33it/s, loss=0.5505]
Epoch 95/100:  95%|█████████▍| 72/76 [00:00<00:00, 81.51it/s, loss=0.5505]
Epoch 95/100:  95%|█████████▍| 72/76 [00:00<00:00, 81.51it/s, loss=0.4673]
Epoch 95/100:  95%|█████████▍| 72/76 [00:00<00:00, 81.51it/s, loss=0.3132]
Epoch 95/100:  95%|█████████▍| 72/76 [00:00<00:00, 81.51it/s, loss=0.2766]
Epoch 95/100:  95%|█████████▍| 72/76 [00:00<00:00, 81.51it/s, loss=0.4108]
Epoch 95/100: 100%|██████████| 76/76 [00:00<00:00, 81.35it/s, loss=0.4108]
Epoch 95/100 - avg_loss: 0.3720

Epoch 96/100:   0%|          | 0/76 [00:00<?, ?it/s]
Epoch 96/100:   0%|          | 0/76 [00:00<?, ?it/s, loss=0.3108]
Epoch 96/100:   0%|          | 0/76 [00:00<?, ?it/s, loss=0.4078]
Epoch 96/100:   0%|          | 0/76 [00:00<?, ?it/s, loss=0.3345]
Epoch 96/100:   0%|          | 0/76 [00:00<?, ?it/s, loss=0.4904]
Epoch 96/100:   0%|          | 0/76 [00:00<?, ?it/s, loss=0.2009]
Epoch 96/100:   0%|          | 0/76 [00:00<?, ?it/s, loss=0.4218]
Epoch 96/100:   0%|          | 0/76 [00:00<?, ?it/s, loss=0.3667]
Epoch 96/100:   0%|          | 0/76 [00:00<?, ?it/s, loss=0.2647]
Epoch 96/100:   0%|          | 0/76 [00:00<?, ?it/s, loss=0.3616]
Epoch 96/100:  12%|█▏        | 9/76 [00:00<00:00, 81.80it/s, loss=0.3616]
Epoch 96/100:  12%|█▏        | 9/76 [00:00<00:00, 81.80it/s, loss=0.2725]
Epoch 96/100:  12%|█▏        | 9/76 [00:00<00:00, 81.80it/s, loss=0.1987]
Epoch 96/100:  12%|█▏        | 9/76 [00:00<00:00, 81.80it/s, loss=0.3392]
Epoch 96/100:  12%|█▏        | 9/76 [00:00<00:00, 81.80it/s, loss=0.3291]
Epoch 96/100:  12%|█▏        | 9/76 [00:00<00:00, 81.80it/s, loss=0.2670]
Epoch 96/100:  12%|█▏        | 9/76 [00:00<00:00, 81.80it/s, loss=0.2720]
Epoch 96/100:  12%|█▏        | 9/76 [00:00<00:00, 81.80it/s, loss=0.3337]
Epoch 96/100:  12%|█▏        | 9/76 [00:00<00:00, 81.80it/s, loss=0.5202]
Epoch 96/100:  12%|█▏        | 9/76 [00:00<00:00, 81.80it/s, loss=0.3750]
Epoch 96/100:  24%|██▎       | 18/76 [00:00<00:00, 81.78it/s, loss=0.3750]
Epoch 96/100:  24%|██▎       | 18/76 [00:00<00:00, 81.78it/s, loss=0.5368]
Epoch 96/100:  24%|██▎       | 18/76 [00:00<00:00, 81.78it/s, loss=0.3781]
Epoch 96/100:  24%|██▎       | 18/76 [00:00<00:00, 81.78it/s, loss=0.3803]
Epoch 96/100:  24%|██▎       | 18/76 [00:00<00:00, 81.78it/s, loss=0.4153]
Epoch 96/100:  24%|██▎       | 18/76 [00:00<00:00, 81.78it/s, loss=0.2946]
Epoch 96/100:  24%|██▎       | 18/76 [00:00<00:00, 81.78it/s, loss=0.3871]
Epoch 96/100:  24%|██▎       | 18/76 [00:00<00:00, 81.78it/s, loss=0.4090]
Epoch 96/100:  24%|██▎       | 18/76 [00:00<00:00, 81.78it/s, loss=0.3131]
Epoch 96/100:  24%|██▎       | 18/76 [00:00<00:00, 81.78it/s, loss=0.3577]
Epoch 96/100:  36%|███▌      | 27/76 [00:00<00:00, 81.77it/s, loss=0.3577]
Epoch 96/100:  36%|███▌      | 27/76 [00:00<00:00, 81.77it/s, loss=0.2515]
Epoch 96/100:  36%|███▌      | 27/76 [00:00<00:00, 81.77it/s, loss=0.4068]
Epoch 96/100:  36%|███▌      | 27/76 [00:00<00:00, 81.77it/s, loss=0.3155]
Epoch 96/100:  36%|███▌      | 27/76 [00:00<00:00, 81.77it/s, loss=0.2314]
Epoch 96/100:  36%|███▌      | 27/76 [00:00<00:00, 81.77it/s, loss=0.3240]
Epoch 96/100:  36%|███▌      | 27/76 [00:00<00:00, 81.77it/s, loss=0.4538]
Epoch 96/100:  36%|███▌      | 27/76 [00:00<00:00, 81.77it/s, loss=0.4484]
Epoch 96/100:  36%|███▌      | 27/76 [00:00<00:00, 81.77it/s, loss=0.4799]
Epoch 96/100:  36%|███▌      | 27/76 [00:00<00:00, 81.77it/s, loss=0.4187]
Epoch 96/100:  47%|████▋     | 36/76 [00:00<00:00, 81.76it/s, loss=0.4187]
Epoch 96/100:  47%|████▋     | 36/76 [00:00<00:00, 81.76it/s, loss=0.3846]
Epoch 96/100:  47%|████▋     | 36/76 [00:00<00:00, 81.76it/s, loss=0.4230]
Epoch 96/100:  47%|████▋     | 36/76 [00:00<00:00, 81.76it/s, loss=0.3083]
Epoch 96/100:  47%|████▋     | 36/76 [00:00<00:00, 81.76it/s, loss=0.4177]
Epoch 96/100:  47%|████▋     | 36/76 [00:00<00:00, 81.76it/s, loss=0.3598]
Epoch 96/100:  47%|████▋     | 36/76 [00:00<00:00, 81.76it/s, loss=0.3261]
Epoch 96/100:  47%|████▋     | 36/76 [00:00<00:00, 81.76it/s, loss=0.5267]
Epoch 96/100:  47%|████▋     | 36/76 [00:00<00:00, 81.76it/s, loss=0.3355]
Epoch 96/100:  47%|████▋     | 36/76 [00:00<00:00, 81.76it/s, loss=0.2851]
Epoch 96/100:  59%|█████▉    | 45/76 [00:00<00:00, 81.66it/s, loss=0.2851]
Epoch 96/100:  59%|█████▉    | 45/76 [00:00<00:00, 81.66it/s, loss=0.4110]
Epoch 96/100:  59%|█████▉    | 45/76 [00:00<00:00, 81.66it/s, loss=0.4387]
Epoch 96/100:  59%|█████▉    | 45/76 [00:00<00:00, 81.66it/s, loss=0.3750]
Epoch 96/100:  59%|█████▉    | 45/76 [00:00<00:00, 81.66it/s, loss=0.3376]
Epoch 96/100:  59%|█████▉    | 45/76 [00:00<00:00, 81.66it/s, loss=0.2910]
Epoch 96/100:  59%|█████▉    | 45/76 [00:00<00:00, 81.66it/s, loss=0.3537]
Epoch 96/100:  59%|█████▉    | 45/76 [00:00<00:00, 81.66it/s, loss=0.4626]
Epoch 96/100:  59%|█████▉    | 45/76 [00:00<00:00, 81.66it/s, loss=0.3110]
Epoch 96/100:  59%|█████▉    | 45/76 [00:00<00:00, 81.66it/s, loss=0.3611]
Epoch 96/100:  71%|███████   | 54/76 [00:00<00:00, 81.51it/s, loss=0.3611]
Epoch 96/100:  71%|███████   | 54/76 [00:00<00:00, 81.51it/s, loss=0.3691]
Epoch 96/100:  71%|███████   | 54/76 [00:00<00:00, 81.51it/s, loss=0.4277]
Epoch 96/100:  71%|███████   | 54/76 [00:00<00:00, 81.51it/s, loss=0.5551]
Epoch 96/100:  71%|███████   | 54/76 [00:00<00:00, 81.51it/s, loss=0.3901]
Epoch 96/100:  71%|███████   | 54/76 [00:00<00:00, 81.51it/s, loss=0.4612]
Epoch 96/100:  71%|███████   | 54/76 [00:00<00:00, 81.51it/s, loss=0.5888]
Epoch 96/100:  71%|███████   | 54/76 [00:00<00:00, 81.51it/s, loss=0.4273]
Epoch 96/100:  71%|███████   | 54/76 [00:00<00:00, 81.51it/s, loss=0.4224]
Epoch 96/100:  71%|███████   | 54/76 [00:00<00:00, 81.51it/s, loss=0.2363]
Epoch 96/100:  83%|████████▎ | 63/76 [00:00<00:00, 81.53it/s, loss=0.2363]
Epoch 96/100:  83%|████████▎ | 63/76 [00:00<00:00, 81.53it/s, loss=0.6333]
Epoch 96/100:  83%|████████▎ | 63/76 [00:00<00:00, 81.53it/s, loss=0.4182]
Epoch 96/100:  83%|████████▎ | 63/76 [00:00<00:00, 81.53it/s, loss=0.3996]
Epoch 96/100:  83%|████████▎ | 63/76 [00:00<00:00, 81.53it/s, loss=0.4716]
Epoch 96/100:  83%|████████▎ | 63/76 [00:00<00:00, 81.53it/s, loss=0.4136]
Epoch 96/100:  83%|████████▎ | 63/76 [00:00<00:00, 81.53it/s, loss=0.4920]
Epoch 96/100:  83%|████████▎ | 63/76 [00:00<00:00, 81.53it/s, loss=0.3386]
Epoch 96/100:  83%|████████▎ | 63/76 [00:00<00:00, 81.53it/s, loss=0.2406]
Epoch 96/100:  83%|████████▎ | 63/76 [00:00<00:00, 81.53it/s, loss=0.4474]
Epoch 96/100:  95%|█████████▍| 72/76 [00:00<00:00, 81.68it/s, loss=0.4474]
Epoch 96/100:  95%|█████████▍| 72/76 [00:00<00:00, 81.68it/s, loss=0.4385]
Epoch 96/100:  95%|█████████▍| 72/76 [00:00<00:00, 81.68it/s, loss=0.2746]
Epoch 96/100:  95%|█████████▍| 72/76 [00:00<00:00, 81.68it/s, loss=0.2737]
Epoch 96/100:  95%|█████████▍| 72/76 [00:00<00:00, 81.68it/s, loss=0.4141]
Epoch 96/100: 100%|██████████| 76/76 [00:00<00:00, 79.84it/s, loss=0.4141]
Epoch 96/100 - avg_loss: 0.3778

Epoch 97/100:   0%|          | 0/76 [00:00<?, ?it/s]
Epoch 97/100:   0%|          | 0/76 [00:00<?, ?it/s, loss=0.3774]
Epoch 97/100:   0%|          | 0/76 [00:00<?, ?it/s, loss=0.3222]
Epoch 97/100:   0%|          | 0/76 [00:00<?, ?it/s, loss=0.3217]
Epoch 97/100:   0%|          | 0/76 [00:00<?, ?it/s, loss=0.3935]
Epoch 97/100:   0%|          | 0/76 [00:00<?, ?it/s, loss=0.4731]
Epoch 97/100:   0%|          | 0/76 [00:00<?, ?it/s, loss=0.3098]
Epoch 97/100:   0%|          | 0/76 [00:00<?, ?it/s, loss=0.2518]
Epoch 97/100:   0%|          | 0/76 [00:00<?, ?it/s, loss=0.3185]
Epoch 97/100:  11%|█         | 8/76 [00:00<00:00, 76.44it/s, loss=0.3185]
Epoch 97/100:  11%|█         | 8/76 [00:00<00:00, 76.44it/s, loss=0.4248]
Epoch 97/100:  11%|█         | 8/76 [00:00<00:00, 76.44it/s, loss=0.3629]
Epoch 97/100:  11%|█         | 8/76 [00:00<00:00, 76.44it/s, loss=0.4695]
Epoch 97/100:  11%|█         | 8/76 [00:00<00:00, 76.44it/s, loss=0.2704]
Epoch 97/100:  11%|█         | 8/76 [00:00<00:00, 76.44it/s, loss=0.4870]
Epoch 97/100:  11%|█         | 8/76 [00:00<00:00, 76.44it/s, loss=0.3093]
Epoch 97/100:  11%|█         | 8/76 [00:00<00:00, 76.44it/s, loss=0.2128]
Epoch 97/100:  11%|█         | 8/76 [00:00<00:00, 76.44it/s, loss=0.2363]
Epoch 97/100:  11%|█         | 8/76 [00:00<00:00, 76.44it/s, loss=0.3456]
Epoch 97/100:  22%|██▏       | 17/76 [00:00<00:00, 79.07it/s, loss=0.3456]
Epoch 97/100:  22%|██▏       | 17/76 [00:00<00:00, 79.07it/s, loss=0.2757]
Epoch 97/100:  22%|██▏       | 17/76 [00:00<00:00, 79.07it/s, loss=0.5658]
Epoch 97/100:  22%|██▏       | 17/76 [00:00<00:00, 79.07it/s, loss=0.4829]
Epoch 97/100:  22%|██▏       | 17/76 [00:00<00:00, 79.07it/s, loss=0.4034]
Epoch 97/100:  22%|██▏       | 17/76 [00:00<00:00, 79.07it/s, loss=0.3466]
Epoch 97/100:  22%|██▏       | 17/76 [00:00<00:00, 79.07it/s, loss=0.4165]
Epoch 97/100:  22%|██▏       | 17/76 [00:00<00:00, 79.07it/s, loss=0.3540]
Epoch 97/100:  22%|██▏       | 17/76 [00:00<00:00, 79.07it/s, loss=0.3334]
Epoch 97/100:  22%|██▏       | 17/76 [00:00<00:00, 79.07it/s, loss=0.3540]
Epoch 97/100:  34%|███▍      | 26/76 [00:00<00:00, 79.87it/s, loss=0.3540]
Epoch 97/100:  34%|███▍      | 26/76 [00:00<00:00, 79.87it/s, loss=0.2830]
Epoch 97/100:  34%|███▍      | 26/76 [00:00<00:00, 79.87it/s, loss=0.3229]
Epoch 97/100:  34%|███▍      | 26/76 [00:00<00:00, 79.87it/s, loss=0.2525]
Epoch 97/100:  34%|███▍      | 26/76 [00:00<00:00, 79.87it/s, loss=0.4215]
Epoch 97/100:  34%|███▍      | 26/76 [00:00<00:00, 79.87it/s, loss=0.3983]
Epoch 97/100:  34%|███▍      | 26/76 [00:00<00:00, 79.87it/s, loss=0.4564]
Epoch 97/100:  34%|███▍      | 26/76 [00:00<00:00, 79.87it/s, loss=0.2472]
Epoch 97/100:  34%|███▍      | 26/76 [00:00<00:00, 79.87it/s, loss=0.2903]
Epoch 97/100:  34%|███▍      | 26/76 [00:00<00:00, 79.87it/s, loss=0.3362]
Epoch 97/100:  46%|████▌     | 35/76 [00:00<00:00, 80.40it/s, loss=0.3362]
Epoch 97/100:  46%|████▌     | 35/76 [00:00<00:00, 80.40it/s, loss=0.4602]
Epoch 97/100:  46%|████▌     | 35/76 [00:00<00:00, 80.40it/s, loss=0.2108]
Epoch 97/100:  46%|████▌     | 35/76 [00:00<00:00, 80.40it/s, loss=0.4085]
Epoch 97/100:  46%|████▌     | 35/76 [00:00<00:00, 80.40it/s, loss=0.3718]
Epoch 97/100:  46%|████▌     | 35/76 [00:00<00:00, 80.40it/s, loss=0.2607]
Epoch 97/100:  46%|████▌     | 35/76 [00:00<00:00, 80.40it/s, loss=0.3471]
Epoch 97/100:  46%|████▌     | 35/76 [00:00<00:00, 80.40it/s, loss=0.3747]
Epoch 97/100:  46%|████▌     | 35/76 [00:00<00:00, 80.40it/s, loss=0.3407]
Epoch 97/100:  46%|████▌     | 35/76 [00:00<00:00, 80.40it/s, loss=0.4114]
Epoch 97/100:  58%|█████▊    | 44/76 [00:00<00:00, 80.91it/s, loss=0.4114]
Epoch 97/100:  58%|█████▊    | 44/76 [00:00<00:00, 80.91it/s, loss=0.3157]
Epoch 97/100:  58%|█████▊    | 44/76 [00:00<00:00, 80.91it/s, loss=0.3456]
Epoch 97/100:  58%|█████▊    | 44/76 [00:00<00:00, 80.91it/s, loss=0.3059]
Epoch 97/100:  58%|█████▊    | 44/76 [00:00<00:00, 80.91it/s, loss=0.4435]
Epoch 97/100:  58%|█████▊    | 44/76 [00:00<00:00, 80.91it/s, loss=0.4535]
Epoch 97/100:  58%|█████▊    | 44/76 [00:00<00:00, 80.91it/s, loss=0.3728]
Epoch 97/100:  58%|█████▊    | 44/76 [00:00<00:00, 80.91it/s, loss=0.4385]
Epoch 97/100:  58%|█████▊    | 44/76 [00:00<00:00, 80.91it/s, loss=0.5308]
Epoch 97/100:  58%|█████▊    | 44/76 [00:00<00:00, 80.91it/s, loss=0.3737]
Epoch 97/100:  70%|██████▉   | 53/76 [00:00<00:00, 81.25it/s, loss=0.3737]
Epoch 97/100:  70%|██████▉   | 53/76 [00:00<00:00, 81.25it/s, loss=0.3703]
Epoch 97/100:  70%|██████▉   | 53/76 [00:00<00:00, 81.25it/s, loss=0.4236]
Epoch 97/100:  70%|██████▉   | 53/76 [00:00<00:00, 81.25it/s, loss=0.4486]
Epoch 97/100:  70%|██████▉   | 53/76 [00:00<00:00, 81.25it/s, loss=0.3700]
Epoch 97/100:  70%|██████▉   | 53/76 [00:00<00:00, 81.25it/s, loss=0.4553]
Epoch 97/100:  70%|██████▉   | 53/76 [00:00<00:00, 81.25it/s, loss=0.2864]
Epoch 97/100:  70%|██████▉   | 53/76 [00:00<00:00, 81.25it/s, loss=0.3091]
Epoch 97/100:  70%|██████▉   | 53/76 [00:00<00:00, 81.25it/s, loss=0.4613]
Epoch 97/100:  70%|██████▉   | 53/76 [00:00<00:00, 81.25it/s, loss=0.3141]
Epoch 97/100:  82%|████████▏ | 62/76 [00:00<00:00, 81.19it/s, loss=0.3141]
Epoch 97/100:  82%|████████▏ | 62/76 [00:00<00:00, 81.19it/s, loss=0.4355]
Epoch 97/100:  82%|████████▏ | 62/76 [00:00<00:00, 81.19it/s, loss=0.4392]
Epoch 97/100:  82%|████████▏ | 62/76 [00:00<00:00, 81.19it/s, loss=0.3891]
Epoch 97/100:  82%|████████▏ | 62/76 [00:00<00:00, 81.19it/s, loss=0.5487]
Epoch 97/100:  82%|████████▏ | 62/76 [00:00<00:00, 81.19it/s, loss=0.4699]
Epoch 97/100:  82%|████████▏ | 62/76 [00:00<00:00, 81.19it/s, loss=0.3937]
Epoch 97/100:  82%|████████▏ | 62/76 [00:00<00:00, 81.19it/s, loss=0.4999]
Epoch 97/100:  82%|████████▏ | 62/76 [00:00<00:00, 81.19it/s, loss=0.4044]
Epoch 97/100:  82%|████████▏ | 62/76 [00:00<00:00, 81.19it/s, loss=0.4255]
Epoch 97/100:  93%|█████████▎| 71/76 [00:00<00:00, 81.16it/s, loss=0.4255]
Epoch 97/100:  93%|█████████▎| 71/76 [00:00<00:00, 81.16it/s, loss=0.3238]
Epoch 97/100:  93%|█████████▎| 71/76 [00:00<00:00, 81.16it/s, loss=0.3508]
Epoch 97/100:  93%|█████████▎| 71/76 [00:00<00:00, 81.16it/s, loss=0.2764]
Epoch 97/100:  93%|█████████▎| 71/76 [00:00<00:00, 81.16it/s, loss=0.5646]
Epoch 97/100:  93%|█████████▎| 71/76 [00:00<00:00, 81.16it/s, loss=0.4427]
Epoch 97/100: 100%|██████████| 76/76 [00:00<00:00, 80.68it/s, loss=0.4427]
Epoch 97/100 - avg_loss: 0.3763
[Info] 学习率从 2.50e-04 降低到 1.25e-04

Epoch 98/100:   0%|          | 0/76 [00:00<?, ?it/s]
Epoch 98/100:   0%|          | 0/76 [00:00<?, ?it/s, loss=0.2721]
Epoch 98/100:   0%|          | 0/76 [00:00<?, ?it/s, loss=0.3636]
Epoch 98/100:   0%|          | 0/76 [00:00<?, ?it/s, loss=0.3590]
Epoch 98/100:   0%|          | 0/76 [00:00<?, ?it/s, loss=0.4602]
Epoch 98/100:   0%|          | 0/76 [00:00<?, ?it/s, loss=0.3163]
Epoch 98/100:   0%|          | 0/76 [00:00<?, ?it/s, loss=0.3230]
Epoch 98/100:   0%|          | 0/76 [00:00<?, ?it/s, loss=0.3954]
Epoch 98/100:   0%|          | 0/76 [00:00<?, ?it/s, loss=0.2171]
Epoch 98/100:   0%|          | 0/76 [00:00<?, ?it/s, loss=0.4969]
Epoch 98/100:  12%|█▏        | 9/76 [00:00<00:00, 81.92it/s, loss=0.4969]
Epoch 98/100:  12%|█▏        | 9/76 [00:00<00:00, 81.92it/s, loss=0.1828]
Epoch 98/100:  12%|█▏        | 9/76 [00:00<00:00, 81.92it/s, loss=0.4154]
Epoch 98/100:  12%|█▏        | 9/76 [00:00<00:00, 81.92it/s, loss=0.3511]
Epoch 98/100:  12%|█▏        | 9/76 [00:00<00:00, 81.92it/s, loss=0.3839]
Epoch 98/100:  12%|█▏        | 9/76 [00:00<00:00, 81.92it/s, loss=0.4545]
Epoch 98/100:  12%|█▏        | 9/76 [00:00<00:00, 81.92it/s, loss=0.3284]
Epoch 98/100:  12%|█▏        | 9/76 [00:00<00:00, 81.92it/s, loss=0.3546]
Epoch 98/100:  12%|█▏        | 9/76 [00:00<00:00, 81.92it/s, loss=0.2636]
Epoch 98/100:  12%|█▏        | 9/76 [00:00<00:00, 81.92it/s, loss=0.4531]
Epoch 98/100:  24%|██▎       | 18/76 [00:00<00:00, 81.80it/s, loss=0.4531]
Epoch 98/100:  24%|██▎       | 18/76 [00:00<00:00, 81.80it/s, loss=0.3626]
Epoch 98/100:  24%|██▎       | 18/76 [00:00<00:00, 81.80it/s, loss=0.1858]
Epoch 98/100:  24%|██▎       | 18/76 [00:00<00:00, 81.80it/s, loss=0.2634]
Epoch 98/100:  24%|██▎       | 18/76 [00:00<00:00, 81.80it/s, loss=0.2636]
Epoch 98/100:  24%|██▎       | 18/76 [00:00<00:00, 81.80it/s, loss=0.3227]
Epoch 98/100:  24%|██▎       | 18/76 [00:00<00:00, 81.80it/s, loss=0.4395]
Epoch 98/100:  24%|██▎       | 18/76 [00:00<00:00, 81.80it/s, loss=0.4202]
Epoch 98/100:  24%|██▎       | 18/76 [00:00<00:00, 81.80it/s, loss=0.4785]
Epoch 98/100:  24%|██▎       | 18/76 [00:00<00:00, 81.80it/s, loss=0.4169]
Epoch 98/100:  36%|███▌      | 27/76 [00:00<00:00, 81.54it/s, loss=0.4169]
Epoch 98/100:  36%|███▌      | 27/76 [00:00<00:00, 81.54it/s, loss=0.4039]
Epoch 98/100:  36%|███▌      | 27/76 [00:00<00:00, 81.54it/s, loss=0.2860]
Epoch 98/100:  36%|███▌      | 27/76 [00:00<00:00, 81.54it/s, loss=0.3801]
Epoch 98/100:  36%|███▌      | 27/76 [00:00<00:00, 81.54it/s, loss=0.3207]
Epoch 98/100:  36%|███▌      | 27/76 [00:00<00:00, 81.54it/s, loss=0.3174]
Epoch 98/100:  36%|███▌      | 27/76 [00:00<00:00, 81.54it/s, loss=0.4103]
Epoch 98/100:  36%|███▌      | 27/76 [00:00<00:00, 81.54it/s, loss=0.4107]
Epoch 98/100:  36%|███▌      | 27/76 [00:00<00:00, 81.54it/s, loss=0.3970]
Epoch 98/100:  36%|███▌      | 27/76 [00:00<00:00, 81.54it/s, loss=0.4594]
Epoch 98/100:  47%|████▋     | 36/76 [00:00<00:00, 81.21it/s, loss=0.4594]
Epoch 98/100:  47%|████▋     | 36/76 [00:00<00:00, 81.21it/s, loss=0.5306]
Epoch 98/100:  47%|████▋     | 36/76 [00:00<00:00, 81.21it/s, loss=0.2963]
Epoch 98/100:  47%|████▋     | 36/76 [00:00<00:00, 81.21it/s, loss=0.4108]
Epoch 98/100:  47%|████▋     | 36/76 [00:00<00:00, 81.21it/s, loss=0.3525]
Epoch 98/100:  47%|████▋     | 36/76 [00:00<00:00, 81.21it/s, loss=0.3647]
Epoch 98/100:  47%|████▋     | 36/76 [00:00<00:00, 81.21it/s, loss=0.3105]
Epoch 98/100:  47%|████▋     | 36/76 [00:00<00:00, 81.21it/s, loss=0.3735]
Epoch 98/100:  47%|████▋     | 36/76 [00:00<00:00, 81.21it/s, loss=0.3112]
Epoch 98/100:  47%|████▋     | 36/76 [00:00<00:00, 81.21it/s, loss=0.4773]
Epoch 98/100:  59%|█████▉    | 45/76 [00:00<00:00, 81.40it/s, loss=0.4773]
Epoch 98/100:  59%|█████▉    | 45/76 [00:00<00:00, 81.40it/s, loss=0.3086]
Epoch 98/100:  59%|█████▉    | 45/76 [00:00<00:00, 81.40it/s, loss=0.5282]
Epoch 98/100:  59%|█████▉    | 45/76 [00:00<00:00, 81.40it/s, loss=0.4309]
Epoch 98/100:  59%|█████▉    | 45/76 [00:00<00:00, 81.40it/s, loss=0.4575]
Epoch 98/100:  59%|█████▉    | 45/76 [00:00<00:00, 81.40it/s, loss=0.3480]
Epoch 98/100:  59%|█████▉    | 45/76 [00:00<00:00, 81.40it/s, loss=0.2837]
Epoch 98/100:  59%|█████▉    | 45/76 [00:00<00:00, 81.40it/s, loss=0.3269]
Epoch 98/100:  59%|█████▉    | 45/76 [00:00<00:00, 81.40it/s, loss=0.4761]
Epoch 98/100:  59%|█████▉    | 45/76 [00:00<00:00, 81.40it/s, loss=0.3571]
Epoch 98/100:  71%|███████   | 54/76 [00:00<00:00, 81.51it/s, loss=0.3571]
Epoch 98/100:  71%|███████   | 54/76 [00:00<00:00, 81.51it/s, loss=0.2825]
Epoch 98/100:  71%|███████   | 54/76 [00:00<00:00, 81.51it/s, loss=0.2596]
Epoch 98/100:  71%|███████   | 54/76 [00:00<00:00, 81.51it/s, loss=0.2431]
Epoch 98/100:  71%|███████   | 54/76 [00:00<00:00, 81.51it/s, loss=0.4165]
Epoch 98/100:  71%|███████   | 54/76 [00:00<00:00, 81.51it/s, loss=0.3325]
Epoch 98/100:  71%|███████   | 54/76 [00:00<00:00, 81.51it/s, loss=0.5103]
Epoch 98/100:  71%|███████   | 54/76 [00:00<00:00, 81.51it/s, loss=0.3485]
Epoch 98/100:  71%|███████   | 54/76 [00:00<00:00, 81.51it/s, loss=0.2723]
Epoch 98/100:  71%|███████   | 54/76 [00:00<00:00, 81.51it/s, loss=0.2666]
Epoch 98/100:  83%|████████▎ | 63/76 [00:00<00:00, 81.58it/s, loss=0.2666]
Epoch 98/100:  83%|████████▎ | 63/76 [00:00<00:00, 81.58it/s, loss=0.2918]
Epoch 98/100:  83%|████████▎ | 63/76 [00:00<00:00, 81.58it/s, loss=0.4494]
Epoch 98/100:  83%|████████▎ | 63/76 [00:00<00:00, 81.58it/s, loss=0.3938]
Epoch 98/100:  83%|████████▎ | 63/76 [00:00<00:00, 81.58it/s, loss=0.4515]
Epoch 98/100:  83%|████████▎ | 63/76 [00:00<00:00, 81.58it/s, loss=0.3277]
Epoch 98/100:  83%|████████▎ | 63/76 [00:00<00:00, 81.58it/s, loss=0.3195]
Epoch 98/100:  83%|████████▎ | 63/76 [00:00<00:00, 81.58it/s, loss=0.3375]
Epoch 98/100:  83%|████████▎ | 63/76 [00:00<00:00, 81.58it/s, loss=0.3430]
Epoch 98/100:  83%|████████▎ | 63/76 [00:00<00:00, 81.58it/s, loss=0.4467]
Epoch 98/100:  95%|█████████▍| 72/76 [00:00<00:00, 81.50it/s, loss=0.4467]
Epoch 98/100:  95%|█████████▍| 72/76 [00:00<00:00, 81.50it/s, loss=0.3217]
Epoch 98/100:  95%|█████████▍| 72/76 [00:00<00:00, 81.50it/s, loss=0.3324]
Epoch 98/100:  95%|█████████▍| 72/76 [00:00<00:00, 81.50it/s, loss=0.2857]
Epoch 98/100:  95%|█████████▍| 72/76 [00:00<00:00, 81.50it/s, loss=0.3296]
Epoch 98/100: 100%|██████████| 76/76 [00:00<00:00, 81.52it/s, loss=0.3296]
Epoch 98/100 - avg_loss: 0.3610

Epoch 99/100:   0%|          | 0/76 [00:00<?, ?it/s]
Epoch 99/100:   0%|          | 0/76 [00:00<?, ?it/s, loss=0.3501]
Epoch 99/100:   0%|          | 0/76 [00:00<?, ?it/s, loss=0.2946]
Epoch 99/100:   0%|          | 0/76 [00:00<?, ?it/s, loss=0.2758]
Epoch 99/100:   0%|          | 0/76 [00:00<?, ?it/s, loss=0.3385]
Epoch 99/100:   0%|          | 0/76 [00:00<?, ?it/s, loss=0.2861]
Epoch 99/100:   0%|          | 0/76 [00:00<?, ?it/s, loss=0.4254]
Epoch 99/100:   0%|          | 0/76 [00:00<?, ?it/s, loss=0.3598]
Epoch 99/100:   0%|          | 0/76 [00:00<?, ?it/s, loss=0.4749]
Epoch 99/100:   0%|          | 0/76 [00:00<?, ?it/s, loss=0.2330]
Epoch 99/100:  12%|█▏        | 9/76 [00:00<00:00, 81.49it/s, loss=0.2330]
Epoch 99/100:  12%|█▏        | 9/76 [00:00<00:00, 81.49it/s, loss=0.2958]
Epoch 99/100:  12%|█▏        | 9/76 [00:00<00:00, 81.49it/s, loss=0.4080]
Epoch 99/100:  12%|█▏        | 9/76 [00:00<00:00, 81.49it/s, loss=0.2134]
Epoch 99/100:  12%|█▏        | 9/76 [00:00<00:00, 81.49it/s, loss=0.4795]
Epoch 99/100:  12%|█▏        | 9/76 [00:00<00:00, 81.49it/s, loss=0.3675]
Epoch 99/100:  12%|█▏        | 9/76 [00:00<00:00, 81.49it/s, loss=0.2093]
Epoch 99/100:  12%|█▏        | 9/76 [00:00<00:00, 81.49it/s, loss=0.4492]
Epoch 99/100:  12%|█▏        | 9/76 [00:00<00:00, 81.49it/s, loss=0.3095]
Epoch 99/100:  12%|█▏        | 9/76 [00:00<00:00, 81.49it/s, loss=0.4123]
Epoch 99/100:  24%|██▎       | 18/76 [00:00<00:00, 81.39it/s, loss=0.4123]
Epoch 99/100:  24%|██▎       | 18/76 [00:00<00:00, 81.39it/s, loss=0.4781]
Epoch 99/100:  24%|██▎       | 18/76 [00:00<00:00, 81.39it/s, loss=0.3170]
Epoch 99/100:  24%|██▎       | 18/76 [00:00<00:00, 81.39it/s, loss=0.3589]
Epoch 99/100:  24%|██▎       | 18/76 [00:00<00:00, 81.39it/s, loss=0.2571]
Epoch 99/100:  24%|██▎       | 18/76 [00:00<00:00, 81.39it/s, loss=0.4031]
Epoch 99/100:  24%|██▎       | 18/76 [00:00<00:00, 81.39it/s, loss=0.2349]
Epoch 99/100:  24%|██▎       | 18/76 [00:00<00:00, 81.39it/s, loss=0.2877]
Epoch 99/100:  24%|██▎       | 18/76 [00:00<00:00, 81.39it/s, loss=0.2647]
Epoch 99/100:  24%|██▎       | 18/76 [00:00<00:00, 81.39it/s, loss=0.4189]
Epoch 99/100:  36%|███▌      | 27/76 [00:00<00:00, 80.93it/s, loss=0.4189]
Epoch 99/100:  36%|███▌      | 27/76 [00:00<00:00, 80.93it/s, loss=0.2974]
Epoch 99/100:  36%|███▌      | 27/76 [00:00<00:00, 80.93it/s, loss=0.3351]
Epoch 99/100:  36%|███▌      | 27/76 [00:00<00:00, 80.93it/s, loss=0.3065]
Epoch 99/100:  36%|███▌      | 27/76 [00:00<00:00, 80.93it/s, loss=0.2719]
Epoch 99/100:  36%|███▌      | 27/76 [00:00<00:00, 80.93it/s, loss=0.3789]
Epoch 99/100:  36%|███▌      | 27/76 [00:00<00:00, 80.93it/s, loss=0.2544]
Epoch 99/100:  36%|███▌      | 27/76 [00:00<00:00, 80.93it/s, loss=0.4841]
Epoch 99/100:  36%|███▌      | 27/76 [00:00<00:00, 80.93it/s, loss=0.1919]
Epoch 99/100:  36%|███▌      | 27/76 [00:00<00:00, 80.93it/s, loss=0.4001]
Epoch 99/100:  47%|████▋     | 36/76 [00:00<00:00, 80.59it/s, loss=0.4001]
Epoch 99/100:  47%|████▋     | 36/76 [00:00<00:00, 80.59it/s, loss=0.2609]
Epoch 99/100:  47%|████▋     | 36/76 [00:00<00:00, 80.59it/s, loss=0.2278]
Epoch 99/100:  47%|████▋     | 36/76 [00:00<00:00, 80.59it/s, loss=0.3216]
Epoch 99/100:  47%|████▋     | 36/76 [00:00<00:00, 80.59it/s, loss=0.3101]
Epoch 99/100:  47%|████▋     | 36/76 [00:00<00:00, 80.59it/s, loss=0.3738]
Epoch 99/100:  47%|████▋     | 36/76 [00:00<00:00, 80.59it/s, loss=0.3319]
Epoch 99/100:  47%|████▋     | 36/76 [00:00<00:00, 80.59it/s, loss=0.3310]
Epoch 99/100:  47%|████▋     | 36/76 [00:00<00:00, 80.59it/s, loss=0.4506]
Epoch 99/100:  47%|████▋     | 36/76 [00:00<00:00, 80.59it/s, loss=0.4089]
Epoch 99/100:  59%|█████▉    | 45/76 [00:00<00:00, 80.91it/s, loss=0.4089]
Epoch 99/100:  59%|█████▉    | 45/76 [00:00<00:00, 80.91it/s, loss=0.4559]
Epoch 99/100:  59%|█████▉    | 45/76 [00:00<00:00, 80.91it/s, loss=0.4546]
Epoch 99/100:  59%|█████▉    | 45/76 [00:00<00:00, 80.91it/s, loss=0.4327]
Epoch 99/100:  59%|█████▉    | 45/76 [00:00<00:00, 80.91it/s, loss=0.3196]
Epoch 99/100:  59%|█████▉    | 45/76 [00:00<00:00, 80.91it/s, loss=0.3955]
Epoch 99/100:  59%|█████▉    | 45/76 [00:00<00:00, 80.91it/s, loss=0.4970]
Epoch 99/100:  59%|█████▉    | 45/76 [00:00<00:00, 80.91it/s, loss=0.5293]
Epoch 99/100:  59%|█████▉    | 45/76 [00:00<00:00, 80.91it/s, loss=0.3713]
Epoch 99/100:  59%|█████▉    | 45/76 [00:00<00:00, 80.91it/s, loss=0.4481]
Epoch 99/100:  71%|███████   | 54/76 [00:00<00:00, 80.93it/s, loss=0.4481]
Epoch 99/100:  71%|███████   | 54/76 [00:00<00:00, 80.93it/s, loss=0.4296]
Epoch 99/100:  71%|███████   | 54/76 [00:00<00:00, 80.93it/s, loss=0.3932]
Epoch 99/100:  71%|███████   | 54/76 [00:00<00:00, 80.93it/s, loss=0.2800]
Epoch 99/100:  71%|███████   | 54/76 [00:00<00:00, 80.93it/s, loss=0.2621]
Epoch 99/100:  71%|███████   | 54/76 [00:00<00:00, 80.93it/s, loss=0.3547]
Epoch 99/100:  71%|███████   | 54/76 [00:00<00:00, 80.93it/s, loss=0.3803]
Epoch 99/100:  71%|███████   | 54/76 [00:00<00:00, 80.93it/s, loss=0.4062]
Epoch 99/100:  71%|███████   | 54/76 [00:00<00:00, 80.93it/s, loss=0.2157]
Epoch 99/100:  71%|███████   | 54/76 [00:00<00:00, 80.93it/s, loss=0.1971]
Epoch 99/100:  83%|████████▎ | 63/76 [00:00<00:00, 81.19it/s, loss=0.1971]
Epoch 99/100:  83%|████████▎ | 63/76 [00:00<00:00, 81.19it/s, loss=0.3780]
Epoch 99/100:  83%|████████▎ | 63/76 [00:00<00:00, 81.19it/s, loss=0.3826]
Epoch 99/100:  83%|████████▎ | 63/76 [00:00<00:00, 81.19it/s, loss=0.3596]
Epoch 99/100:  83%|████████▎ | 63/76 [00:00<00:00, 81.19it/s, loss=0.4349]
Epoch 99/100:  83%|████████▎ | 63/76 [00:00<00:00, 81.19it/s, loss=0.1880]
Epoch 99/100:  83%|████████▎ | 63/76 [00:00<00:00, 81.19it/s, loss=0.3152]
Epoch 99/100:  83%|████████▎ | 63/76 [00:00<00:00, 81.19it/s, loss=0.3513]
Epoch 99/100:  83%|████████▎ | 63/76 [00:00<00:00, 81.19it/s, loss=0.3387]
Epoch 99/100:  83%|████████▎ | 63/76 [00:00<00:00, 81.19it/s, loss=0.3515]
Epoch 99/100:  95%|█████████▍| 72/76 [00:00<00:00, 81.32it/s, loss=0.3515]
Epoch 99/100:  95%|█████████▍| 72/76 [00:00<00:00, 81.32it/s, loss=0.3796]
Epoch 99/100:  95%|█████████▍| 72/76 [00:00<00:00, 81.32it/s, loss=0.3115]
Epoch 99/100:  95%|█████████▍| 72/76 [00:00<00:00, 81.32it/s, loss=0.4464]
Epoch 99/100:  95%|█████████▍| 72/76 [00:00<00:00, 81.32it/s, loss=0.2826]
Epoch 99/100: 100%|██████████| 76/76 [00:00<00:00, 81.03it/s, loss=0.2826]
Epoch 99/100 - avg_loss: 0.3485

Epoch 100/100:   0%|          | 0/76 [00:00<?, ?it/s]
Epoch 100/100:   0%|          | 0/76 [00:00<?, ?it/s, loss=0.2878]
Epoch 100/100:   0%|          | 0/76 [00:00<?, ?it/s, loss=0.3967]
Epoch 100/100:   0%|          | 0/76 [00:00<?, ?it/s, loss=0.3850]
Epoch 100/100:   0%|          | 0/76 [00:00<?, ?it/s, loss=0.2916]
Epoch 100/100:   0%|          | 0/76 [00:00<?, ?it/s, loss=0.4157]
Epoch 100/100:   0%|          | 0/76 [00:00<?, ?it/s, loss=0.4180]
Epoch 100/100:   0%|          | 0/76 [00:00<?, ?it/s, loss=0.3470]
Epoch 100/100:   0%|          | 0/76 [00:00<?, ?it/s, loss=0.1970]
Epoch 100/100:   0%|          | 0/76 [00:00<?, ?it/s, loss=0.2668]
Epoch 100/100:  12%|█▏        | 9/76 [00:00<00:00, 81.10it/s, loss=0.2668]
Epoch 100/100:  12%|█▏        | 9/76 [00:00<00:00, 81.10it/s, loss=0.4324]
Epoch 100/100:  12%|█▏        | 9/76 [00:00<00:00, 81.10it/s, loss=0.2473]
Epoch 100/100:  12%|█▏        | 9/76 [00:00<00:00, 81.10it/s, loss=0.4922]
Epoch 100/100:  12%|█▏        | 9/76 [00:00<00:00, 81.10it/s, loss=0.3423]
Epoch 100/100:  12%|█▏        | 9/76 [00:00<00:00, 81.10it/s, loss=0.3916]
Epoch 100/100:  12%|█▏        | 9/76 [00:00<00:00, 81.10it/s, loss=0.2213]
Epoch 100/100:  12%|█▏        | 9/76 [00:00<00:00, 81.10it/s, loss=0.5214]
Epoch 100/100:  12%|█▏        | 9/76 [00:00<00:00, 81.10it/s, loss=0.3956]
Epoch 100/100:  12%|█▏        | 9/76 [00:00<00:00, 81.10it/s, loss=0.2816]
Epoch 100/100:  24%|██▎       | 18/76 [00:00<00:00, 81.48it/s, loss=0.2816]
Epoch 100/100:  24%|██▎       | 18/76 [00:00<00:00, 81.48it/s, loss=0.2454]
Epoch 100/100:  24%|██▎       | 18/76 [00:00<00:00, 81.48it/s, loss=0.4469]
Epoch 100/100:  24%|██▎       | 18/76 [00:00<00:00, 81.48it/s, loss=0.2636]
Epoch 100/100:  24%|██▎       | 18/76 [00:00<00:00, 81.48it/s, loss=0.2464]
Epoch 100/100:  24%|██▎       | 18/76 [00:00<00:00, 81.48it/s, loss=0.3134]
Epoch 100/100:  24%|██▎       | 18/76 [00:00<00:00, 81.48it/s, loss=0.5511]
Epoch 100/100:  24%|██▎       | 18/76 [00:00<00:00, 81.48it/s, loss=0.3285]
Epoch 100/100:  24%|██▎       | 18/76 [00:00<00:00, 81.48it/s, loss=0.1702]
Epoch 100/100:  24%|██▎       | 18/76 [00:00<00:00, 81.48it/s, loss=0.4033]
Epoch 100/100:  36%|███▌      | 27/76 [00:00<00:00, 81.54it/s, loss=0.4033]
Epoch 100/100:  36%|███▌      | 27/76 [00:00<00:00, 81.54it/s, loss=0.2671]
Epoch 100/100:  36%|███▌      | 27/76 [00:00<00:00, 81.54it/s, loss=0.3711]
Epoch 100/100:  36%|███▌      | 27/76 [00:00<00:00, 81.54it/s, loss=0.1952]
Epoch 100/100:  36%|███▌      | 27/76 [00:00<00:00, 81.54it/s, loss=0.3814]
Epoch 100/100:  36%|███▌      | 27/76 [00:00<00:00, 81.54it/s, loss=0.4442]
Epoch 100/100:  36%|███▌      | 27/76 [00:00<00:00, 81.54it/s, loss=0.2958]
Epoch 100/100:  36%|███▌      | 27/76 [00:00<00:00, 81.54it/s, loss=0.2812]
Epoch 100/100:  36%|███▌      | 27/76 [00:00<00:00, 81.54it/s, loss=0.4401]
Epoch 100/100:  36%|███▌      | 27/76 [00:00<00:00, 81.54it/s, loss=0.3093]
Epoch 100/100:  47%|████▋     | 36/76 [00:00<00:00, 81.03it/s, loss=0.3093]
Epoch 100/100:  47%|████▋     | 36/76 [00:00<00:00, 81.03it/s, loss=0.3436]
Epoch 100/100:  47%|████▋     | 36/76 [00:00<00:00, 81.03it/s, loss=0.4093]
Epoch 100/100:  47%|████▋     | 36/76 [00:00<00:00, 81.03it/s, loss=0.3143]
Epoch 100/100:  47%|████▋     | 36/76 [00:00<00:00, 81.03it/s, loss=0.3557]
Epoch 100/100:  47%|████▋     | 36/76 [00:00<00:00, 81.03it/s, loss=0.3739]
Epoch 100/100:  47%|████▋     | 36/76 [00:00<00:00, 81.03it/s, loss=0.3730]
Epoch 100/100:  47%|████▋     | 36/76 [00:00<00:00, 81.03it/s, loss=0.2006]
Epoch 100/100:  47%|████▋     | 36/76 [00:00<00:00, 81.03it/s, loss=0.2992]
Epoch 100/100:  47%|████▋     | 36/76 [00:00<00:00, 81.03it/s, loss=0.3077]
Epoch 100/100:  59%|█████▉    | 45/76 [00:00<00:00, 81.00it/s, loss=0.3077]
Epoch 100/100:  59%|█████▉    | 45/76 [00:00<00:00, 81.00it/s, loss=0.4695]
Epoch 100/100:  59%|█████▉    | 45/76 [00:00<00:00, 81.00it/s, loss=0.3164]
Epoch 100/100:  59%|█████▉    | 45/76 [00:00<00:00, 81.00it/s, loss=0.2896]
Epoch 100/100:  59%|█████▉    | 45/76 [00:00<00:00, 81.00it/s, loss=0.4365]
Epoch 100/100:  59%|█████▉    | 45/76 [00:00<00:00, 81.00it/s, loss=0.4294]
Epoch 100/100:  59%|█████▉    | 45/76 [00:00<00:00, 81.00it/s, loss=0.3183]
Epoch 100/100:  59%|█████▉    | 45/76 [00:00<00:00, 81.00it/s, loss=0.3703]
Epoch 100/100:  59%|█████▉    | 45/76 [00:00<00:00, 81.00it/s, loss=0.3632]
Epoch 100/100:  59%|█████▉    | 45/76 [00:00<00:00, 81.00it/s, loss=0.2579]
Epoch 100/100:  71%|███████   | 54/76 [00:00<00:00, 81.23it/s, loss=0.2579]
Epoch 100/100:  71%|███████   | 54/76 [00:00<00:00, 81.23it/s, loss=0.4100]
Epoch 100/100:  71%|███████   | 54/76 [00:00<00:00, 81.23it/s, loss=0.4170]
Epoch 100/100:  71%|███████   | 54/76 [00:00<00:00, 81.23it/s, loss=0.3060]
Epoch 100/100:  71%|███████   | 54/76 [00:00<00:00, 81.23it/s, loss=0.3203]
Epoch 100/100:  71%|███████   | 54/76 [00:00<00:00, 81.23it/s, loss=0.3452]
Epoch 100/100:  71%|███████   | 54/76 [00:00<00:00, 81.23it/s, loss=0.4745]
Epoch 100/100:  71%|███████   | 54/76 [00:00<00:00, 81.23it/s, loss=0.2069]
Epoch 100/100:  71%|███████   | 54/76 [00:00<00:00, 81.23it/s, loss=0.3046]
Epoch 100/100:  71%|███████   | 54/76 [00:00<00:00, 81.23it/s, loss=0.3435]
Epoch 100/100:  83%|████████▎ | 63/76 [00:00<00:00, 81.39it/s, loss=0.3435]
Epoch 100/100:  83%|████████▎ | 63/76 [00:00<00:00, 81.39it/s, loss=0.3798]
Epoch 100/100:  83%|████████▎ | 63/76 [00:00<00:00, 81.39it/s, loss=0.4108]
Epoch 100/100:  83%|████████▎ | 63/76 [00:00<00:00, 81.39it/s, loss=0.2749]
Epoch 100/100:  83%|████████▎ | 63/76 [00:00<00:00, 81.39it/s, loss=0.2787]
Epoch 100/100:  83%|████████▎ | 63/76 [00:00<00:00, 81.39it/s, loss=0.3016]
Epoch 100/100:  83%|████████▎ | 63/76 [00:00<00:00, 81.39it/s, loss=0.2233]
Epoch 100/100:  83%|████████▎ | 63/76 [00:00<00:00, 81.39it/s, loss=0.4054]
Epoch 100/100:  83%|████████▎ | 63/76 [00:00<00:00, 81.39it/s, loss=0.2710]
Epoch 100/100:  83%|████████▎ | 63/76 [00:00<00:00, 81.39it/s, loss=0.3131]
Epoch 100/100:  95%|█████████▍| 72/76 [00:00<00:00, 81.47it/s, loss=0.3131]
Epoch 100/100:  95%|█████████▍| 72/76 [00:00<00:00, 81.47it/s, loss=0.3349]
Epoch 100/100:  95%|█████████▍| 72/76 [00:00<00:00, 81.47it/s, loss=0.3536]
Epoch 100/100:  95%|█████████▍| 72/76 [00:00<00:00, 81.47it/s, loss=0.3128]
Epoch 100/100:  95%|█████████▍| 72/76 [00:00<00:00, 81.47it/s, loss=0.3039]
Epoch 100/100: 100%|██████████| 76/76 [00:00<00:00, 81.34it/s, loss=0.3039]
Epoch 100/100 - avg_loss: 0.3396
[Eval-Candidate][epoch 100] (samples=519, candidates=100) HR@10: 0.6994, HR@20: 0.7919, NDCG@10: 0.5197, NDCG@20: 0.5431

=== 测试集评估 ===
[Test-Candidate] (samples=521, candidates=100) HR@10: 0.6449, HR@20: 0.7294, NDCG@10: 0.4825, NDCG@20: 0.5039
